<!DOCTYPE GroundTruth>
<dataset name="P2E_S1_C2">
 <frame number="00000000"/>
 <frame number="00000001"/>
 <frame number="00000002"/>
 <frame number="00000003"/>
 <frame number="00000004"/>
 <frame number="00000005"/>
 <frame number="00000006"/>
 <frame number="00000007"/>
 <frame number="00000008"/>
 <frame number="00000009"/>
 <frame number="00000010"/>
 <frame number="00000011"/>
 <frame number="00000012"/>
 <frame number="00000013"/>
 <frame number="00000014"/>
 <frame number="00000015"/>
 <frame number="00000016"/>
 <frame number="00000017"/>
 <frame number="00000018"/>
 <frame number="00000019"/>
 <frame number="00000020"/>
 <frame number="00000021"/>
 <frame number="00000022"/>
 <frame number="00000023"/>
 <frame number="00000024"/>
 <frame number="00000025"/>
 <frame number="00000026"/>
 <frame number="00000027"/>
 <frame number="00000028"/>
 <frame number="00000029"/>
 <frame number="00000030"/>
 <frame number="00000031"/>
 <frame number="00000032"/>
 <frame number="00000033"/>
 <frame number="00000034"/>
 <frame number="00000035"/>
 <frame number="00000036"/>
 <frame number="00000037"/>
 <frame number="00000038"/>
 <frame number="00000039"/>
 <frame number="00000040"/>
 <frame number="00000041"/>
 <frame number="00000042"/>
 <frame number="00000043"/>
 <frame number="00000044"/>
 <frame number="00000045"/>
 <frame number="00000046"/>
 <frame number="00000047"/>
 <frame number="00000048"/>
 <frame number="00000049"/>
 <frame number="00000050"/>
 <frame number="00000051"/>
 <frame number="00000052"/>
 <frame number="00000053"/>
 <frame number="00000054"/>
 <frame number="00000055"/>
 <frame number="00000056"/>
 <frame number="00000057"/>
 <frame number="00000058"/>
 <frame number="00000059"/>
 <frame number="00000060"/>
 <frame number="00000061"/>
 <frame number="00000062"/>
 <frame number="00000063"/>
 <frame number="00000064"/>
 <frame number="00000065"/>
 <frame number="00000066"/>
 <frame number="00000067"/>
 <frame number="00000068"/>
 <frame number="00000069"/>
 <frame number="00000070"/>
 <frame number="00000071"/>
 <frame number="00000072"/>
 <frame number="00000073"/>
 <frame number="00000074"/>
 <frame number="00000075"/>
 <frame number="00000076"/>
 <frame number="00000077"/>
 <frame number="00000078"/>
 <frame number="00000079"/>
 <frame number="00000080"/>
 <frame number="00000081"/>
 <frame number="00000082"/>
 <frame number="00000083"/>
 <frame number="00000084"/>
 <frame number="00000085"/>
 <frame number="00000086"/>
 <frame number="00000087"/>
 <frame number="00000088"/>
 <frame number="00000089"/>
 <frame number="00000090"/>
 <frame number="00000091"/>
 <frame number="00000092"/>
 <frame number="00000093"/>
 <frame number="00000094"/>
 <frame number="00000095"/>
 <frame number="00000096"/>
 <frame number="00000097"/>
 <frame number="00000098"/>
 <frame number="00000099"/>
 <frame number="00000127"/>
 <frame number="00000128"/>
 <frame number="00000129"/>
 <frame number="00000130"/>
 <frame number="00000131"/>
 <frame number="00000132"/>
 <frame number="00000133"/>
 <frame number="00000134"/>
 <frame number="00000135"/>
 <frame number="00000136"/>
 <frame number="00000137"/>
 <frame number="00000138"/>
 <frame number="00000139"/>
 <frame number="00000140"/>
 <frame number="00000141"/>
 <frame number="00000142"/>
 <frame number="00000143"/>
 <frame number="00000144"/>
 <frame number="00000145"/>
 <frame number="00000146"/>
 <frame number="00000147"/>
 <frame number="00000148"/>
 <frame number="00000149"/>
 <frame number="00000150"/>
 <frame number="00000151"/>
 <frame number="00000152"/>
 <frame number="00000153"/>
 <frame number="00000154"/>
 <frame number="00000155"/>
 <frame number="00000156"/>
 <frame number="00000157"/>
 <frame number="00000158"/>
 <frame number="00000159"/>
 <frame number="00000160"/>
 <frame number="00000161"/>
 <frame number="00000162"/>
 <frame number="00000163"/>
 <frame number="00000164"/>
 <frame number="00000165"/>
 <frame number="00000166"/>
 <frame number="00000167"/>
 <frame number="00000168"/>
 <frame number="00000169"/>
 <frame number="00000170"/>
 <frame number="00000171"/>
 <frame number="00000172"/>
 <frame number="00000173"/>
 <frame number="00000174">
  <person id="0015">
   <leftEye x="616" y="148"/>
   <rightEye x="632" y="149"/>
  </person>
 </frame>
 <frame number="00000175">
  <person id="0015">
   <leftEye x="614" y="148"/>
   <rightEye x="629" y="148"/>
  </person>
 </frame>
 <frame number="00000176">
  <person id="0015">
   <leftEye x="611" y="147"/>
   <rightEye x="626" y="147"/>
  </person>
 </frame>
 <frame number="00000177">
  <person id="0015">
   <leftEye x="609" y="146"/>
   <rightEye x="623" y="146"/>
  </person>
 </frame>
 <frame number="00000178">
  <person id="0015">
   <leftEye x="606" y="145"/>
   <rightEye x="621" y="145"/>
  </person>
 </frame>
 <frame number="00000179">
  <person id="0015">
   <leftEye x="602" y="144"/>
   <rightEye x="618" y="144"/>
  </person>
 </frame>
 <frame number="00000180">
  <person id="0015">
   <leftEye x="599" y="143"/>
   <rightEye x="615" y="143"/>
  </person>
 </frame>
 <frame number="00000181">
  <person id="0015">
   <leftEye x="596" y="143"/>
   <rightEye x="612" y="143"/>
  </person>
 </frame>
 <frame number="00000182">
  <person id="0015">
   <leftEye x="593" y="142"/>
   <rightEye x="609" y="142"/>
  </person>
 </frame>
 <frame number="00000183">
  <person id="0015">
   <leftEye x="590" y="142"/>
   <rightEye x="606" y="142"/>
  </person>
 </frame>
 <frame number="00000184">
  <person id="0015">
   <leftEye x="587" y="142"/>
   <rightEye x="603" y="142"/>
  </person>
 </frame>
 <frame number="00000185">
  <person id="0015">
   <leftEye x="584" y="144"/>
   <rightEye x="600" y="144"/>
  </person>
 </frame>
 <frame number="00000186">
  <person id="0015">
   <leftEye x="581" y="146"/>
   <rightEye x="597" y="146"/>
  </person>
 </frame>
 <frame number="00000187">
  <person id="0015">
   <leftEye x="577" y="148"/>
   <rightEye x="594" y="148"/>
  </person>
 </frame>
 <frame number="00000188">
  <person id="0015">
   <leftEye x="574" y="150"/>
   <rightEye x="591" y="150"/>
  </person>
 </frame>
 <frame number="00000189">
  <person id="0015">
   <leftEye x="571" y="152"/>
   <rightEye x="588" y="152"/>
  </person>
 </frame>
 <frame number="00000190">
  <person id="0015">
   <leftEye x="568" y="153"/>
   <rightEye x="585" y="153"/>
  </person>
 </frame>
 <frame number="00000191">
  <person id="0015">
   <leftEye x="565" y="153"/>
   <rightEye x="582" y="153"/>
  </person>
 </frame>
 <frame number="00000192">
  <person id="0015">
   <leftEye x="562" y="152"/>
   <rightEye x="580" y="152"/>
  </person>
 </frame>
 <frame number="00000193">
  <person id="0015">
   <leftEye x="560" y="151"/>
   <rightEye x="578" y="151"/>
  </person>
 </frame>
 <frame number="00000194">
  <person id="0015">
   <leftEye x="558" y="150"/>
   <rightEye x="576" y="150"/>
  </person>
 </frame>
 <frame number="00000195">
  <person id="0015">
   <leftEye x="557" y="150"/>
   <rightEye x="575" y="150"/>
  </person>
 </frame>
 <frame number="00000196">
  <person id="0015">
   <leftEye x="556" y="149"/>
   <rightEye x="575" y="149"/>
  </person>
 </frame>
 <frame number="00000197">
  <person id="0015">
   <leftEye x="556" y="149"/>
   <rightEye x="575" y="149"/>
  </person>
 </frame>
 <frame number="00000198">
  <person id="0015">
   <leftEye x="556" y="150"/>
   <rightEye x="575" y="150"/>
  </person>
 </frame>
 <frame number="00000199">
  <person id="0015">
   <leftEye x="556" y="151"/>
   <rightEye x="575" y="151"/>
  </person>
 </frame>
 <frame number="00000200">
  <person id="0015">
   <leftEye x="556" y="153"/>
   <rightEye x="575" y="153"/>
  </person>
 </frame>
 <frame number="00000201">
  <person id="0015">
   <leftEye x="557" y="156"/>
   <rightEye x="576" y="156"/>
  </person>
 </frame>
 <frame number="00000202">
  <person id="0015">
   <leftEye x="558" y="160"/>
   <rightEye x="578" y="160"/>
  </person>
 </frame>
 <frame number="00000203">
  <person id="0015">
   <leftEye x="559" y="163"/>
   <rightEye x="579" y="163"/>
  </person>
 </frame>
 <frame number="00000204">
  <person id="0015">
   <leftEye x="561" y="166"/>
   <rightEye x="580" y="166"/>
  </person>
 </frame>
 <frame number="00000205">
  <person id="0015">
   <leftEye x="563" y="169"/>
   <rightEye x="582" y="169"/>
  </person>
 </frame>
 <frame number="00000206">
  <person id="0015">
   <leftEye x="565" y="171"/>
   <rightEye x="584" y="171"/>
  </person>
 </frame>
 <frame number="00000207">
  <person id="0015">
   <leftEye x="567" y="172"/>
   <rightEye x="586" y="172"/>
  </person>
 </frame>
 <frame number="00000208">
  <person id="0015">
   <leftEye x="568" y="172"/>
   <rightEye x="589" y="172"/>
  </person>
 </frame>
 <frame number="00000209">
  <person id="0015">
   <leftEye x="570" y="171"/>
   <rightEye x="592" y="171"/>
  </person>
 </frame>
 <frame number="00000210">
  <person id="0015">
   <leftEye x="572" y="171"/>
   <rightEye x="594" y="170"/>
  </person>
 </frame>
 <frame number="00000211">
  <person id="0015">
   <leftEye x="573" y="170"/>
   <rightEye x="595" y="170"/>
  </person>
 </frame>
 <frame number="00000212">
  <person id="0015">
   <leftEye x="574" y="169"/>
   <rightEye x="597" y="169"/>
  </person>
 </frame>
 <frame number="00000213">
  <person id="0015">
   <leftEye x="575" y="168"/>
   <rightEye x="598" y="168"/>
  </person>
 </frame>
 <frame number="00000214">
  <person id="0015">
   <leftEye x="576" y="168"/>
   <rightEye x="599" y="167"/>
  </person>
 </frame>
 <frame number="00000215">
  <person id="0015">
   <leftEye x="577" y="168"/>
   <rightEye x="600" y="167"/>
  </person>
 </frame>
 <frame number="00000216">
  <person id="0015">
   <leftEye x="578" y="169"/>
   <rightEye x="601" y="169"/>
  </person>
 </frame>
 <frame number="00000217">
  <person id="0015">
   <leftEye x="580" y="172"/>
   <rightEye x="602" y="171"/>
  </person>
 </frame>
 <frame number="00000218">
  <person id="0015">
   <leftEye x="581" y="176"/>
   <rightEye x="604" y="175"/>
  </person>
 </frame>
 <frame number="00000219">
  <person id="0015">
   <leftEye x="582" y="181"/>
   <rightEye x="606" y="180"/>
  </person>
 </frame>
 <frame number="00000220">
  <person id="0015">
   <leftEye x="583" y="186"/>
   <rightEye x="608" y="185"/>
  </person>
 </frame>
 <frame number="00000221">
  <person id="0015">
   <leftEye x="585" y="190"/>
   <rightEye x="610" y="190"/>
  </person>
 </frame>
 <frame number="00000222">
  <person id="0015">
   <leftEye x="587" y="195"/>
   <rightEye x="612" y="195"/>
  </person>
 </frame>
 <frame number="00000223">
  <person id="0015">
   <leftEye x="588" y="198"/>
   <rightEye x="614" y="198"/>
  </person>
 </frame>
 <frame number="00000224">
  <person id="0015">
   <leftEye x="591" y="200"/>
   <rightEye x="616" y="199"/>
  </person>
 </frame>
 <frame number="00000225">
  <person id="0015">
   <leftEye x="593" y="200"/>
   <rightEye x="618" y="199"/>
  </person>
 </frame>
 <frame number="00000226">
  <person id="0015">
   <leftEye x="595" y="200"/>
   <rightEye x="621" y="199"/>
  </person>
 </frame>
 <frame number="00000227">
  <person id="0015">
   <leftEye x="598" y="200"/>
   <rightEye x="626" y="199"/>
  </person>
 </frame>
 <frame number="00000228">
  <person id="0015">
   <leftEye x="602" y="200"/>
   <rightEye x="631" y="199"/>
  </person>
 </frame>
 <frame number="00000229">
  <person id="0015">
   <leftEye x="606" y="200"/>
   <rightEye x="636" y="199"/>
  </person>
 </frame>
 <frame number="00000230">
  <person id="0015">
   <leftEye x="611" y="201"/>
   <rightEye x="641" y="200"/>
  </person>
 </frame>
 <frame number="00000231">
  <person id="0015">
   <leftEye x="616" y="203"/>
   <rightEye x="646" y="201"/>
  </person>
 </frame>
 <frame number="00000232">
  <person id="0015">
   <leftEye x="621" y="207"/>
   <rightEye x="652" y="205"/>
  </person>
 </frame>
 <frame number="00000233">
  <person id="0015">
   <leftEye x="627" y="212"/>
   <rightEye x="659" y="210"/>
  </person>
 </frame>
 <frame number="00000234">
  <person id="0015">
   <leftEye x="634" y="219"/>
   <rightEye x="666" y="217"/>
  </person>
 </frame>
 <frame number="00000235">
  <person id="0015">
   <leftEye x="641" y="227"/>
   <rightEye x="673" y="225"/>
  </person>
 </frame>
 <frame number="00000236">
  <person id="0015">
   <leftEye x="646" y="233"/>
   <rightEye x="679" y="230"/>
  </person>
 </frame>
 <frame number="00000237">
  <person id="0015">
   <leftEye x="653" y="241"/>
   <rightEye x="688" y="238"/>
  </person>
 </frame>
 <frame number="00000238">
  <person id="0015">
   <leftEye x="664" y="252"/>
   <rightEye x="700" y="250"/>
  </person>
 </frame>
 <frame number="00000239">
  <person id="0015">
   <leftEye x="675" y="259"/>
   <rightEye x="710" y="257"/>
  </person>
 </frame>
 <frame number="00000240">
  <person id="0015">
   <leftEye x="687" y="264"/>
   <rightEye x="722" y="261"/>
  </person>
 </frame>
 <frame number="00000241">
  <person id="0015">
   <leftEye x="695" y="267"/>
   <rightEye x="730" y="263"/>
  </person>
 </frame>
 <frame number="00000242">
  <person id="0015">
   <leftEye x="706" y="270"/>
   <rightEye x="742" y="265"/>
  </person>
 </frame>
 <frame number="00000243">
  <person id="0015">
   <leftEye x="717" y="272"/>
   <rightEye x="755" y="268"/>
  </person>
 </frame>
 <frame number="00000244">
  <person id="0015">
   <leftEye x="725" y="273"/>
   <rightEye x="763" y="269"/>
  </person>
 </frame>
 <frame number="00000245">
  <person id="0015">
   <leftEye x="735" y="274"/>
   <rightEye x="774" y="270"/>
  </person>
 </frame>
 <frame number="00000246">
  <person id="0015">
   <leftEye x="747" y="276"/>
   <rightEye x="787" y="271"/>
  </person>
 </frame>
 <frame number="00000247"/>
 <frame number="00000248"/>
 <frame number="00000249"/>
 <frame number="00000250"/>
 <frame number="00000251"/>
 <frame number="00000252"/>
 <frame number="00000253"/>
 <frame number="00000254"/>
 <frame number="00000255"/>
 <frame number="00000256"/>
 <frame number="00000257"/>
 <frame number="00000258"/>
 <frame number="00000259"/>
 <frame number="00000260"/>
 <frame number="00000261"/>
 <frame number="00000262"/>
 <frame number="00000263"/>
 <frame number="00000264"/>
 <frame number="00000265"/>
 <frame number="00000266"/>
 <frame number="00000267"/>
 <frame number="00000268"/>
 <frame number="00000269"/>
 <frame number="00000270"/>
 <frame number="00000333"/>
 <frame number="00000334"/>
 <frame number="00000335"/>
 <frame number="00000336"/>
 <frame number="00000337"/>
 <frame number="00000338"/>
 <frame number="00000339"/>
 <frame number="00000340"/>
 <frame number="00000341"/>
 <frame number="00000342"/>
 <frame number="00000343"/>
 <frame number="00000344"/>
 <frame number="00000345"/>
 <frame number="00000346"/>
 <frame number="00000347"/>
 <frame number="00000348"/>
 <frame number="00000349"/>
 <frame number="00000350"/>
 <frame number="00000351"/>
 <frame number="00000352"/>
 <frame number="00000353"/>
 <frame number="00000354"/>
 <frame number="00000355"/>
 <frame number="00000356"/>
 <frame number="00000357"/>
 <frame number="00000358"/>
 <frame number="00000359"/>
 <frame number="00000360"/>
 <frame number="00000361"/>
 <frame number="00000362"/>
 <frame number="00000363"/>
 <frame number="00000364"/>
 <frame number="00000365"/>
 <frame number="00000366"/>
 <frame number="00000367"/>
 <frame number="00000368"/>
 <frame number="00000369"/>
 <frame number="00000370"/>
 <frame number="00000371"/>
 <frame number="00000372"/>
 <frame number="00000373"/>
 <frame number="00000374"/>
 <frame number="00000375"/>
 <frame number="00000376"/>
 <frame number="00000377"/>
 <frame number="00000378"/>
 <frame number="00000379"/>
 <frame number="00000380"/>
 <frame number="00000381"/>
 <frame number="00000382"/>
 <frame number="00000383">
  <person id="0021">
   <leftEye x="596" y="140"/>
   <rightEye x="612" y="141"/>
  </person>
 </frame>
 <frame number="00000384">
  <person id="0021">
   <leftEye x="592" y="142"/>
   <rightEye x="607" y="142"/>
  </person>
 </frame>
 <frame number="00000385">
  <person id="0021">
   <leftEye x="588" y="144"/>
   <rightEye x="603" y="144"/>
  </person>
 </frame>
 <frame number="00000386">
  <person id="0021">
   <leftEye x="584" y="146"/>
   <rightEye x="599" y="146"/>
  </person>
 </frame>
 <frame number="00000387">
  <person id="0021">
   <leftEye x="580" y="148"/>
   <rightEye x="595" y="148"/>
  </person>
 </frame>
 <frame number="00000388">
  <person id="0021">
   <leftEye x="575" y="151"/>
   <rightEye x="591" y="151"/>
  </person>
 </frame>
 <frame number="00000389">
  <person id="0021">
   <leftEye x="570" y="153"/>
   <rightEye x="586" y="153"/>
  </person>
 </frame>
 <frame number="00000390">
  <person id="0021">
   <leftEye x="565" y="154"/>
   <rightEye x="582" y="154"/>
  </person>
 </frame>
 <frame number="00000391">
  <person id="0021">
   <leftEye x="560" y="155"/>
   <rightEye x="577" y="155"/>
  </person>
 </frame>
 <frame number="00000392">
  <person id="0021">
   <leftEye x="556" y="155"/>
   <rightEye x="573" y="155"/>
  </person>
 </frame>
 <frame number="00000393">
  <person id="0021">
   <leftEye x="552" y="155"/>
   <rightEye x="569" y="155"/>
  </person>
 </frame>
 <frame number="00000394">
  <person id="0021">
   <leftEye x="548" y="154"/>
   <rightEye x="565" y="154"/>
  </person>
 </frame>
 <frame number="00000395">
  <person id="0021">
   <leftEye x="545" y="153"/>
   <rightEye x="562" y="153"/>
  </person>
 </frame>
 <frame number="00000396">
  <person id="0021">
   <leftEye x="542" y="152"/>
   <rightEye x="560" y="152"/>
  </person>
 </frame>
 <frame number="00000397">
  <person id="0021">
   <leftEye x="540" y="152"/>
   <rightEye x="558" y="151"/>
  </person>
 </frame>
 <frame number="00000398">
  <person id="0021">
   <leftEye x="538" y="152"/>
   <rightEye x="557" y="151"/>
  </person>
 </frame>
 <frame number="00000399">
  <person id="0021">
   <leftEye x="537" y="153"/>
   <rightEye x="556" y="152"/>
  </person>
 </frame>
 <frame number="00000400">
  <person id="0021">
   <leftEye x="536" y="154"/>
   <rightEye x="555" y="154"/>
  </person>
 </frame>
 <frame number="00000401">
  <person id="0021">
   <leftEye x="535" y="156"/>
   <rightEye x="554" y="156"/>
  </person>
 </frame>
 <frame number="00000402">
  <person id="0021">
   <leftEye x="535" y="159"/>
   <rightEye x="554" y="159"/>
  </person>
 </frame>
 <frame number="00000403">
  <person id="0021">
   <leftEye x="535" y="162"/>
   <rightEye x="554" y="162"/>
  </person>
 </frame>
 <frame number="00000404">
  <person id="0021">
   <leftEye x="535" y="165"/>
   <rightEye x="555" y="165"/>
  </person>
 </frame>
 <frame number="00000405">
  <person id="0021">
   <leftEye x="536" y="168"/>
   <rightEye x="556" y="168"/>
  </person>
 </frame>
 <frame number="00000406">
  <person id="0021">
   <leftEye x="538" y="170"/>
   <rightEye x="557" y="170"/>
  </person>
 </frame>
 <frame number="00000407">
  <person id="0021">
   <leftEye x="540" y="171"/>
   <rightEye x="559" y="171"/>
  </person>
 </frame>
 <frame number="00000408">
  <person id="0021">
   <leftEye x="542" y="171"/>
   <rightEye x="561" y="171"/>
  </person>
 </frame>
 <frame number="00000409">
  <person id="0021">
   <leftEye x="543" y="171"/>
   <rightEye x="563" y="171"/>
  </person>
 </frame>
 <frame number="00000410">
  <person id="0021">
   <leftEye x="545" y="171"/>
   <rightEye x="565" y="171"/>
  </person>
 </frame>
 <frame number="00000411">
  <person id="0021">
   <leftEye x="547" y="171"/>
   <rightEye x="567" y="171"/>
  </person>
 </frame>
 <frame number="00000412">
  <person id="0021">
   <leftEye x="548" y="170"/>
   <rightEye x="568" y="170"/>
  </person>
 </frame>
 <frame number="00000413">
  <person id="0021">
   <leftEye x="548" y="169"/>
   <rightEye x="569" y="169"/>
  </person>
 </frame>
 <frame number="00000414">
  <person id="0021">
   <leftEye x="548" y="169"/>
   <rightEye x="570" y="169"/>
  </person>
 </frame>
 <frame number="00000415">
  <person id="0021">
   <leftEye x="549" y="169"/>
   <rightEye x="570" y="169"/>
  </person>
 </frame>
 <frame number="00000416">
  <person id="0021">
   <leftEye x="549" y="170"/>
   <rightEye x="571" y="170"/>
  </person>
 </frame>
 <frame number="00000417">
  <person id="0021">
   <leftEye x="549" y="171"/>
   <rightEye x="572" y="172"/>
  </person>
 </frame>
 <frame number="00000418">
  <person id="0021">
   <leftEye x="550" y="174"/>
   <rightEye x="573" y="175"/>
  </person>
 </frame>
 <frame number="00000419">
  <person id="0021">
   <leftEye x="551" y="179"/>
   <rightEye x="574" y="179"/>
  </person>
 </frame>
 <frame number="00000420">
  <person id="0021">
   <leftEye x="551" y="185"/>
   <rightEye x="575" y="184"/>
  </person>
 </frame>
 <frame number="00000421">
  <person id="0021">
   <leftEye x="551" y="190"/>
   <rightEye x="576" y="189"/>
  </person>
 </frame>
 <frame number="00000422">
  <person id="0021">
   <leftEye x="551" y="194"/>
   <rightEye x="576" y="193"/>
  </person>
 </frame>
 <frame number="00000423">
  <person id="0021">
   <leftEye x="551" y="197"/>
   <rightEye x="577" y="195"/>
  </person>
 </frame>
 <frame number="00000424">
  <person id="0021">
   <leftEye x="552" y="198"/>
   <rightEye x="578" y="197"/>
  </person>
 </frame>
 <frame number="00000425">
  <person id="0021">
   <leftEye x="553" y="199"/>
   <rightEye x="579" y="198"/>
  </person>
 </frame>
 <frame number="00000426">
  <person id="0021">
   <leftEye x="553" y="200"/>
   <rightEye x="580" y="198"/>
  </person>
 </frame>
 <frame number="00000427">
  <person id="0021">
   <leftEye x="554" y="200"/>
   <rightEye x="582" y="199"/>
  </person>
 </frame>
 <frame number="00000428">
  <person id="0021">
   <leftEye x="556" y="200"/>
   <rightEye x="584" y="199"/>
  </person>
 </frame>
 <frame number="00000429">
  <person id="0021">
   <leftEye x="559" y="200"/>
   <rightEye x="588" y="199"/>
  </person>
 </frame>
 <frame number="00000430">
  <person id="0021">
   <leftEye x="563" y="201"/>
   <rightEye x="593" y="199"/>
  </person>
 </frame>
 <frame number="00000431">
  <person id="0021">
   <leftEye x="568" y="202"/>
   <rightEye x="598" y="201"/>
  </person>
 </frame>
 <frame number="00000432">
  <person id="0021">
   <leftEye x="574" y="204"/>
   <rightEye x="604" y="203"/>
  </person>
 </frame>
 <frame number="00000433">
  <person id="0021">
   <leftEye x="579" y="208"/>
   <rightEye x="610" y="207"/>
  </person>
 </frame>
 <frame number="00000434">
  <person id="0021">
   <leftEye x="586" y="213"/>
   <rightEye x="616" y="213"/>
  </person>
 </frame>
 <frame number="00000435">
  <person id="0021">
   <leftEye x="594" y="220"/>
   <rightEye x="623" y="220"/>
  </person>
 </frame>
 <frame number="00000436">
  <person id="0021">
   <leftEye x="602" y="227"/>
   <rightEye x="632" y="228"/>
  </person>
 </frame>
 <frame number="00000437">
  <person id="0021">
   <leftEye x="611" y="234"/>
   <rightEye x="641" y="236"/>
  </person>
 </frame>
 <frame number="00000438">
  <person id="0021">
   <leftEye x="621" y="240"/>
   <rightEye x="652" y="242"/>
  </person>
 </frame>
 <frame number="00000439">
  <person id="0021">
   <leftEye x="631" y="245"/>
   <rightEye x="664" y="247"/>
  </person>
 </frame>
 <frame number="00000440">
  <person id="0021">
   <leftEye x="642" y="248"/>
   <rightEye x="675" y="250"/>
  </person>
 </frame>
 <frame number="00000441">
  <person id="0021">
   <leftEye x="652" y="250"/>
   <rightEye x="686" y="252"/>
  </person>
 </frame>
 <frame number="00000442">
  <person id="0021">
   <leftEye x="661" y="252"/>
   <rightEye x="696" y="254"/>
  </person>
 </frame>
 <frame number="00000443">
  <person id="0021">
   <leftEye x="669" y="254"/>
   <rightEye x="705" y="256"/>
  </person>
 </frame>
 <frame number="00000444">
  <person id="0021">
   <leftEye x="678" y="254"/>
   <rightEye x="713" y="256"/>
  </person>
 </frame>
 <frame number="00000445">
  <person id="0021">
   <leftEye x="685" y="253"/>
   <rightEye x="721" y="255"/>
  </person>
 </frame>
 <frame number="00000446">
  <person id="0021">
   <leftEye x="690" y="253"/>
   <rightEye x="728" y="255"/>
  </person>
 </frame>
 <frame number="00000447">
  <person id="0021">
   <leftEye x="696" y="255"/>
   <rightEye x="735" y="257"/>
  </person>
 </frame>
 <frame number="00000448">
  <person id="0021">
   <leftEye x="702" y="259"/>
   <rightEye x="742" y="260"/>
  </person>
 </frame>
 <frame number="00000449">
  <person id="0021">
   <leftEye x="708" y="265"/>
   <rightEye x="748" y="266"/>
  </person>
 </frame>
 <frame number="00000450">
  <person id="0021">
   <leftEye x="713" y="275"/>
   <rightEye x="755" y="275"/>
  </person>
 </frame>
 <frame number="00000451">
  <person id="0021">
   <leftEye x="720" y="286"/>
   <rightEye x="764" y="286"/>
  </person>
 </frame>
 <frame number="00000452">
  <person id="0021">
   <leftEye x="726" y="300"/>
   <rightEye x="772" y="299"/>
  </person>
 </frame>
 <frame number="00000453">
  <person id="0021">
   <leftEye x="732" y="315"/>
   <rightEye x="779" y="313"/>
  </person>
 </frame>
 <frame number="00000454">
  <person id="0021">
   <leftEye x="739" y="329"/>
   <rightEye x="786" y="327"/>
  </person>
 </frame>
 <frame number="00000455">
  <person id="0021">
   <leftEye x="746" y="342"/>
   <rightEye x="793" y="340"/>
  </person>
 </frame>
 <frame number="00000456"/>
 <frame number="00000457"/>
 <frame number="00000458"/>
 <frame number="00000459"/>
 <frame number="00000460"/>
 <frame number="00000461"/>
 <frame number="00000462"/>
 <frame number="00000463"/>
 <frame number="00000464"/>
 <frame number="00000465"/>
 <frame number="00000466"/>
 <frame number="00000467"/>
 <frame number="00000468"/>
 <frame number="00000469"/>
 <frame number="00000470"/>
 <frame number="00000471"/>
 <frame number="00000472"/>
 <frame number="00000473"/>
 <frame number="00000474"/>
 <frame number="00000475"/>
 <frame number="00000537"/>
 <frame number="00000538"/>
 <frame number="00000539"/>
 <frame number="00000540"/>
 <frame number="00000541"/>
 <frame number="00000542"/>
 <frame number="00000543"/>
 <frame number="00000544"/>
 <frame number="00000545"/>
 <frame number="00000546"/>
 <frame number="00000547"/>
 <frame number="00000548"/>
 <frame number="00000549"/>
 <frame number="00000550"/>
 <frame number="00000551"/>
 <frame number="00000552"/>
 <frame number="00000553"/>
 <frame number="00000554"/>
 <frame number="00000555"/>
 <frame number="00000556"/>
 <frame number="00000557"/>
 <frame number="00000558"/>
 <frame number="00000559"/>
 <frame number="00000560"/>
 <frame number="00000561"/>
 <frame number="00000562"/>
 <frame number="00000563"/>
 <frame number="00000564"/>
 <frame number="00000565"/>
 <frame number="00000566"/>
 <frame number="00000567"/>
 <frame number="00000568"/>
 <frame number="00000569"/>
 <frame number="00000570"/>
 <frame number="00000571"/>
 <frame number="00000572">
  <person id="0002">
   <leftEye x="605" y="145"/>
   <rightEye x="621" y="148"/>
  </person>
 </frame>
 <frame number="00000573">
  <person id="0002">
   <leftEye x="602" y="147"/>
   <rightEye x="618" y="149"/>
  </person>
 </frame>
 <frame number="00000574">
  <person id="0002">
   <leftEye x="599" y="149"/>
   <rightEye x="615" y="150"/>
  </person>
 </frame>
 <frame number="00000575">
  <person id="0002">
   <leftEye x="596" y="151"/>
   <rightEye x="612" y="152"/>
  </person>
 </frame>
 <frame number="00000576">
  <person id="0002">
   <leftEye x="593" y="153"/>
   <rightEye x="609" y="154"/>
  </person>
 </frame>
 <frame number="00000577">
  <person id="0002">
   <leftEye x="590" y="155"/>
   <rightEye x="606" y="156"/>
  </person>
 </frame>
 <frame number="00000578">
  <person id="0002">
   <leftEye x="587" y="157"/>
   <rightEye x="603" y="158"/>
  </person>
 </frame>
 <frame number="00000579">
  <person id="0002">
   <leftEye x="584" y="159"/>
   <rightEye x="601" y="159"/>
  </person>
 </frame>
 <frame number="00000580">
  <person id="0002">
   <leftEye x="581" y="159"/>
   <rightEye x="598" y="160"/>
  </person>
 </frame>
 <frame number="00000581">
  <person id="0002">
   <leftEye x="579" y="159"/>
   <rightEye x="596" y="160"/>
  </person>
 </frame>
 <frame number="00000582">
  <person id="0002">
   <leftEye x="576" y="158"/>
   <rightEye x="594" y="159"/>
  </person>
 </frame>
 <frame number="00000583">
  <person id="0002">
   <leftEye x="574" y="156"/>
   <rightEye x="592" y="157"/>
  </person>
 </frame>
 <frame number="00000584">
  <person id="0002">
   <leftEye x="572" y="154"/>
   <rightEye x="590" y="155"/>
  </person>
 </frame>
 <frame number="00000585">
  <person id="0002">
   <leftEye x="571" y="153"/>
   <rightEye x="589" y="154"/>
  </person>
 </frame>
 <frame number="00000586">
  <person id="0002">
   <leftEye x="571" y="152"/>
   <rightEye x="589" y="153"/>
  </person>
 </frame>
 <frame number="00000587">
  <person id="0002">
   <leftEye x="570" y="152"/>
   <rightEye x="588" y="152"/>
  </person>
 </frame>
 <frame number="00000588">
  <person id="0002">
   <leftEye x="569" y="152"/>
   <rightEye x="587" y="153"/>
  </person>
 </frame>
 <frame number="00000589">
  <person id="0002">
   <leftEye x="569" y="154"/>
   <rightEye x="587" y="154"/>
  </person>
 </frame>
 <frame number="00000590">
  <person id="0002">
   <leftEye x="569" y="156"/>
   <rightEye x="587" y="156"/>
  </person>
 </frame>
 <frame number="00000591">
  <person id="0002">
   <leftEye x="569" y="160"/>
   <rightEye x="588" y="160"/>
  </person>
 </frame>
 <frame number="00000592">
  <person id="0002">
   <leftEye x="569" y="166"/>
   <rightEye x="589" y="166"/>
  </person>
 </frame>
 <frame number="00000593">
  <person id="0002">
   <leftEye x="569" y="171"/>
   <rightEye x="589" y="171"/>
  </person>
 </frame>
 <frame number="00000594">
  <person id="0002">
   <leftEye x="570" y="174"/>
   <rightEye x="590" y="174"/>
  </person>
 </frame>
 <frame number="00000595">
  <person id="0002">
   <leftEye x="571" y="176"/>
   <rightEye x="591" y="177"/>
  </person>
 </frame>
 <frame number="00000596">
  <person id="0002">
   <leftEye x="573" y="177"/>
   <rightEye x="594" y="178"/>
  </person>
 </frame>
 <frame number="00000597">
  <person id="0002">
   <leftEye x="576" y="177"/>
   <rightEye x="597" y="178"/>
  </person>
 </frame>
 <frame number="00000598">
  <person id="0002">
   <leftEye x="578" y="177"/>
   <rightEye x="600" y="177"/>
  </person>
 </frame>
 <frame number="00000599">
  <person id="0002">
   <leftEye x="581" y="177"/>
   <rightEye x="603" y="178"/>
  </person>
 </frame>
 <frame number="00000600">
  <person id="0002">
   <leftEye x="583" y="177"/>
   <rightEye x="606" y="178"/>
  </person>
 </frame>
 <frame number="00000601">
  <person id="0002">
   <leftEye x="586" y="176"/>
   <rightEye x="609" y="177"/>
  </person>
 </frame>
 <frame number="00000602">
  <person id="0002">
   <leftEye x="588" y="177"/>
   <rightEye x="612" y="178"/>
  </person>
 </frame>
 <frame number="00000603">
  <person id="0002">
   <leftEye x="591" y="177"/>
   <rightEye x="614" y="178"/>
  </person>
 </frame>
 <frame number="00000604">
  <person id="0002">
   <leftEye x="594" y="178"/>
   <rightEye x="617" y="179"/>
  </person>
 </frame>
 <frame number="00000605">
  <person id="0002">
   <leftEye x="598" y="180"/>
   <rightEye x="622" y="181"/>
  </person>
 </frame>
 <frame number="00000606">
  <person id="0002">
   <leftEye x="601" y="183"/>
   <rightEye x="626" y="184"/>
  </person>
 </frame>
 <frame number="00000607">
  <person id="0002">
   <leftEye x="605" y="187"/>
   <rightEye x="631" y="188"/>
  </person>
 </frame>
 <frame number="00000608">
  <person id="0002">
   <leftEye x="610" y="192"/>
   <rightEye x="636" y="193"/>
  </person>
 </frame>
 <frame number="00000609">
  <person id="0002">
   <leftEye x="615" y="197"/>
   <rightEye x="641" y="199"/>
  </person>
 </frame>
 <frame number="00000610">
  <person id="0002">
   <leftEye x="620" y="201"/>
   <rightEye x="647" y="204"/>
  </person>
 </frame>
 <frame number="00000611">
  <person id="0002">
   <leftEye x="626" y="205"/>
   <rightEye x="652" y="210"/>
  </person>
 </frame>
 <frame number="00000612">
  <person id="0002">
   <leftEye x="630" y="208"/>
   <rightEye x="657" y="214"/>
  </person>
 </frame>
 <frame number="00000613">
  <person id="0002">
   <leftEye x="634" y="210"/>
   <rightEye x="662" y="216"/>
  </person>
 </frame>
 <frame number="00000614">
  <person id="0002">
   <leftEye x="638" y="210"/>
   <rightEye x="667" y="217"/>
  </person>
 </frame>
 <frame number="00000615">
  <person id="0002">
   <leftEye x="642" y="210"/>
   <rightEye x="671" y="217"/>
  </person>
 </frame>
 <frame number="00000616">
  <person id="0002">
   <leftEye x="648" y="209"/>
   <rightEye x="677" y="216"/>
  </person>
 </frame>
 <frame number="00000617">
  <person id="0002">
   <leftEye x="654" y="209"/>
   <rightEye x="684" y="216"/>
  </person>
 </frame>
 <frame number="00000618">
  <person id="0002">
   <leftEye x="661" y="210"/>
   <rightEye x="691" y="216"/>
  </person>
 </frame>
 <frame number="00000619">
  <person id="0002">
   <leftEye x="668" y="212"/>
   <rightEye x="699" y="217"/>
  </person>
 </frame>
 <frame number="00000620">
  <person id="0002">
   <leftEye x="675" y="216"/>
   <rightEye x="708" y="221"/>
  </person>
 </frame>
 <frame number="00000621">
  <person id="0002">
   <leftEye x="682" y="222"/>
   <rightEye x="716" y="226"/>
  </person>
 </frame>
 <frame number="00000622">
  <person id="0002">
   <leftEye x="690" y="229"/>
   <rightEye x="725" y="233"/>
  </person>
 </frame>
 <frame number="00000623">
  <person id="0002">
   <leftEye x="699" y="238"/>
   <rightEye x="733" y="242"/>
  </person>
 </frame>
 <frame number="00000624">
  <person id="0002">
   <leftEye x="708" y="247"/>
   <rightEye x="742" y="251"/>
  </person>
 </frame>
 <frame number="00000625">
  <person id="0002">
   <leftEye x="718" y="256"/>
   <rightEye x="753" y="259"/>
  </person>
 </frame>
 <frame number="00000626">
  <person id="0002">
   <leftEye x="729" y="265"/>
   <rightEye x="765" y="267"/>
  </person>
 </frame>
 <frame number="00000627">
  <person id="0002">
   <leftEye x="741" y="272"/>
   <rightEye x="778" y="274"/>
  </person>
 </frame>
 <frame number="00000628">
  <person id="0002">
   <leftEye x="755" y="279"/>
   <rightEye x="794" y="279"/>
  </person>
 </frame>
 <frame number="00000629"/>
 <frame number="00000630"/>
 <frame number="00000631"/>
 <frame number="00000632"/>
 <frame number="00000633"/>
 <frame number="00000634"/>
 <frame number="00000635"/>
 <frame number="00000636"/>
 <frame number="00000637"/>
 <frame number="00000638"/>
 <frame number="00000639"/>
 <frame number="00000640"/>
 <frame number="00000641"/>
 <frame number="00000642"/>
 <frame number="00000643"/>
 <frame number="00000644"/>
 <frame number="00000645"/>
 <frame number="00000646"/>
 <frame number="00000647"/>
 <frame number="00000648"/>
 <frame number="00000649"/>
 <frame number="00000650"/>
 <frame number="00000651"/>
 <frame number="00000652"/>
 <frame number="00000653"/>
 <frame number="00000719"/>
 <frame number="00000720"/>
 <frame number="00000721"/>
 <frame number="00000722"/>
 <frame number="00000723"/>
 <frame number="00000724"/>
 <frame number="00000725"/>
 <frame number="00000726"/>
 <frame number="00000727"/>
 <frame number="00000728"/>
 <frame number="00000729"/>
 <frame number="00000730"/>
 <frame number="00000731"/>
 <frame number="00000732"/>
 <frame number="00000733"/>
 <frame number="00000734"/>
 <frame number="00000735"/>
 <frame number="00000736"/>
 <frame number="00000737"/>
 <frame number="00000738"/>
 <frame number="00000739"/>
 <frame number="00000740"/>
 <frame number="00000741"/>
 <frame number="00000742"/>
 <frame number="00000743"/>
 <frame number="00000744"/>
 <frame number="00000745"/>
 <frame number="00000746"/>
 <frame number="00000747"/>
 <frame number="00000748"/>
 <frame number="00000749"/>
 <frame number="00000750"/>
 <frame number="00000751"/>
 <frame number="00000752"/>
 <frame number="00000753"/>
 <frame number="00000754"/>
 <frame number="00000755"/>
 <frame number="00000756"/>
 <frame number="00000757"/>
 <frame number="00000758"/>
 <frame number="00000759"/>
 <frame number="00000760"/>
 <frame number="00000761"/>
 <frame number="00000762"/>
 <frame number="00000763"/>
 <frame number="00000764"/>
 <frame number="00000765">
  <person id="0022">
   <leftEye x="559" y="160"/>
   <rightEye x="575" y="160"/>
  </person>
 </frame>
 <frame number="00000766">
  <person id="0022">
   <leftEye x="555" y="162"/>
   <rightEye x="572" y="163"/>
  </person>
 </frame>
 <frame number="00000767">
  <person id="0022">
   <leftEye x="553" y="166"/>
   <rightEye x="569" y="166"/>
  </person>
 </frame>
 <frame number="00000768">
  <person id="0022">
   <leftEye x="551" y="169"/>
   <rightEye x="566" y="169"/>
  </person>
 </frame>
 <frame number="00000769">
  <person id="0022">
   <leftEye x="549" y="171"/>
   <rightEye x="564" y="171"/>
  </person>
 </frame>
 <frame number="00000770">
  <person id="0022">
   <leftEye x="548" y="173"/>
   <rightEye x="563" y="173"/>
  </person>
 </frame>
 <frame number="00000771">
  <person id="0022">
   <leftEye x="546" y="173"/>
   <rightEye x="562" y="173"/>
  </person>
 </frame>
 <frame number="00000772">
  <person id="0022">
   <leftEye x="545" y="173"/>
   <rightEye x="561" y="173"/>
  </person>
 </frame>
 <frame number="00000773">
  <person id="0022">
   <leftEye x="544" y="172"/>
   <rightEye x="560" y="172"/>
  </person>
 </frame>
 <frame number="00000774">
  <person id="0022">
   <leftEye x="542" y="171"/>
   <rightEye x="559" y="171"/>
  </person>
 </frame>
 <frame number="00000775">
  <person id="0022">
   <leftEye x="540" y="171"/>
   <rightEye x="557" y="171"/>
  </person>
 </frame>
 <frame number="00000776">
  <person id="0022">
   <leftEye x="539" y="170"/>
   <rightEye x="555" y="170"/>
  </person>
 </frame>
 <frame number="00000777">
  <person id="0022">
   <leftEye x="538" y="170"/>
   <rightEye x="554" y="170"/>
  </person>
 </frame>
 <frame number="00000778">
  <person id="0022">
   <leftEye x="537" y="170"/>
   <rightEye x="553" y="170"/>
  </person>
 </frame>
 <frame number="00000779">
  <person id="0022">
   <leftEye x="535" y="170"/>
   <rightEye x="552" y="170"/>
  </person>
 </frame>
 <frame number="00000780">
  <person id="0022">
   <leftEye x="534" y="171"/>
   <rightEye x="550" y="171"/>
  </person>
 </frame>
 <frame number="00000781">
  <person id="0022">
   <leftEye x="532" y="172"/>
   <rightEye x="549" y="172"/>
  </person>
 </frame>
 <frame number="00000782">
  <person id="0022">
   <leftEye x="531" y="175"/>
   <rightEye x="548" y="175"/>
  </person>
 </frame>
 <frame number="00000783">
  <person id="0022">
   <leftEye x="530" y="179"/>
   <rightEye x="547" y="179"/>
  </person>
 </frame>
 <frame number="00000784">
  <person id="0022">
   <leftEye x="528" y="183"/>
   <rightEye x="546" y="183"/>
  </person>
 </frame>
 <frame number="00000785">
  <person id="0022">
   <leftEye x="526" y="187"/>
   <rightEye x="544" y="187"/>
  </person>
 </frame>
 <frame number="00000786">
  <person id="0022">
   <leftEye x="524" y="190"/>
   <rightEye x="543" y="190"/>
  </person>
 </frame>
 <frame number="00000787">
  <person id="0022">
   <leftEye x="522" y="191"/>
   <rightEye x="541" y="191"/>
  </person>
 </frame>
 <frame number="00000788">
  <person id="0022">
   <leftEye x="520" y="192"/>
   <rightEye x="540" y="192"/>
  </person>
 </frame>
 <frame number="00000789">
  <person id="0022">
   <leftEye x="518" y="192"/>
   <rightEye x="539" y="192"/>
  </person>
 </frame>
 <frame number="00000790">
  <person id="0022">
   <leftEye x="517" y="192"/>
   <rightEye x="538" y="192"/>
  </person>
 </frame>
 <frame number="00000791">
  <person id="0022">
   <leftEye x="516" y="191"/>
   <rightEye x="537" y="191"/>
  </person>
 </frame>
 <frame number="00000792">
  <person id="0022">
   <leftEye x="515" y="191"/>
   <rightEye x="537" y="190"/>
  </person>
 </frame>
 <frame number="00000793">
  <person id="0022">
   <leftEye x="515" y="191"/>
   <rightEye x="536" y="190"/>
  </person>
 </frame>
 <frame number="00000794">
  <person id="0022">
   <leftEye x="515" y="191"/>
   <rightEye x="536" y="191"/>
  </person>
 </frame>
 <frame number="00000795">
  <person id="0022">
   <leftEye x="515" y="192"/>
   <rightEye x="537" y="191"/>
  </person>
 </frame>
 <frame number="00000796">
  <person id="0022">
   <leftEye x="515" y="193"/>
   <rightEye x="537" y="192"/>
  </person>
 </frame>
 <frame number="00000797">
  <person id="0022">
   <leftEye x="515" y="196"/>
   <rightEye x="538" y="195"/>
  </person>
 </frame>
 <frame number="00000798">
  <person id="0022">
   <leftEye x="515" y="200"/>
   <rightEye x="539" y="200"/>
  </person>
 </frame>
 <frame number="00000799">
  <person id="0022">
   <leftEye x="515" y="206"/>
   <rightEye x="540" y="206"/>
  </person>
 </frame>
 <frame number="00000800">
  <person id="0022">
   <leftEye x="516" y="213"/>
   <rightEye x="540" y="213"/>
  </person>
 </frame>
 <frame number="00000801">
  <person id="0022">
   <leftEye x="517" y="219"/>
   <rightEye x="541" y="219"/>
  </person>
 </frame>
 <frame number="00000802">
  <person id="0022">
   <leftEye x="518" y="223"/>
   <rightEye x="543" y="223"/>
  </person>
 </frame>
 <frame number="00000803">
  <person id="0022">
   <leftEye x="520" y="226"/>
   <rightEye x="546" y="226"/>
  </person>
 </frame>
 <frame number="00000804">
  <person id="0022">
   <leftEye x="521" y="228"/>
   <rightEye x="548" y="228"/>
  </person>
 </frame>
 <frame number="00000805">
  <person id="0022">
   <leftEye x="522" y="229"/>
   <rightEye x="550" y="228"/>
  </person>
 </frame>
 <frame number="00000806">
  <person id="0022">
   <leftEye x="524" y="229"/>
   <rightEye x="552" y="228"/>
  </person>
 </frame>
 <frame number="00000807">
  <person id="0022">
   <leftEye x="526" y="228"/>
   <rightEye x="555" y="228"/>
  </person>
 </frame>
 <frame number="00000808">
  <person id="0022">
   <leftEye x="528" y="228"/>
   <rightEye x="557" y="228"/>
  </person>
 </frame>
 <frame number="00000809">
  <person id="0022">
   <leftEye x="529" y="228"/>
   <rightEye x="559" y="228"/>
  </person>
 </frame>
 <frame number="00000810">
  <person id="0022">
   <leftEye x="530" y="229"/>
   <rightEye x="561" y="229"/>
  </person>
 </frame>
 <frame number="00000811">
  <person id="0022">
   <leftEye x="531" y="232"/>
   <rightEye x="562" y="232"/>
  </person>
 </frame>
 <frame number="00000812">
  <person id="0022">
   <leftEye x="532" y="237"/>
   <rightEye x="562" y="237"/>
  </person>
 </frame>
 <frame number="00000813">
  <person id="0022">
   <leftEye x="532" y="244"/>
   <rightEye x="563" y="243"/>
  </person>
 </frame>
 <frame number="00000814">
  <person id="0022">
   <leftEye x="531" y="253"/>
   <rightEye x="563" y="251"/>
  </person>
 </frame>
 <frame number="00000815">
  <person id="0022">
   <leftEye x="530" y="264"/>
   <rightEye x="563" y="261"/>
  </person>
 </frame>
 <frame number="00000816">
  <person id="0022">
   <leftEye x="528" y="275"/>
   <rightEye x="562" y="272"/>
  </person>
 </frame>
 <frame number="00000817">
  <person id="0022">
   <leftEye x="526" y="285"/>
   <rightEye x="560" y="282"/>
  </person>
 </frame>
 <frame number="00000818">
  <person id="0022">
   <leftEye x="525" y="291"/>
   <rightEye x="559" y="287"/>
  </person>
 </frame>
 <frame number="00000819">
  <person id="0022">
   <leftEye x="522" y="296"/>
   <rightEye x="557" y="293"/>
  </person>
 </frame>
 <frame number="00000820">
  <person id="0022">
   <leftEye x="517" y="302"/>
   <rightEye x="553" y="299"/>
  </person>
 </frame>
 <frame number="00000821">
  <person id="0022">
   <leftEye x="514" y="304"/>
   <rightEye x="551" y="302"/>
  </person>
 </frame>
 <frame number="00000822">
  <person id="0022">
   <leftEye x="512" y="305"/>
   <rightEye x="550" y="303"/>
  </person>
 </frame>
 <frame number="00000823">
  <person id="0022">
   <leftEye x="510" y="307"/>
   <rightEye x="549" y="305"/>
  </person>
 </frame>
 <frame number="00000824">
  <person id="0022">
   <leftEye x="508" y="310"/>
   <rightEye x="548" y="306"/>
  </person>
 </frame>
 <frame number="00000825">
  <person id="0022">
   <leftEye x="507" y="312"/>
   <rightEye x="549" y="307"/>
  </person>
 </frame>
 <frame number="00000826">
  <person id="0022">
   <leftEye x="507" y="314"/>
   <rightEye x="550" y="309"/>
  </person>
 </frame>
 <frame number="00000827">
  <person id="0022">
   <leftEye x="508" y="319"/>
   <rightEye x="552" y="313"/>
  </person>
 </frame>
 <frame number="00000828">
  <person id="0022">
   <leftEye x="508" y="326"/>
   <rightEye x="554" y="320"/>
  </person>
 </frame>
 <frame number="00000829">
  <person id="0022">
   <leftEye x="508" y="336"/>
   <rightEye x="556" y="330"/>
  </person>
 </frame>
 <frame number="00000830">
  <person id="0022">
   <leftEye x="510" y="351"/>
   <rightEye x="559" y="344"/>
  </person>
 </frame>
 <frame number="00000831">
  <person id="0022">
   <leftEye x="513" y="369"/>
   <rightEye x="563" y="363"/>
  </person>
 </frame>
 <frame number="00000832">
  <person id="0022">
   <leftEye x="515" y="391"/>
   <rightEye x="568" y="385"/>
  </person>
 </frame>
 <frame number="00000833">
  <person id="0022">
   <leftEye x="518" y="415"/>
   <rightEye x="574" y="409"/>
  </person>
 </frame>
 <frame number="00000834">
  <person id="0022">
   <leftEye x="523" y="439"/>
   <rightEye x="580" y="433"/>
  </person>
 </frame>
 <frame number="00000835">
  <person id="0022">
   <leftEye x="529" y="462"/>
   <rightEye x="587" y="455"/>
  </person>
 </frame>
 <frame number="00000836">
  <person id="0022">
   <leftEye x="535" y="480"/>
   <rightEye x="596" y="474"/>
  </person>
 </frame>
 <frame number="00000837">
  <person id="0022">
   <leftEye x="544" y="497"/>
   <rightEye x="608" y="491"/>
  </person>
 </frame>
 <frame number="00000838">
  <person id="0022">
   <leftEye x="555" y="515"/>
   <rightEye x="619" y="510"/>
  </person>
 </frame>
 <frame number="00000839"/>
 <frame number="00000840"/>
 <frame number="00000841"/>
 <frame number="00000842"/>
 <frame number="00000843"/>
 <frame number="00000844"/>
 <frame number="00000845"/>
 <frame number="00000846"/>
 <frame number="00000847"/>
 <frame number="00000848"/>
 <frame number="00000849"/>
 <frame number="00000850"/>
 <frame number="00000909"/>
 <frame number="00000910"/>
 <frame number="00000911"/>
 <frame number="00000912"/>
 <frame number="00000913"/>
 <frame number="00000914"/>
 <frame number="00000915"/>
 <frame number="00000916"/>
 <frame number="00000917"/>
 <frame number="00000918"/>
 <frame number="00000919"/>
 <frame number="00000920"/>
 <frame number="00000921"/>
 <frame number="00000922"/>
 <frame number="00000923"/>
 <frame number="00000924"/>
 <frame number="00000925"/>
 <frame number="00000926"/>
 <frame number="00000927"/>
 <frame number="00000928"/>
 <frame number="00000929"/>
 <frame number="00000930"/>
 <frame number="00000931"/>
 <frame number="00000932"/>
 <frame number="00000933"/>
 <frame number="00000934"/>
 <frame number="00000935"/>
 <frame number="00000936"/>
 <frame number="00000937"/>
 <frame number="00000938"/>
 <frame number="00000939">
  <person id="0003">
   <leftEye x="621" y="170"/>
   <rightEye x="637" y="170"/>
  </person>
 </frame>
 <frame number="00000940">
  <person id="0003">
   <leftEye x="617" y="168"/>
   <rightEye x="632" y="168"/>
  </person>
 </frame>
 <frame number="00000941">
  <person id="0003">
   <leftEye x="613" y="166"/>
   <rightEye x="627" y="167"/>
  </person>
 </frame>
 <frame number="00000942">
  <person id="0003">
   <leftEye x="609" y="165"/>
   <rightEye x="623" y="166"/>
  </person>
 </frame>
 <frame number="00000943">
  <person id="0003">
   <leftEye x="605" y="165"/>
   <rightEye x="620" y="166"/>
  </person>
 </frame>
 <frame number="00000944">
  <person id="0003">
   <leftEye x="601" y="165"/>
   <rightEye x="616" y="166"/>
  </person>
 </frame>
 <frame number="00000945">
  <person id="0003">
   <leftEye x="597" y="166"/>
   <rightEye x="613" y="167"/>
  </person>
 </frame>
 <frame number="00000946">
  <person id="0003">
   <leftEye x="593" y="167"/>
   <rightEye x="610" y="168"/>
  </person>
 </frame>
 <frame number="00000947">
  <person id="0003">
   <leftEye x="591" y="169"/>
   <rightEye x="607" y="170"/>
  </person>
 </frame>
 <frame number="00000948">
  <person id="0003">
   <leftEye x="589" y="172"/>
   <rightEye x="604" y="173"/>
  </person>
 </frame>
 <frame number="00000949">
  <person id="0003">
   <leftEye x="586" y="175"/>
   <rightEye x="602" y="176"/>
  </person>
 </frame>
 <frame number="00000950">
  <person id="0003">
   <leftEye x="583" y="177"/>
   <rightEye x="600" y="178"/>
  </person>
 </frame>
 <frame number="00000951">
  <person id="0003">
   <leftEye x="581" y="179"/>
   <rightEye x="598" y="180"/>
  </person>
 </frame>
 <frame number="00000952">
  <person id="0003">
   <leftEye x="580" y="180"/>
   <rightEye x="596" y="181"/>
  </person>
 </frame>
 <frame number="00000953">
  <person id="0003">
   <leftEye x="578" y="180"/>
   <rightEye x="595" y="181"/>
  </person>
 </frame>
 <frame number="00000954">
  <person id="0003">
   <leftEye x="576" y="179"/>
   <rightEye x="593" y="180"/>
  </person>
 </frame>
 <frame number="00000955">
  <person id="0003">
   <leftEye x="574" y="178"/>
   <rightEye x="591" y="179"/>
  </person>
 </frame>
 <frame number="00000956">
  <person id="0003">
   <leftEye x="572" y="177"/>
   <rightEye x="590" y="178"/>
  </person>
 </frame>
 <frame number="00000957">
  <person id="0003">
   <leftEye x="570" y="177"/>
   <rightEye x="588" y="178"/>
  </person>
 </frame>
 <frame number="00000958">
  <person id="0003">
   <leftEye x="568" y="177"/>
   <rightEye x="586" y="178"/>
  </person>
 </frame>
 <frame number="00000959">
  <person id="0003">
   <leftEye x="566" y="178"/>
   <rightEye x="584" y="179"/>
  </person>
 </frame>
 <frame number="00000960">
  <person id="0003">
   <leftEye x="564" y="180"/>
   <rightEye x="582" y="181"/>
  </person>
 </frame>
 <frame number="00000961">
  <person id="0003">
   <leftEye x="561" y="182"/>
   <rightEye x="580" y="183"/>
  </person>
 </frame>
 <frame number="00000962">
  <person id="0003">
   <leftEye x="559" y="185"/>
   <rightEye x="578" y="186"/>
  </person>
 </frame>
 <frame number="00000963">
  <person id="0003">
   <leftEye x="557" y="188"/>
   <rightEye x="576" y="189"/>
  </person>
 </frame>
 <frame number="00000964">
  <person id="0003">
   <leftEye x="555" y="191"/>
   <rightEye x="574" y="192"/>
  </person>
 </frame>
 <frame number="00000965">
  <person id="0003">
   <leftEye x="554" y="194"/>
   <rightEye x="573" y="194"/>
  </person>
 </frame>
 <frame number="00000966">
  <person id="0003">
   <leftEye x="552" y="196"/>
   <rightEye x="572" y="196"/>
  </person>
 </frame>
 <frame number="00000967">
  <person id="0003">
   <leftEye x="550" y="198"/>
   <rightEye x="570" y="198"/>
  </person>
 </frame>
 <frame number="00000968">
  <person id="0003">
   <leftEye x="549" y="198"/>
   <rightEye x="569" y="198"/>
  </person>
 </frame>
 <frame number="00000969">
  <person id="0003">
   <leftEye x="549" y="197"/>
   <rightEye x="569" y="198"/>
  </person>
 </frame>
 <frame number="00000970">
  <person id="0003">
   <leftEye x="548" y="197"/>
   <rightEye x="569" y="197"/>
  </person>
 </frame>
 <frame number="00000971">
  <person id="0003">
   <leftEye x="548" y="197"/>
   <rightEye x="570" y="197"/>
  </person>
 </frame>
 <frame number="00000972">
  <person id="0003">
   <leftEye x="549" y="197"/>
   <rightEye x="571" y="197"/>
  </person>
 </frame>
 <frame number="00000973">
  <person id="0003">
   <leftEye x="551" y="198"/>
   <rightEye x="573" y="199"/>
  </person>
 </frame>
 <frame number="00000974">
  <person id="0003">
   <leftEye x="554" y="200"/>
   <rightEye x="575" y="201"/>
  </person>
 </frame>
 <frame number="00000975">
  <person id="0003">
   <leftEye x="556" y="203"/>
   <rightEye x="577" y="204"/>
  </person>
 </frame>
 <frame number="00000976">
  <person id="0003">
   <leftEye x="558" y="206"/>
   <rightEye x="581" y="207"/>
  </person>
 </frame>
 <frame number="00000977">
  <person id="0003">
   <leftEye x="560" y="210"/>
   <rightEye x="584" y="211"/>
  </person>
 </frame>
 <frame number="00000978">
  <person id="0003">
   <leftEye x="563" y="214"/>
   <rightEye x="587" y="216"/>
  </person>
 </frame>
 <frame number="00000979">
  <person id="0003">
   <leftEye x="566" y="219"/>
   <rightEye x="591" y="220"/>
  </person>
 </frame>
 <frame number="00000980">
  <person id="0003">
   <leftEye x="570" y="223"/>
   <rightEye x="595" y="224"/>
  </person>
 </frame>
 <frame number="00000981">
  <person id="0003">
   <leftEye x="574" y="227"/>
   <rightEye x="599" y="228"/>
  </person>
 </frame>
 <frame number="00000982">
  <person id="0003">
   <leftEye x="577" y="230"/>
   <rightEye x="603" y="230"/>
  </person>
 </frame>
 <frame number="00000983">
  <person id="0003">
   <leftEye x="581" y="231"/>
   <rightEye x="608" y="231"/>
  </person>
 </frame>
 <frame number="00000984">
  <person id="0003">
   <leftEye x="585" y="231"/>
   <rightEye x="613" y="232"/>
  </person>
 </frame>
 <frame number="00000985">
  <person id="0003">
   <leftEye x="589" y="231"/>
   <rightEye x="618" y="232"/>
  </person>
 </frame>
 <frame number="00000986">
  <person id="0003">
   <leftEye x="593" y="231"/>
   <rightEye x="622" y="232"/>
  </person>
 </frame>
 <frame number="00000987">
  <person id="0003">
   <leftEye x="596" y="233"/>
   <rightEye x="626" y="233"/>
  </person>
 </frame>
 <frame number="00000988">
  <person id="0003">
   <leftEye x="600" y="235"/>
   <rightEye x="629" y="235"/>
  </person>
 </frame>
 <frame number="00000989">
  <person id="0003">
   <leftEye x="602" y="239"/>
   <rightEye x="632" y="239"/>
  </person>
 </frame>
 <frame number="00000990">
  <person id="0003">
   <leftEye x="605" y="244"/>
   <rightEye x="636" y="244"/>
  </person>
 </frame>
 <frame number="00000991">
  <person id="0003">
   <leftEye x="609" y="250"/>
   <rightEye x="640" y="251"/>
  </person>
 </frame>
 <frame number="00000992">
  <person id="0003">
   <leftEye x="613" y="257"/>
   <rightEye x="644" y="258"/>
  </person>
 </frame>
 <frame number="00000993">
  <person id="0003">
   <leftEye x="616" y="265"/>
   <rightEye x="648" y="266"/>
  </person>
 </frame>
 <frame number="00000994">
  <person id="0003">
   <leftEye x="619" y="272"/>
   <rightEye x="652" y="273"/>
  </person>
 </frame>
 <frame number="00000995">
  <person id="0003">
   <leftEye x="621" y="278"/>
   <rightEye x="655" y="279"/>
  </person>
 </frame>
 <frame number="00000996">
  <person id="0003">
   <leftEye x="624" y="283"/>
   <rightEye x="658" y="284"/>
  </person>
 </frame>
 <frame number="00000997">
  <person id="0003">
   <leftEye x="628" y="286"/>
   <rightEye x="663" y="287"/>
  </person>
 </frame>
 <frame number="00000998">
  <person id="0003">
   <leftEye x="634" y="287"/>
   <rightEye x="668" y="289"/>
  </person>
 </frame>
 <frame number="00000999">
  <person id="0003">
   <leftEye x="640" y="289"/>
   <rightEye x="674" y="290"/>
  </person>
 </frame>
 <frame number="00001000">
  <person id="0003">
   <leftEye x="646" y="291"/>
   <rightEye x="681" y="291"/>
  </person>
 </frame>
 <frame number="00001001">
  <person id="0003">
   <leftEye x="653" y="293"/>
   <rightEye x="690" y="294"/>
  </person>
 </frame>
 <frame number="00001002">
  <person id="0003">
   <leftEye x="660" y="298"/>
   <rightEye x="699" y="299"/>
  </person>
 </frame>
 <frame number="00001003">
  <person id="0003">
   <leftEye x="668" y="305"/>
   <rightEye x="708" y="305"/>
  </person>
 </frame>
 <frame number="00001004">
  <person id="0003">
   <leftEye x="676" y="312"/>
   <rightEye x="718" y="313"/>
  </person>
 </frame>
 <frame number="00001005">
  <person id="0003">
   <leftEye x="686" y="321"/>
   <rightEye x="728" y="322"/>
  </person>
 </frame>
 <frame number="00001006">
  <person id="0003">
   <leftEye x="696" y="330"/>
   <rightEye x="739" y="331"/>
  </person>
 </frame>
 <frame number="00001007">
  <person id="0003">
   <leftEye x="707" y="341"/>
   <rightEye x="751" y="341"/>
  </person>
 </frame>
 <frame number="00001008">
  <person id="0003">
   <leftEye x="719" y="351"/>
   <rightEye x="763" y="351"/>
  </person>
 </frame>
 <frame number="00001009">
  <person id="0003">
   <leftEye x="731" y="362"/>
   <rightEye x="776" y="362"/>
  </person>
 </frame>
 <frame number="00001010">
  <person id="0003">
   <leftEye x="744" y="374"/>
   <rightEye x="791" y="373"/>
  </person>
 </frame>
 <frame number="00001011"/>
 <frame number="00001012"/>
 <frame number="00001013"/>
 <frame number="00001014"/>
 <frame number="00001015"/>
 <frame number="00001016"/>
 <frame number="00001017"/>
 <frame number="00001018"/>
 <frame number="00001019"/>
 <frame number="00001020"/>
 <frame number="00001021"/>
 <frame number="00001022"/>
 <frame number="00001023"/>
 <frame number="00001024"/>
 <frame number="00001025"/>
 <frame number="00001026"/>
 <frame number="00001027"/>
 <frame number="00001028"/>
 <frame number="00001029"/>
 <frame number="00001030"/>
 <frame number="00001031"/>
 <frame number="00001032"/>
</dataset>
