<!DOCTYPE GroundTruth>
<dataset name="P2E_S1_C3">
 <frame number="00000000"/>
 <frame number="00000001"/>
 <frame number="00000002"/>
 <frame number="00000003"/>
 <frame number="00000004"/>
 <frame number="00000005"/>
 <frame number="00000006"/>
 <frame number="00000007"/>
 <frame number="00000008"/>
 <frame number="00000009"/>
 <frame number="00000010"/>
 <frame number="00000011"/>
 <frame number="00000012"/>
 <frame number="00000013"/>
 <frame number="00000014"/>
 <frame number="00000015"/>
 <frame number="00000016"/>
 <frame number="00000017"/>
 <frame number="00000018"/>
 <frame number="00000019"/>
 <frame number="00000020"/>
 <frame number="00000021"/>
 <frame number="00000022"/>
 <frame number="00000023"/>
 <frame number="00000024"/>
 <frame number="00000025"/>
 <frame number="00000026"/>
 <frame number="00000027"/>
 <frame number="00000028"/>
 <frame number="00000029"/>
 <frame number="00000030"/>
 <frame number="00000031"/>
 <frame number="00000032"/>
 <frame number="00000033"/>
 <frame number="00000034"/>
 <frame number="00000035"/>
 <frame number="00000036"/>
 <frame number="00000037"/>
 <frame number="00000038"/>
 <frame number="00000039"/>
 <frame number="00000040"/>
 <frame number="00000041"/>
 <frame number="00000042"/>
 <frame number="00000043"/>
 <frame number="00000044"/>
 <frame number="00000045"/>
 <frame number="00000046"/>
 <frame number="00000047"/>
 <frame number="00000048"/>
 <frame number="00000049"/>
 <frame number="00000050"/>
 <frame number="00000051"/>
 <frame number="00000052"/>
 <frame number="00000053"/>
 <frame number="00000054"/>
 <frame number="00000055"/>
 <frame number="00000056"/>
 <frame number="00000057"/>
 <frame number="00000058"/>
 <frame number="00000059"/>
 <frame number="00000060"/>
 <frame number="00000061"/>
 <frame number="00000062"/>
 <frame number="00000063"/>
 <frame number="00000064"/>
 <frame number="00000065"/>
 <frame number="00000066"/>
 <frame number="00000067"/>
 <frame number="00000068"/>
 <frame number="00000069"/>
 <frame number="00000070"/>
 <frame number="00000071"/>
 <frame number="00000072"/>
 <frame number="00000073"/>
 <frame number="00000074"/>
 <frame number="00000075"/>
 <frame number="00000076"/>
 <frame number="00000077"/>
 <frame number="00000078"/>
 <frame number="00000079"/>
 <frame number="00000080"/>
 <frame number="00000081"/>
 <frame number="00000082"/>
 <frame number="00000083"/>
 <frame number="00000084"/>
 <frame number="00000085"/>
 <frame number="00000086"/>
 <frame number="00000087"/>
 <frame number="00000088"/>
 <frame number="00000089"/>
 <frame number="00000090"/>
 <frame number="00000091"/>
 <frame number="00000092"/>
 <frame number="00000093"/>
 <frame number="00000094"/>
 <frame number="00000095"/>
 <frame number="00000096"/>
 <frame number="00000097"/>
 <frame number="00000098"/>
 <frame number="00000099"/>
 <frame number="00000127"/>
 <frame number="00000128"/>
 <frame number="00000129"/>
 <frame number="00000130"/>
 <frame number="00000131"/>
 <frame number="00000132"/>
 <frame number="00000133"/>
 <frame number="00000134"/>
 <frame number="00000135"/>
 <frame number="00000136"/>
 <frame number="00000137"/>
 <frame number="00000138"/>
 <frame number="00000139"/>
 <frame number="00000140"/>
 <frame number="00000141"/>
 <frame number="00000142"/>
 <frame number="00000143"/>
 <frame number="00000144"/>
 <frame number="00000145"/>
 <frame number="00000146"/>
 <frame number="00000147"/>
 <frame number="00000148"/>
 <frame number="00000149"/>
 <frame number="00000150"/>
 <frame number="00000151"/>
 <frame number="00000152"/>
 <frame number="00000153"/>
 <frame number="00000154"/>
 <frame number="00000155"/>
 <frame number="00000156"/>
 <frame number="00000157"/>
 <frame number="00000158"/>
 <frame number="00000159"/>
 <frame number="00000160"/>
 <frame number="00000161"/>
 <frame number="00000162"/>
 <frame number="00000163"/>
 <frame number="00000164"/>
 <frame number="00000165"/>
 <frame number="00000166"/>
 <frame number="00000167"/>
 <frame number="00000168"/>
 <frame number="00000169"/>
 <frame number="00000170"/>
 <frame number="00000171"/>
 <frame number="00000172"/>
 <frame number="00000173"/>
 <frame number="00000174"/>
 <frame number="00000175"/>
 <frame number="00000176"/>
 <frame number="00000177"/>
 <frame number="00000178"/>
 <frame number="00000179"/>
 <frame number="00000180"/>
 <frame number="00000181"/>
 <frame number="00000182">
  <person id="0015">
   <leftEye x="512" y="150"/>
   <rightEye x="528" y="150"/>
  </person>
 </frame>
 <frame number="00000183">
  <person id="0015">
   <leftEye x="508" y="150"/>
   <rightEye x="523" y="150"/>
  </person>
 </frame>
 <frame number="00000184">
  <person id="0015">
   <leftEye x="504" y="151"/>
   <rightEye x="519" y="151"/>
  </person>
 </frame>
 <frame number="00000185">
  <person id="0015">
   <leftEye x="499" y="152"/>
   <rightEye x="515" y="152"/>
  </person>
 </frame>
 <frame number="00000186">
  <person id="0015">
   <leftEye x="495" y="154"/>
   <rightEye x="511" y="154"/>
  </person>
 </frame>
 <frame number="00000187">
  <person id="0015">
   <leftEye x="491" y="156"/>
   <rightEye x="507" y="156"/>
  </person>
 </frame>
 <frame number="00000188">
  <person id="0015">
   <leftEye x="487" y="158"/>
   <rightEye x="503" y="158"/>
  </person>
 </frame>
 <frame number="00000189">
  <person id="0015">
   <leftEye x="482" y="160"/>
   <rightEye x="499" y="160"/>
  </person>
 </frame>
 <frame number="00000190">
  <person id="0015">
   <leftEye x="477" y="161"/>
   <rightEye x="495" y="161"/>
  </person>
 </frame>
 <frame number="00000191">
  <person id="0015">
   <leftEye x="473" y="161"/>
   <rightEye x="490" y="161"/>
  </person>
 </frame>
 <frame number="00000192">
  <person id="0015">
   <leftEye x="469" y="160"/>
   <rightEye x="486" y="160"/>
  </person>
 </frame>
 <frame number="00000193">
  <person id="0015">
   <leftEye x="466" y="159"/>
   <rightEye x="482" y="159"/>
  </person>
 </frame>
 <frame number="00000194">
  <person id="0015">
   <leftEye x="462" y="158"/>
   <rightEye x="479" y="158"/>
  </person>
 </frame>
 <frame number="00000195">
  <person id="0015">
   <leftEye x="459" y="157"/>
   <rightEye x="476" y="157"/>
  </person>
 </frame>
 <frame number="00000196">
  <person id="0015">
   <leftEye x="456" y="157"/>
   <rightEye x="474" y="157"/>
  </person>
 </frame>
 <frame number="00000197">
  <person id="0015">
   <leftEye x="454" y="157"/>
   <rightEye x="472" y="157"/>
  </person>
 </frame>
 <frame number="00000198">
  <person id="0015">
   <leftEye x="452" y="157"/>
   <rightEye x="471" y="157"/>
  </person>
 </frame>
 <frame number="00000199">
  <person id="0015">
   <leftEye x="451" y="159"/>
   <rightEye x="469" y="159"/>
  </person>
 </frame>
 <frame number="00000200">
  <person id="0015">
   <leftEye x="450" y="161"/>
   <rightEye x="468" y="161"/>
  </person>
 </frame>
 <frame number="00000201">
  <person id="0015">
   <leftEye x="449" y="164"/>
   <rightEye x="467" y="164"/>
  </person>
 </frame>
 <frame number="00000202">
  <person id="0015">
   <leftEye x="448" y="168"/>
   <rightEye x="467" y="168"/>
  </person>
 </frame>
 <frame number="00000203">
  <person id="0015">
   <leftEye x="447" y="171"/>
   <rightEye x="467" y="171"/>
  </person>
 </frame>
 <frame number="00000204">
  <person id="0015">
   <leftEye x="447" y="174"/>
   <rightEye x="466" y="174"/>
  </person>
 </frame>
 <frame number="00000205">
  <person id="0015">
   <leftEye x="447" y="177"/>
   <rightEye x="466" y="177"/>
  </person>
 </frame>
 <frame number="00000206">
  <person id="0015">
   <leftEye x="446" y="179"/>
   <rightEye x="465" y="179"/>
  </person>
 </frame>
 <frame number="00000207">
  <person id="0015">
   <leftEye x="445" y="181"/>
   <rightEye x="465" y="181"/>
  </person>
 </frame>
 <frame number="00000208">
  <person id="0015">
   <leftEye x="445" y="181"/>
   <rightEye x="465" y="181"/>
  </person>
 </frame>
 <frame number="00000209">
  <person id="0015">
   <leftEye x="444" y="180"/>
   <rightEye x="464" y="180"/>
  </person>
 </frame>
 <frame number="00000210">
  <person id="0015">
   <leftEye x="443" y="179"/>
   <rightEye x="463" y="179"/>
  </person>
 </frame>
 <frame number="00000211">
  <person id="0015">
   <leftEye x="442" y="178"/>
   <rightEye x="463" y="178"/>
  </person>
 </frame>
 <frame number="00000212">
  <person id="0015">
   <leftEye x="440" y="177"/>
   <rightEye x="462" y="177"/>
  </person>
 </frame>
 <frame number="00000213">
  <person id="0015">
   <leftEye x="438" y="176"/>
   <rightEye x="461" y="176"/>
  </person>
 </frame>
 <frame number="00000214">
  <person id="0015">
   <leftEye x="436" y="176"/>
   <rightEye x="460" y="176"/>
  </person>
 </frame>
 <frame number="00000215">
  <person id="0015">
   <leftEye x="435" y="176"/>
   <rightEye x="458" y="176"/>
  </person>
 </frame>
 <frame number="00000216">
  <person id="0015">
   <leftEye x="433" y="178"/>
   <rightEye x="456" y="178"/>
  </person>
 </frame>
 <frame number="00000217">
  <person id="0015">
   <leftEye x="431" y="181"/>
   <rightEye x="454" y="181"/>
  </person>
 </frame>
 <frame number="00000218">
  <person id="0015">
   <leftEye x="429" y="184"/>
   <rightEye x="453" y="184"/>
  </person>
 </frame>
 <frame number="00000219">
  <person id="0015">
   <leftEye x="427" y="189"/>
   <rightEye x="452" y="189"/>
  </person>
 </frame>
 <frame number="00000220">
  <person id="0015">
   <leftEye x="425" y="194"/>
   <rightEye x="450" y="194"/>
  </person>
 </frame>
 <frame number="00000221">
  <person id="0015">
   <leftEye x="423" y="199"/>
   <rightEye x="448" y="199"/>
  </person>
 </frame>
 <frame number="00000222">
  <person id="0015">
   <leftEye x="421" y="203"/>
   <rightEye x="446" y="203"/>
  </person>
 </frame>
 <frame number="00000223">
  <person id="0015">
   <leftEye x="418" y="206"/>
   <rightEye x="444" y="206"/>
  </person>
 </frame>
 <frame number="00000224">
  <person id="0015">
   <leftEye x="415" y="207"/>
   <rightEye x="442" y="207"/>
  </person>
 </frame>
 <frame number="00000225">
  <person id="0015">
   <leftEye x="413" y="207"/>
   <rightEye x="441" y="207"/>
  </person>
 </frame>
 <frame number="00000226">
  <person id="0015">
   <leftEye x="412" y="207"/>
   <rightEye x="439" y="207"/>
  </person>
 </frame>
 <frame number="00000227">
  <person id="0015">
   <leftEye x="410" y="208"/>
   <rightEye x="437" y="208"/>
  </person>
 </frame>
 <frame number="00000228">
  <person id="0015">
   <leftEye x="409" y="208"/>
   <rightEye x="437" y="208"/>
  </person>
 </frame>
 <frame number="00000229">
  <person id="0015">
   <leftEye x="408" y="208"/>
   <rightEye x="437" y="208"/>
  </person>
 </frame>
 <frame number="00000230">
  <person id="0015">
   <leftEye x="407" y="209"/>
   <rightEye x="437" y="209"/>
  </person>
 </frame>
 <frame number="00000231">
  <person id="0015">
   <leftEye x="405" y="210"/>
   <rightEye x="438" y="210"/>
  </person>
 </frame>
 <frame number="00000232">
  <person id="0015">
   <leftEye x="405" y="211"/>
   <rightEye x="438" y="211"/>
  </person>
 </frame>
 <frame number="00000233">
  <person id="0015">
   <leftEye x="405" y="215"/>
   <rightEye x="438" y="214"/>
  </person>
 </frame>
 <frame number="00000234">
  <person id="0015">
   <leftEye x="405" y="221"/>
   <rightEye x="439" y="220"/>
  </person>
 </frame>
 <frame number="00000235">
  <person id="0015">
   <leftEye x="406" y="228"/>
   <rightEye x="440" y="227"/>
  </person>
 </frame>
 <frame number="00000236">
  <person id="0015">
   <leftEye x="406" y="236"/>
   <rightEye x="442" y="235"/>
  </person>
 </frame>
 <frame number="00000237">
  <person id="0015">
   <leftEye x="408" y="244"/>
   <rightEye x="444" y="244"/>
  </person>
 </frame>
 <frame number="00000238">
  <person id="0015">
   <leftEye x="409" y="253"/>
   <rightEye x="446" y="252"/>
  </person>
 </frame>
 <frame number="00000239">
  <person id="0015">
   <leftEye x="411" y="262"/>
   <rightEye x="449" y="260"/>
  </person>
 </frame>
 <frame number="00000240">
  <person id="0015">
   <leftEye x="413" y="268"/>
   <rightEye x="452" y="267"/>
  </person>
 </frame>
 <frame number="00000241">
  <person id="0015">
   <leftEye x="416" y="272"/>
   <rightEye x="454" y="271"/>
  </person>
 </frame>
 <frame number="00000242">
  <person id="0015">
   <leftEye x="418" y="276"/>
   <rightEye x="457" y="274"/>
  </person>
 </frame>
 <frame number="00000243">
  <person id="0015">
   <leftEye x="419" y="279"/>
   <rightEye x="460" y="277"/>
  </person>
 </frame>
 <frame number="00000244">
  <person id="0015">
   <leftEye x="419" y="282"/>
   <rightEye x="463" y="279"/>
  </person>
 </frame>
 <frame number="00000245">
  <person id="0015">
   <leftEye x="420" y="284"/>
   <rightEye x="465" y="281"/>
  </person>
 </frame>
 <frame number="00000246">
  <person id="0015">
   <leftEye x="420" y="285"/>
   <rightEye x="467" y="282"/>
  </person>
 </frame>
 <frame number="00000247">
  <person id="0015">
   <leftEye x="419" y="288"/>
   <rightEye x="467" y="284"/>
  </person>
 </frame>
 <frame number="00000248">
  <person id="0015">
   <leftEye x="418" y="292"/>
   <rightEye x="468" y="288"/>
  </person>
 </frame>
 <frame number="00000249">
  <person id="0015">
   <leftEye x="417" y="297"/>
   <rightEye x="469" y="293"/>
  </person>
 </frame>
 <frame number="00000250">
  <person id="0015">
   <leftEye x="415" y="306"/>
   <rightEye x="470" y="302"/>
  </person>
 </frame>
 <frame number="00000251">
  <person id="0015">
   <leftEye x="412" y="319"/>
   <rightEye x="471" y="315"/>
  </person>
 </frame>
 <frame number="00000252">
  <person id="0015">
   <leftEye x="410" y="335"/>
   <rightEye x="471" y="331"/>
  </person>
 </frame>
 <frame number="00000253">
  <person id="0015">
   <leftEye x="408" y="355"/>
   <rightEye x="471" y="351"/>
  </person>
 </frame>
 <frame number="00000254">
  <person id="0015">
   <leftEye x="406" y="379"/>
   <rightEye x="472" y="375"/>
  </person>
 </frame>
 <frame number="00000255">
  <person id="0015">
   <leftEye x="403" y="404"/>
   <rightEye x="471" y="400"/>
  </person>
 </frame>
 <frame number="00000256">
  <person id="0015">
   <leftEye x="399" y="431"/>
   <rightEye x="470" y="426"/>
  </person>
 </frame>
 <frame number="00000257">
  <person id="0015">
   <leftEye x="395" y="459"/>
   <rightEye x="470" y="454"/>
  </person>
 </frame>
 <frame number="00000258"/>
 <frame number="00000259"/>
 <frame number="00000260"/>
 <frame number="00000261"/>
 <frame number="00000262"/>
 <frame number="00000263"/>
 <frame number="00000264"/>
 <frame number="00000265"/>
 <frame number="00000266"/>
 <frame number="00000267"/>
 <frame number="00000268"/>
 <frame number="00000269"/>
 <frame number="00000270"/>
 <frame number="00000333"/>
 <frame number="00000334"/>
 <frame number="00000335"/>
 <frame number="00000336"/>
 <frame number="00000337"/>
 <frame number="00000338"/>
 <frame number="00000339"/>
 <frame number="00000340"/>
 <frame number="00000341"/>
 <frame number="00000342"/>
 <frame number="00000343"/>
 <frame number="00000344"/>
 <frame number="00000345"/>
 <frame number="00000346"/>
 <frame number="00000347"/>
 <frame number="00000348"/>
 <frame number="00000349"/>
 <frame number="00000350"/>
 <frame number="00000351"/>
 <frame number="00000352"/>
 <frame number="00000353"/>
 <frame number="00000354"/>
 <frame number="00000355"/>
 <frame number="00000356"/>
 <frame number="00000357"/>
 <frame number="00000358"/>
 <frame number="00000359"/>
 <frame number="00000360"/>
 <frame number="00000361"/>
 <frame number="00000362"/>
 <frame number="00000363"/>
 <frame number="00000364"/>
 <frame number="00000365"/>
 <frame number="00000366"/>
 <frame number="00000367"/>
 <frame number="00000368"/>
 <frame number="00000369"/>
 <frame number="00000370"/>
 <frame number="00000371"/>
 <frame number="00000372"/>
 <frame number="00000373"/>
 <frame number="00000374"/>
 <frame number="00000375"/>
 <frame number="00000376"/>
 <frame number="00000377"/>
 <frame number="00000378"/>
 <frame number="00000379"/>
 <frame number="00000380"/>
 <frame number="00000381"/>
 <frame number="00000382"/>
 <frame number="00000383"/>
 <frame number="00000384"/>
 <frame number="00000385"/>
 <frame number="00000386">
  <person id="0021">
   <leftEye x="505" y="154"/>
   <rightEye x="521" y="154"/>
  </person>
 </frame>
 <frame number="00000387">
  <person id="0021">
   <leftEye x="500" y="156"/>
   <rightEye x="515" y="156"/>
  </person>
 </frame>
 <frame number="00000388">
  <person id="0021">
   <leftEye x="494" y="158"/>
   <rightEye x="510" y="158"/>
  </person>
 </frame>
 <frame number="00000389">
  <person id="0021">
   <leftEye x="489" y="160"/>
   <rightEye x="504" y="160"/>
  </person>
 </frame>
 <frame number="00000390">
  <person id="0021">
   <leftEye x="483" y="162"/>
   <rightEye x="499" y="162"/>
  </person>
 </frame>
 <frame number="00000391">
  <person id="0021">
   <leftEye x="477" y="162"/>
   <rightEye x="493" y="162"/>
  </person>
 </frame>
 <frame number="00000392">
  <person id="0021">
   <leftEye x="471" y="162"/>
   <rightEye x="487" y="162"/>
  </person>
 </frame>
 <frame number="00000393">
  <person id="0021">
   <leftEye x="465" y="162"/>
   <rightEye x="482" y="162"/>
  </person>
 </frame>
 <frame number="00000394">
  <person id="0021">
   <leftEye x="460" y="161"/>
   <rightEye x="477" y="161"/>
  </person>
 </frame>
 <frame number="00000395">
  <person id="0021">
   <leftEye x="456" y="160"/>
   <rightEye x="473" y="160"/>
  </person>
 </frame>
 <frame number="00000396">
  <person id="0021">
   <leftEye x="452" y="159"/>
   <rightEye x="469" y="159"/>
  </person>
 </frame>
 <frame number="00000397">
  <person id="0021">
   <leftEye x="449" y="159"/>
   <rightEye x="465" y="159"/>
  </person>
 </frame>
 <frame number="00000398">
  <person id="0021">
   <leftEye x="446" y="159"/>
   <rightEye x="462" y="159"/>
  </person>
 </frame>
 <frame number="00000399">
  <person id="0021">
   <leftEye x="443" y="160"/>
   <rightEye x="460" y="160"/>
  </person>
 </frame>
 <frame number="00000400">
  <person id="0021">
   <leftEye x="441" y="161"/>
   <rightEye x="458" y="161"/>
  </person>
 </frame>
 <frame number="00000401">
  <person id="0021">
   <leftEye x="439" y="164"/>
   <rightEye x="456" y="164"/>
  </person>
 </frame>
 <frame number="00000402">
  <person id="0021">
   <leftEye x="437" y="167"/>
   <rightEye x="454" y="167"/>
  </person>
 </frame>
 <frame number="00000403">
  <person id="0021">
   <leftEye x="435" y="170"/>
   <rightEye x="452" y="170"/>
  </person>
 </frame>
 <frame number="00000404">
  <person id="0021">
   <leftEye x="434" y="173"/>
   <rightEye x="451" y="173"/>
  </person>
 </frame>
 <frame number="00000405">
  <person id="0021">
   <leftEye x="433" y="175"/>
   <rightEye x="450" y="175"/>
  </person>
 </frame>
 <frame number="00000406">
  <person id="0021">
   <leftEye x="432" y="177"/>
   <rightEye x="450" y="177"/>
  </person>
 </frame>
 <frame number="00000407">
  <person id="0021">
   <leftEye x="432" y="178"/>
   <rightEye x="450" y="178"/>
  </person>
 </frame>
 <frame number="00000408">
  <person id="0021">
   <leftEye x="432" y="178"/>
   <rightEye x="450" y="178"/>
  </person>
 </frame>
 <frame number="00000409">
  <person id="0021">
   <leftEye x="431" y="178"/>
   <rightEye x="450" y="178"/>
  </person>
 </frame>
 <frame number="00000410">
  <person id="0021">
   <leftEye x="430" y="178"/>
   <rightEye x="450" y="178"/>
  </person>
 </frame>
 <frame number="00000411">
  <person id="0021">
   <leftEye x="429" y="177"/>
   <rightEye x="449" y="177"/>
  </person>
 </frame>
 <frame number="00000412">
  <person id="0021">
   <leftEye x="428" y="176"/>
   <rightEye x="448" y="176"/>
  </person>
 </frame>
 <frame number="00000413">
  <person id="0021">
   <leftEye x="426" y="175"/>
   <rightEye x="447" y="175"/>
  </person>
 </frame>
 <frame number="00000414">
  <person id="0021">
   <leftEye x="425" y="175"/>
   <rightEye x="446" y="175"/>
  </person>
 </frame>
 <frame number="00000415">
  <person id="0021">
   <leftEye x="423" y="175"/>
   <rightEye x="444" y="175"/>
  </person>
 </frame>
 <frame number="00000416">
  <person id="0021">
   <leftEye x="421" y="176"/>
   <rightEye x="443" y="176"/>
  </person>
 </frame>
 <frame number="00000417">
  <person id="0021">
   <leftEye x="419" y="179"/>
   <rightEye x="441" y="179"/>
  </person>
 </frame>
 <frame number="00000418">
  <person id="0021">
   <leftEye x="417" y="182"/>
   <rightEye x="439" y="182"/>
  </person>
 </frame>
 <frame number="00000419">
  <person id="0021">
   <leftEye x="414" y="187"/>
   <rightEye x="437" y="187"/>
  </person>
 </frame>
 <frame number="00000420">
  <person id="0021">
   <leftEye x="412" y="192"/>
   <rightEye x="435" y="191"/>
  </person>
 </frame>
 <frame number="00000421">
  <person id="0021">
   <leftEye x="409" y="197"/>
   <rightEye x="433" y="196"/>
  </person>
 </frame>
 <frame number="00000422">
  <person id="0021">
   <leftEye x="406" y="201"/>
   <rightEye x="430" y="200"/>
  </person>
 </frame>
 <frame number="00000423">
  <person id="0021">
   <leftEye x="403" y="203"/>
   <rightEye x="428" y="203"/>
  </person>
 </frame>
 <frame number="00000424">
  <person id="0021">
   <leftEye x="399" y="204"/>
   <rightEye x="425" y="204"/>
  </person>
 </frame>
 <frame number="00000425">
  <person id="0021">
   <leftEye x="396" y="205"/>
   <rightEye x="422" y="205"/>
  </person>
 </frame>
 <frame number="00000426">
  <person id="0021">
   <leftEye x="393" y="206"/>
   <rightEye x="420" y="206"/>
  </person>
 </frame>
 <frame number="00000427">
  <person id="0021">
   <leftEye x="391" y="207"/>
   <rightEye x="418" y="206"/>
  </person>
 </frame>
 <frame number="00000428">
  <person id="0021">
   <leftEye x="389" y="207"/>
   <rightEye x="418" y="206"/>
  </person>
 </frame>
 <frame number="00000429">
  <person id="0021">
   <leftEye x="388" y="206"/>
   <rightEye x="417" y="206"/>
  </person>
 </frame>
 <frame number="00000430">
  <person id="0021">
   <leftEye x="388" y="206"/>
   <rightEye x="417" y="206"/>
  </person>
 </frame>
 <frame number="00000431">
  <person id="0021">
   <leftEye x="388" y="208"/>
   <rightEye x="418" y="207"/>
  </person>
 </frame>
 <frame number="00000432">
  <person id="0021">
   <leftEye x="388" y="211"/>
   <rightEye x="420" y="210"/>
  </person>
 </frame>
 <frame number="00000433">
  <person id="0021">
   <leftEye x="390" y="214"/>
   <rightEye x="422" y="214"/>
  </person>
 </frame>
 <frame number="00000434">
  <person id="0021">
   <leftEye x="392" y="219"/>
   <rightEye x="424" y="220"/>
  </person>
 </frame>
 <frame number="00000435">
  <person id="0021">
   <leftEye x="394" y="226"/>
   <rightEye x="426" y="227"/>
  </person>
 </frame>
 <frame number="00000436">
  <person id="0021">
   <leftEye x="397" y="234"/>
   <rightEye x="430" y="235"/>
  </person>
 </frame>
 <frame number="00000437">
  <person id="0021">
   <leftEye x="400" y="241"/>
   <rightEye x="434" y="243"/>
  </person>
 </frame>
 <frame number="00000438">
  <person id="0021">
   <leftEye x="404" y="248"/>
   <rightEye x="438" y="250"/>
  </person>
 </frame>
 <frame number="00000439">
  <person id="0021">
   <leftEye x="409" y="253"/>
   <rightEye x="443" y="255"/>
  </person>
 </frame>
 <frame number="00000440">
  <person id="0021">
   <leftEye x="413" y="256"/>
   <rightEye x="447" y="259"/>
  </person>
 </frame>
 <frame number="00000441">
  <person id="0021">
   <leftEye x="416" y="258"/>
   <rightEye x="451" y="261"/>
  </person>
 </frame>
 <frame number="00000442">
  <person id="0021">
   <leftEye x="418" y="260"/>
   <rightEye x="455" y="263"/>
  </person>
 </frame>
 <frame number="00000443">
  <person id="0021">
   <leftEye x="419" y="261"/>
   <rightEye x="457" y="264"/>
  </person>
 </frame>
 <frame number="00000444">
  <person id="0021">
   <leftEye x="419" y="261"/>
   <rightEye x="457" y="264"/>
  </person>
 </frame>
 <frame number="00000445">
  <person id="0021">
   <leftEye x="418" y="261"/>
   <rightEye x="457" y="263"/>
  </person>
 </frame>
 <frame number="00000446">
  <person id="0021">
   <leftEye x="416" y="262"/>
   <rightEye x="457" y="263"/>
  </person>
 </frame>
 <frame number="00000447">
  <person id="0021">
   <leftEye x="413" y="264"/>
   <rightEye x="455" y="265"/>
  </person>
 </frame>
 <frame number="00000448">
  <person id="0021">
   <leftEye x="409" y="268"/>
   <rightEye x="452" y="269"/>
  </person>
 </frame>
 <frame number="00000449">
  <person id="0021">
   <leftEye x="406" y="274"/>
   <rightEye x="449" y="275"/>
  </person>
 </frame>
 <frame number="00000450">
  <person id="0021">
   <leftEye x="402" y="284"/>
   <rightEye x="446" y="284"/>
  </person>
 </frame>
 <frame number="00000451">
  <person id="0021">
   <leftEye x="397" y="296"/>
   <rightEye x="443" y="296"/>
  </person>
 </frame>
 <frame number="00000452">
  <person id="0021">
   <leftEye x="392" y="311"/>
   <rightEye x="440" y="311"/>
  </person>
 </frame>
 <frame number="00000453">
  <person id="0021">
   <leftEye x="385" y="326"/>
   <rightEye x="435" y="326"/>
  </person>
 </frame>
 <frame number="00000454">
  <person id="0021">
   <leftEye x="377" y="341"/>
   <rightEye x="429" y="342"/>
  </person>
 </frame>
 <frame number="00000455">
  <person id="0021">
   <leftEye x="368" y="355"/>
   <rightEye x="422" y="356"/>
  </person>
 </frame>
 <frame number="00000456">
  <person id="0021">
   <leftEye x="357" y="366"/>
   <rightEye x="414" y="367"/>
  </person>
 </frame>
 <frame number="00000457">
  <person id="0021">
   <leftEye x="344" y="375"/>
   <rightEye x="404" y="376"/>
  </person>
 </frame>
 <frame number="00000458">
  <person id="0021">
   <leftEye x="331" y="385"/>
   <rightEye x="394" y="385"/>
  </person>
 </frame>
 <frame number="00000459">
  <person id="0021">
   <leftEye x="318" y="394"/>
   <rightEye x="383" y="394"/>
  </person>
 </frame>
 <frame number="00000460">
  <person id="0021">
   <leftEye x="304" y="403"/>
   <rightEye x="372" y="403"/>
  </person>
 </frame>
 <frame number="00000461">
  <person id="0021">
   <leftEye x="290" y="412"/>
   <rightEye x="361" y="412"/>
  </person>
 </frame>
 <frame number="00000462">
  <person id="0021">
   <leftEye x="277" y="421"/>
   <rightEye x="351" y="419"/>
  </person>
 </frame>
 <frame number="00000463">
  <person id="0021">
   <leftEye x="277" y="420"/>
   <rightEye x="351" y="419"/>
  </person>
 </frame>
 <frame number="00000464">
  <person id="0021">
   <leftEye x="258" y="440"/>
   <rightEye x="338" y="438"/>
  </person>
 </frame>
 <frame number="00000465">
  <person id="0021">
   <leftEye x="245" y="458"/>
   <rightEye x="328" y="457"/>
  </person>
 </frame>
 <frame number="00000466"/>
 <frame number="00000467"/>
 <frame number="00000468"/>
 <frame number="00000469"/>
 <frame number="00000470"/>
 <frame number="00000471"/>
 <frame number="00000472"/>
 <frame number="00000473"/>
 <frame number="00000474"/>
 <frame number="00000475"/>
 <frame number="00000537"/>
 <frame number="00000538"/>
 <frame number="00000539"/>
 <frame number="00000540"/>
 <frame number="00000541"/>
 <frame number="00000542"/>
 <frame number="00000543"/>
 <frame number="00000544"/>
 <frame number="00000545"/>
 <frame number="00000546"/>
 <frame number="00000547"/>
 <frame number="00000548"/>
 <frame number="00000549"/>
 <frame number="00000550"/>
 <frame number="00000551"/>
 <frame number="00000552"/>
 <frame number="00000553"/>
 <frame number="00000554"/>
 <frame number="00000555"/>
 <frame number="00000556"/>
 <frame number="00000557"/>
 <frame number="00000558"/>
 <frame number="00000559"/>
 <frame number="00000560"/>
 <frame number="00000561"/>
 <frame number="00000562"/>
 <frame number="00000563"/>
 <frame number="00000564"/>
 <frame number="00000565"/>
 <frame number="00000566"/>
 <frame number="00000567"/>
 <frame number="00000568"/>
 <frame number="00000569"/>
 <frame number="00000570"/>
 <frame number="00000571"/>
 <frame number="00000572"/>
 <frame number="00000573"/>
 <frame number="00000574"/>
 <frame number="00000575">
  <person id="0002">
   <leftEye x="516" y="159"/>
   <rightEye x="532" y="160"/>
  </person>
 </frame>
 <frame number="00000576">
  <person id="0002">
   <leftEye x="511" y="161"/>
   <rightEye x="527" y="161"/>
  </person>
 </frame>
 <frame number="00000577">
  <person id="0002">
   <leftEye x="506" y="163"/>
   <rightEye x="522" y="163"/>
  </person>
 </frame>
 <frame number="00000578">
  <person id="0002">
   <leftEye x="502" y="165"/>
   <rightEye x="518" y="165"/>
  </person>
 </frame>
 <frame number="00000579">
  <person id="0002">
   <leftEye x="499" y="166"/>
   <rightEye x="515" y="166"/>
  </person>
 </frame>
 <frame number="00000580">
  <person id="0002">
   <leftEye x="496" y="167"/>
   <rightEye x="513" y="167"/>
  </person>
 </frame>
 <frame number="00000581">
  <person id="0002">
   <leftEye x="492" y="167"/>
   <rightEye x="509" y="168"/>
  </person>
 </frame>
 <frame number="00000582">
  <person id="0002">
   <leftEye x="488" y="167"/>
   <rightEye x="505" y="168"/>
  </person>
 </frame>
 <frame number="00000583">
  <person id="0002">
   <leftEye x="484" y="166"/>
   <rightEye x="501" y="166"/>
  </person>
 </frame>
 <frame number="00000584">
  <person id="0002">
   <leftEye x="481" y="164"/>
   <rightEye x="498" y="164"/>
  </person>
 </frame>
 <frame number="00000585">
  <person id="0002">
   <leftEye x="478" y="162"/>
   <rightEye x="495" y="162"/>
  </person>
 </frame>
 <frame number="00000586">
  <person id="0002">
   <leftEye x="475" y="161"/>
   <rightEye x="492" y="161"/>
  </person>
 </frame>
 <frame number="00000587">
  <person id="0002">
   <leftEye x="472" y="160"/>
   <rightEye x="489" y="160"/>
  </person>
 </frame>
 <frame number="00000588">
  <person id="0002">
   <leftEye x="469" y="160"/>
   <rightEye x="488" y="160"/>
  </person>
 </frame>
 <frame number="00000589">
  <person id="0002">
   <leftEye x="467" y="162"/>
   <rightEye x="486" y="162"/>
  </person>
 </frame>
 <frame number="00000590">
  <person id="0002">
   <leftEye x="465" y="164"/>
   <rightEye x="484" y="164"/>
  </person>
 </frame>
 <frame number="00000591">
  <person id="0002">
   <leftEye x="463" y="168"/>
   <rightEye x="482" y="168"/>
  </person>
 </frame>
 <frame number="00000592">
  <person id="0002">
   <leftEye x="461" y="172"/>
   <rightEye x="480" y="172"/>
  </person>
 </frame>
 <frame number="00000593">
  <person id="0002">
   <leftEye x="459" y="176"/>
   <rightEye x="479" y="176"/>
  </person>
 </frame>
 <frame number="00000594">
  <person id="0002">
   <leftEye x="457" y="180"/>
   <rightEye x="478" y="180"/>
  </person>
 </frame>
 <frame number="00000595">
  <person id="0002">
   <leftEye x="456" y="183"/>
   <rightEye x="477" y="183"/>
  </person>
 </frame>
 <frame number="00000596">
  <person id="0002">
   <leftEye x="456" y="185"/>
   <rightEye x="476" y="185"/>
  </person>
 </frame>
 <frame number="00000597">
  <person id="0002">
   <leftEye x="456" y="185"/>
   <rightEye x="476" y="185"/>
  </person>
 </frame>
 <frame number="00000598">
  <person id="0002">
   <leftEye x="456" y="185"/>
   <rightEye x="476" y="185"/>
  </person>
 </frame>
 <frame number="00000599">
  <person id="0002">
   <leftEye x="455" y="185"/>
   <rightEye x="476" y="185"/>
  </person>
 </frame>
 <frame number="00000600">
  <person id="0002">
   <leftEye x="454" y="185"/>
   <rightEye x="476" y="185"/>
  </person>
 </frame>
 <frame number="00000601">
  <person id="0002">
   <leftEye x="453" y="184"/>
   <rightEye x="476" y="185"/>
  </person>
 </frame>
 <frame number="00000602">
  <person id="0002">
   <leftEye x="452" y="184"/>
   <rightEye x="476" y="185"/>
  </person>
 </frame>
 <frame number="00000603">
  <person id="0002">
   <leftEye x="452" y="185"/>
   <rightEye x="476" y="186"/>
  </person>
 </frame>
 <frame number="00000604">
  <person id="0002">
   <leftEye x="452" y="186"/>
   <rightEye x="477" y="187"/>
  </person>
 </frame>
 <frame number="00000605">
  <person id="0002">
   <leftEye x="452" y="188"/>
   <rightEye x="477" y="189"/>
  </person>
 </frame>
 <frame number="00000606">
  <person id="0002">
   <leftEye x="452" y="191"/>
   <rightEye x="478" y="193"/>
  </person>
 </frame>
 <frame number="00000607">
  <person id="0002">
   <leftEye x="453" y="195"/>
   <rightEye x="479" y="197"/>
  </person>
 </frame>
 <frame number="00000608">
  <person id="0002">
   <leftEye x="454" y="199"/>
   <rightEye x="480" y="201"/>
  </person>
 </frame>
 <frame number="00000609">
  <person id="0002">
   <leftEye x="455" y="204"/>
   <rightEye x="481" y="207"/>
  </person>
 </frame>
 <frame number="00000610">
  <person id="0002">
   <leftEye x="455" y="209"/>
   <rightEye x="482" y="213"/>
  </person>
 </frame>
 <frame number="00000611">
  <person id="0002">
   <leftEye x="455" y="214"/>
   <rightEye x="483" y="219"/>
  </person>
 </frame>
 <frame number="00000612">
  <person id="0002">
   <leftEye x="455" y="216"/>
   <rightEye x="483" y="223"/>
  </person>
 </frame>
 <frame number="00000613">
  <person id="0002">
   <leftEye x="455" y="216"/>
   <rightEye x="483" y="224"/>
  </person>
 </frame>
 <frame number="00000614">
  <person id="0002">
   <leftEye x="454" y="216"/>
   <rightEye x="483" y="224"/>
  </person>
 </frame>
 <frame number="00000615">
  <person id="0002">
   <leftEye x="454" y="216"/>
   <rightEye x="484" y="224"/>
  </person>
 </frame>
 <frame number="00000616">
  <person id="0002">
   <leftEye x="454" y="216"/>
   <rightEye x="484" y="223"/>
  </person>
 </frame>
 <frame number="00000617">
  <person id="0002">
   <leftEye x="454" y="216"/>
   <rightEye x="485" y="223"/>
  </person>
 </frame>
 <frame number="00000618">
  <person id="0002">
   <leftEye x="455" y="217"/>
   <rightEye x="487" y="224"/>
  </person>
 </frame>
 <frame number="00000619">
  <person id="0002">
   <leftEye x="456" y="219"/>
   <rightEye x="489" y="226"/>
  </person>
 </frame>
 <frame number="00000620">
  <person id="0002">
   <leftEye x="457" y="223"/>
   <rightEye x="491" y="230"/>
  </person>
 </frame>
 <frame number="00000621">
  <person id="0002">
   <leftEye x="457" y="229"/>
   <rightEye x="493" y="235"/>
  </person>
 </frame>
 <frame number="00000622">
  <person id="0002">
   <leftEye x="458" y="237"/>
   <rightEye x="494" y="243"/>
  </person>
 </frame>
 <frame number="00000623">
  <person id="0002">
   <leftEye x="458" y="247"/>
   <rightEye x="495" y="252"/>
  </person>
 </frame>
 <frame number="00000624">
  <person id="0002">
   <leftEye x="458" y="257"/>
   <rightEye x="496" y="262"/>
  </person>
 </frame>
 <frame number="00000625">
  <person id="0002">
   <leftEye x="460" y="267"/>
   <rightEye x="499" y="271"/>
  </person>
 </frame>
 <frame number="00000626">
  <person id="0002">
   <leftEye x="462" y="276"/>
   <rightEye x="503" y="279"/>
  </person>
 </frame>
 <frame number="00000627">
  <person id="0002">
   <leftEye x="465" y="283"/>
   <rightEye x="507" y="286"/>
  </person>
 </frame>
 <frame number="00000628">
  <person id="0002">
   <leftEye x="468" y="289"/>
   <rightEye x="512" y="291"/>
  </person>
 </frame>
 <frame number="00000629">
  <person id="0002">
   <leftEye x="471" y="293"/>
   <rightEye x="517" y="295"/>
  </person>
 </frame>
 <frame number="00000630">
  <person id="0002">
   <leftEye x="474" y="296"/>
   <rightEye x="522" y="298"/>
  </person>
 </frame>
 <frame number="00000631">
  <person id="0002">
   <leftEye x="477" y="298"/>
   <rightEye x="527" y="300"/>
  </person>
 </frame>
 <frame number="00000632">
  <person id="0002">
   <leftEye x="480" y="301"/>
   <rightEye x="532" y="303"/>
  </person>
 </frame>
 <frame number="00000633">
  <person id="0002">
   <leftEye x="482" y="306"/>
   <rightEye x="537" y="308"/>
  </person>
 </frame>
 <frame number="00000634">
  <person id="0002">
   <leftEye x="484" y="314"/>
   <rightEye x="541" y="316"/>
  </person>
 </frame>
 <frame number="00000635">
  <person id="0002">
   <leftEye x="486" y="325"/>
   <rightEye x="545" y="326"/>
  </person>
 </frame>
 <frame number="00000636">
  <person id="0002">
   <leftEye x="488" y="339"/>
   <rightEye x="549" y="340"/>
  </person>
 </frame>
 <frame number="00000637">
  <person id="0002">
   <leftEye x="490" y="355"/>
   <rightEye x="554" y="356"/>
  </person>
 </frame>
 <frame number="00000638">
  <person id="0002">
   <leftEye x="491" y="376"/>
   <rightEye x="558" y="376"/>
  </person>
 </frame>
 <frame number="00000639">
  <person id="0002">
   <leftEye x="492" y="402"/>
   <rightEye x="562" y="401"/>
  </person>
 </frame>
 <frame number="00000640">
  <person id="0002">
   <leftEye x="491" y="429"/>
   <rightEye x="567" y="428"/>
  </person>
 </frame>
 <frame number="00000641">
  <person id="0002">
   <leftEye x="491" y="459"/>
   <rightEye x="573" y="459"/>
  </person>
 </frame>
 <frame number="00000642"/>
 <frame number="00000643"/>
 <frame number="00000644"/>
 <frame number="00000645"/>
 <frame number="00000646"/>
 <frame number="00000647"/>
 <frame number="00000648"/>
 <frame number="00000649"/>
 <frame number="00000650"/>
 <frame number="00000651"/>
 <frame number="00000652"/>
 <frame number="00000653"/>
 <frame number="00000719"/>
 <frame number="00000720"/>
 <frame number="00000721"/>
 <frame number="00000722"/>
 <frame number="00000723"/>
 <frame number="00000724"/>
 <frame number="00000725"/>
 <frame number="00000726"/>
 <frame number="00000727"/>
 <frame number="00000728"/>
 <frame number="00000729"/>
 <frame number="00000730"/>
 <frame number="00000731"/>
 <frame number="00000732"/>
 <frame number="00000733"/>
 <frame number="00000734"/>
 <frame number="00000735"/>
 <frame number="00000736"/>
 <frame number="00000737"/>
 <frame number="00000738"/>
 <frame number="00000739"/>
 <frame number="00000740"/>
 <frame number="00000741"/>
 <frame number="00000742"/>
 <frame number="00000743"/>
 <frame number="00000744"/>
 <frame number="00000745"/>
 <frame number="00000746"/>
 <frame number="00000747"/>
 <frame number="00000748"/>
 <frame number="00000749"/>
 <frame number="00000750"/>
 <frame number="00000751"/>
 <frame number="00000752"/>
 <frame number="00000753"/>
 <frame number="00000754"/>
 <frame number="00000755"/>
 <frame number="00000756"/>
 <frame number="00000757"/>
 <frame number="00000758"/>
 <frame number="00000759"/>
 <frame number="00000760"/>
 <frame number="00000761"/>
 <frame number="00000762"/>
 <frame number="00000763"/>
 <frame number="00000764"/>
 <frame number="00000765"/>
 <frame number="00000766"/>
 <frame number="00000767"/>
 <frame number="00000768"/>
 <frame number="00000769"/>
 <frame number="00000770"/>
 <frame number="00000771">
  <person id="0022">
   <leftEye x="464" y="181"/>
   <rightEye x="480" y="181"/>
  </person>
 </frame>
 <frame number="00000772">
  <person id="0022">
   <leftEye x="461" y="180"/>
   <rightEye x="477" y="180"/>
  </person>
 </frame>
 <frame number="00000773">
  <person id="0022">
   <leftEye x="458" y="180"/>
   <rightEye x="474" y="180"/>
  </person>
 </frame>
 <frame number="00000774">
  <person id="0022">
   <leftEye x="455" y="179"/>
   <rightEye x="471" y="179"/>
  </person>
 </frame>
 <frame number="00000775">
  <person id="0022">
   <leftEye x="452" y="178"/>
   <rightEye x="468" y="178"/>
  </person>
 </frame>
 <frame number="00000776">
  <person id="0022">
   <leftEye x="449" y="178"/>
   <rightEye x="465" y="178"/>
  </person>
 </frame>
 <frame number="00000777">
  <person id="0022">
   <leftEye x="446" y="177"/>
   <rightEye x="463" y="177"/>
  </person>
 </frame>
 <frame number="00000778">
  <person id="0022">
   <leftEye x="443" y="177"/>
   <rightEye x="460" y="177"/>
  </person>
 </frame>
 <frame number="00000779">
  <person id="0022">
   <leftEye x="440" y="177"/>
   <rightEye x="458" y="177"/>
  </person>
 </frame>
 <frame number="00000780">
  <person id="0022">
   <leftEye x="437" y="178"/>
   <rightEye x="455" y="178"/>
  </person>
 </frame>
 <frame number="00000781">
  <person id="0022">
   <leftEye x="434" y="180"/>
   <rightEye x="452" y="180"/>
  </person>
 </frame>
 <frame number="00000782">
  <person id="0022">
   <leftEye x="431" y="183"/>
   <rightEye x="449" y="183"/>
  </person>
 </frame>
 <frame number="00000783">
  <person id="0022">
   <leftEye x="428" y="187"/>
   <rightEye x="446" y="186"/>
  </person>
 </frame>
 <frame number="00000784">
  <person id="0022">
   <leftEye x="425" y="191"/>
   <rightEye x="443" y="190"/>
  </person>
 </frame>
 <frame number="00000785">
  <person id="0022">
   <leftEye x="421" y="194"/>
   <rightEye x="440" y="194"/>
  </person>
 </frame>
 <frame number="00000786">
  <person id="0022">
   <leftEye x="418" y="197"/>
   <rightEye x="436" y="196"/>
  </person>
 </frame>
 <frame number="00000787">
  <person id="0022">
   <leftEye x="414" y="199"/>
   <rightEye x="432" y="198"/>
  </person>
 </frame>
 <frame number="00000788">
  <person id="0022">
   <leftEye x="410" y="199"/>
   <rightEye x="428" y="198"/>
  </person>
 </frame>
 <frame number="00000789">
  <person id="0022">
   <leftEye x="406" y="199"/>
   <rightEye x="425" y="198"/>
  </person>
 </frame>
 <frame number="00000790">
  <person id="0022">
   <leftEye x="402" y="199"/>
   <rightEye x="422" y="198"/>
  </person>
 </frame>
 <frame number="00000791">
  <person id="0022">
   <leftEye x="399" y="198"/>
   <rightEye x="419" y="197"/>
  </person>
 </frame>
 <frame number="00000792">
  <person id="0022">
   <leftEye x="396" y="198"/>
   <rightEye x="416" y="197"/>
  </person>
 </frame>
 <frame number="00000793">
  <person id="0022">
   <leftEye x="393" y="198"/>
   <rightEye x="413" y="197"/>
  </person>
 </frame>
 <frame number="00000794">
  <person id="0022">
   <leftEye x="390" y="198"/>
   <rightEye x="411" y="197"/>
  </person>
 </frame>
 <frame number="00000795">
  <person id="0022">
   <leftEye x="387" y="199"/>
   <rightEye x="409" y="198"/>
  </person>
 </frame>
 <frame number="00000796">
  <person id="0022">
   <leftEye x="385" y="201"/>
   <rightEye x="407" y="200"/>
  </person>
 </frame>
 <frame number="00000797">
  <person id="0022">
   <leftEye x="382" y="204"/>
   <rightEye x="404" y="203"/>
  </person>
 </frame>
 <frame number="00000798">
  <person id="0022">
   <leftEye x="380" y="208"/>
   <rightEye x="402" y="207"/>
  </person>
 </frame>
 <frame number="00000799">
  <person id="0022">
   <leftEye x="377" y="214"/>
   <rightEye x="400" y="213"/>
  </person>
 </frame>
 <frame number="00000800">
  <person id="0022">
   <leftEye x="375" y="220"/>
   <rightEye x="398" y="219"/>
  </person>
 </frame>
 <frame number="00000801">
  <person id="0022">
   <leftEye x="373" y="226"/>
   <rightEye x="396" y="225"/>
  </person>
 </frame>
 <frame number="00000802">
  <person id="0022">
   <leftEye x="370" y="230"/>
   <rightEye x="394" y="229"/>
  </person>
 </frame>
 <frame number="00000803">
  <person id="0022">
   <leftEye x="367" y="233"/>
   <rightEye x="393" y="232"/>
  </person>
 </frame>
 <frame number="00000804">
  <person id="0022">
   <leftEye x="365" y="235"/>
   <rightEye x="391" y="234"/>
  </person>
 </frame>
 <frame number="00000805">
  <person id="0022">
   <leftEye x="363" y="235"/>
   <rightEye x="390" y="235"/>
  </person>
 </frame>
 <frame number="00000806">
  <person id="0022">
   <leftEye x="360" y="235"/>
   <rightEye x="389" y="235"/>
  </person>
 </frame>
 <frame number="00000807">
  <person id="0022">
   <leftEye x="358" y="234"/>
   <rightEye x="387" y="234"/>
  </person>
 </frame>
 <frame number="00000808">
  <person id="0022">
   <leftEye x="356" y="234"/>
   <rightEye x="384" y="234"/>
  </person>
 </frame>
 <frame number="00000809">
  <person id="0022">
   <leftEye x="353" y="235"/>
   <rightEye x="382" y="235"/>
  </person>
 </frame>
 <frame number="00000810">
  <person id="0022">
   <leftEye x="353" y="235"/>
   <rightEye x="382" y="235"/>
  </person>
 </frame>
 <frame number="00000811">
  <person id="0022">
   <leftEye x="346" y="239"/>
   <rightEye x="375" y="239"/>
  </person>
 </frame>
 <frame number="00000812">
  <person id="0022">
   <leftEye x="344" y="240"/>
   <rightEye x="373" y="240"/>
  </person>
 </frame>
 <frame number="00000813">
  <person id="0022">
   <leftEye x="340" y="244"/>
   <rightEye x="370" y="244"/>
  </person>
 </frame>
 <frame number="00000814">
  <person id="0022">
   <leftEye x="334" y="251"/>
   <rightEye x="364" y="251"/>
  </person>
 </frame>
 <frame number="00000815">
  <person id="0022">
   <leftEye x="328" y="260"/>
   <rightEye x="358" y="258"/>
  </person>
 </frame>
 <frame number="00000816">
  <person id="0022">
   <leftEye x="312" y="281"/>
   <rightEye x="346" y="279"/>
  </person>
 </frame>
 <frame number="00000817">
  <person id="0022">
   <leftEye x="313" y="282"/>
   <rightEye x="346" y="280"/>
  </person>
 </frame>
 <frame number="00000818">
  <person id="0022">
   <leftEye x="305" y="293"/>
   <rightEye x="338" y="290"/>
  </person>
 </frame>
 <frame number="00000819">
  <person id="0022">
   <leftEye x="294" y="301"/>
   <rightEye x="329" y="298"/>
  </person>
 </frame>
 <frame number="00000820">
  <person id="0022">
   <leftEye x="271" y="308"/>
   <rightEye x="307" y="306"/>
  </person>
 </frame>
 <frame number="00000821">
  <person id="0022">
   <leftEye x="272" y="309"/>
   <rightEye x="307" y="307"/>
  </person>
 </frame>
 <frame number="00000822">
  <person id="0022">
   <leftEye x="257" y="311"/>
   <rightEye x="294" y="309"/>
  </person>
 </frame>
 <frame number="00000823">
  <person id="0022">
   <leftEye x="247" y="313"/>
   <rightEye x="283" y="311"/>
  </person>
 </frame>
 <frame number="00000824">
  <person id="0022">
   <leftEye x="236" y="315"/>
   <rightEye x="273" y="313"/>
  </person>
 </frame>
 <frame number="00000825">
  <person id="0022">
   <leftEye x="224" y="317"/>
   <rightEye x="264" y="315"/>
  </person>
 </frame>
 <frame number="00000826">
  <person id="0022">
   <leftEye x="213" y="320"/>
   <rightEye x="254" y="317"/>
  </person>
 </frame>
 <frame number="00000827">
  <person id="0022">
   <leftEye x="202" y="325"/>
   <rightEye x="244" y="321"/>
  </person>
 </frame>
 <frame number="00000828">
  <person id="0022">
   <leftEye x="191" y="332"/>
   <rightEye x="234" y="328"/>
  </person>
 </frame>
 <frame number="00000829">
  <person id="0022">
   <leftEye x="180" y="342"/>
   <rightEye x="224" y="338"/>
  </person>
 </frame>
 <frame number="00000830">
  <person id="0022">
   <leftEye x="169" y="355"/>
   <rightEye x="215" y="352"/>
  </person>
 </frame>
 <frame number="00000831">
  <person id="0022">
   <leftEye x="158" y="373"/>
   <rightEye x="205" y="370"/>
  </person>
 </frame>
 <frame number="00000832">
  <person id="0022">
   <leftEye x="146" y="393"/>
   <rightEye x="194" y="390"/>
  </person>
 </frame>
 <frame number="00000833">
  <person id="0022">
   <leftEye x="134" y="415"/>
   <rightEye x="184" y="413"/>
  </person>
 </frame>
 <frame number="00000834">
  <person id="0022">
   <leftEye x="122" y="438"/>
   <rightEye x="173" y="437"/>
  </person>
 </frame>
 <frame number="00000835">
  <person id="0022">
   <leftEye x="109" y="458"/>
   <rightEye x="161" y="457"/>
  </person>
 </frame>
 <frame number="00000836">
  <person id="0022">
   <leftEye x="92" y="474"/>
   <rightEye x="147" y="474"/>
  </person>
 </frame>
 <frame number="00000837">
  <person id="0022">
   <leftEye x="74" y="489"/>
   <rightEye x="131" y="490"/>
  </person>
 </frame>
 <frame number="00000838">
  <person id="0022">
   <leftEye x="55" y="504"/>
   <rightEye x="115" y="505"/>
  </person>
 </frame>
 <frame number="00000839"/>
 <frame number="00000840"/>
 <frame number="00000841"/>
 <frame number="00000842"/>
 <frame number="00000843"/>
 <frame number="00000844"/>
 <frame number="00000845"/>
 <frame number="00000846"/>
 <frame number="00000847"/>
 <frame number="00000848"/>
 <frame number="00000849"/>
 <frame number="00000850"/>
 <frame number="00000909"/>
 <frame number="00000910"/>
 <frame number="00000911"/>
 <frame number="00000912"/>
 <frame number="00000913"/>
 <frame number="00000914"/>
 <frame number="00000915"/>
 <frame number="00000916"/>
 <frame number="00000917"/>
 <frame number="00000918"/>
 <frame number="00000919"/>
 <frame number="00000920"/>
 <frame number="00000921"/>
 <frame number="00000922"/>
 <frame number="00000923"/>
 <frame number="00000924"/>
 <frame number="00000925"/>
 <frame number="00000926"/>
 <frame number="00000927"/>
 <frame number="00000928"/>
 <frame number="00000929"/>
 <frame number="00000930"/>
 <frame number="00000931"/>
 <frame number="00000932"/>
 <frame number="00000933"/>
 <frame number="00000934"/>
 <frame number="00000935"/>
 <frame number="00000936"/>
 <frame number="00000937"/>
 <frame number="00000938"/>
 <frame number="00000939"/>
 <frame number="00000940"/>
 <frame number="00000941"/>
 <frame number="00000942"/>
 <frame number="00000943"/>
 <frame number="00000944">
  <person id="0003">
   <leftEye x="526" y="171"/>
   <rightEye x="542" y="172"/>
  </person>
 </frame>
 <frame number="00000945">
  <person id="0003">
   <leftEye x="522" y="173"/>
   <rightEye x="537" y="174"/>
  </person>
 </frame>
 <frame number="00000946">
  <person id="0003">
   <leftEye x="518" y="175"/>
   <rightEye x="533" y="176"/>
  </person>
 </frame>
 <frame number="00000947">
  <person id="0003">
   <leftEye x="514" y="177"/>
   <rightEye x="529" y="178"/>
  </person>
 </frame>
 <frame number="00000948">
  <person id="0003">
   <leftEye x="510" y="179"/>
   <rightEye x="525" y="180"/>
  </person>
 </frame>
 <frame number="00000949">
  <person id="0003">
   <leftEye x="506" y="182"/>
   <rightEye x="521" y="183"/>
  </person>
 </frame>
 <frame number="00000950">
  <person id="0003">
   <leftEye x="502" y="184"/>
   <rightEye x="518" y="185"/>
  </person>
 </frame>
 <frame number="00000951">
  <person id="0003">
   <leftEye x="499" y="186"/>
   <rightEye x="515" y="187"/>
  </person>
 </frame>
 <frame number="00000952">
  <person id="0003">
   <leftEye x="496" y="187"/>
   <rightEye x="512" y="187"/>
  </person>
 </frame>
 <frame number="00000953">
  <person id="0003">
   <leftEye x="492" y="186"/>
   <rightEye x="509" y="187"/>
  </person>
 </frame>
 <frame number="00000954">
  <person id="0003">
   <leftEye x="489" y="185"/>
   <rightEye x="506" y="187"/>
  </person>
 </frame>
 <frame number="00000955">
  <person id="0003">
   <leftEye x="485" y="184"/>
   <rightEye x="503" y="186"/>
  </person>
 </frame>
 <frame number="00000956">
  <person id="0003">
   <leftEye x="482" y="184"/>
   <rightEye x="499" y="185"/>
  </person>
 </frame>
 <frame number="00000957">
  <person id="0003">
   <leftEye x="478" y="184"/>
   <rightEye x="496" y="185"/>
  </person>
 </frame>
 <frame number="00000958">
  <person id="0003">
   <leftEye x="474" y="184"/>
   <rightEye x="493" y="185"/>
  </person>
 </frame>
 <frame number="00000959">
  <person id="0003">
   <leftEye x="471" y="185"/>
   <rightEye x="489" y="186"/>
  </person>
 </frame>
 <frame number="00000960">
  <person id="0003">
   <leftEye x="467" y="187"/>
   <rightEye x="485" y="188"/>
  </person>
 </frame>
 <frame number="00000961">
  <person id="0003">
   <leftEye x="463" y="189"/>
   <rightEye x="482" y="190"/>
  </person>
 </frame>
 <frame number="00000962">
  <person id="0003">
   <leftEye x="459" y="192"/>
   <rightEye x="479" y="193"/>
  </person>
 </frame>
 <frame number="00000963">
  <person id="0003">
   <leftEye x="455" y="195"/>
   <rightEye x="475" y="196"/>
  </person>
 </frame>
 <frame number="00000964">
  <person id="0003">
   <leftEye x="451" y="198"/>
   <rightEye x="471" y="199"/>
  </person>
 </frame>
 <frame number="00000965">
  <person id="0003">
   <leftEye x="447" y="200"/>
   <rightEye x="467" y="202"/>
  </person>
 </frame>
 <frame number="00000966">
  <person id="0003">
   <leftEye x="444" y="202"/>
   <rightEye x="463" y="204"/>
  </person>
 </frame>
 <frame number="00000967">
  <person id="0003">
   <leftEye x="440" y="203"/>
   <rightEye x="460" y="204"/>
  </person>
 </frame>
 <frame number="00000968">
  <person id="0003">
   <leftEye x="437" y="203"/>
   <rightEye x="457" y="204"/>
  </person>
 </frame>
 <frame number="00000969">
  <person id="0003">
   <leftEye x="434" y="203"/>
   <rightEye x="455" y="203"/>
  </person>
 </frame>
 <frame number="00000970">
  <person id="0003">
   <leftEye x="432" y="202"/>
   <rightEye x="452" y="203"/>
  </person>
 </frame>
 <frame number="00000971">
  <person id="0003">
   <leftEye x="430" y="202"/>
   <rightEye x="450" y="203"/>
  </person>
 </frame>
 <frame number="00000972">
  <person id="0003">
   <leftEye x="428" y="203"/>
   <rightEye x="449" y="204"/>
  </person>
 </frame>
 <frame number="00000973">
  <person id="0003">
   <leftEye x="426" y="204"/>
   <rightEye x="449" y="206"/>
  </person>
 </frame>
 <frame number="00000974">
  <person id="0003">
   <leftEye x="426" y="207"/>
   <rightEye x="449" y="208"/>
  </person>
 </frame>
 <frame number="00000975">
  <person id="0003">
   <leftEye x="425" y="210"/>
   <rightEye x="449" y="211"/>
  </person>
 </frame>
 <frame number="00000976">
  <person id="0003">
   <leftEye x="425" y="213"/>
   <rightEye x="449" y="214"/>
  </person>
 </frame>
 <frame number="00000977">
  <person id="0003">
   <leftEye x="425" y="218"/>
   <rightEye x="449" y="219"/>
  </person>
 </frame>
 <frame number="00000978">
  <person id="0003">
   <leftEye x="425" y="222"/>
   <rightEye x="449" y="223"/>
  </person>
 </frame>
 <frame number="00000979">
  <person id="0003">
   <leftEye x="425" y="226"/>
   <rightEye x="449" y="227"/>
  </person>
 </frame>
 <frame number="00000980">
  <person id="0003">
   <leftEye x="426" y="230"/>
   <rightEye x="450" y="231"/>
  </person>
 </frame>
 <frame number="00000981">
  <person id="0003">
   <leftEye x="426" y="234"/>
   <rightEye x="451" y="235"/>
  </person>
 </frame>
 <frame number="00000982">
  <person id="0003">
   <leftEye x="426" y="237"/>
   <rightEye x="453" y="238"/>
  </person>
 </frame>
 <frame number="00000983">
  <person id="0003">
   <leftEye x="426" y="238"/>
   <rightEye x="454" y="239"/>
  </person>
 </frame>
 <frame number="00000984">
  <person id="0003">
   <leftEye x="426" y="238"/>
   <rightEye x="455" y="239"/>
  </person>
 </frame>
 <frame number="00000985">
  <person id="0003">
   <leftEye x="426" y="238"/>
   <rightEye x="455" y="239"/>
  </person>
 </frame>
 <frame number="00000986">
  <person id="0003">
   <leftEye x="426" y="238"/>
   <rightEye x="455" y="239"/>
  </person>
 </frame>
 <frame number="00000987">
  <person id="0003">
   <leftEye x="425" y="240"/>
   <rightEye x="455" y="240"/>
  </person>
 </frame>
 <frame number="00000988">
  <person id="0003">
   <leftEye x="424" y="243"/>
   <rightEye x="454" y="243"/>
  </person>
 </frame>
 <frame number="00000989">
  <person id="0003">
   <leftEye x="423" y="247"/>
   <rightEye x="453" y="247"/>
  </person>
 </frame>
 <frame number="00000990">
  <person id="0003">
   <leftEye x="421" y="252"/>
   <rightEye x="452" y="253"/>
  </person>
 </frame>
 <frame number="00000991">
  <person id="0003">
   <leftEye x="420" y="258"/>
   <rightEye x="450" y="259"/>
  </person>
 </frame>
 <frame number="00000992">
  <person id="0003">
   <leftEye x="418" y="265"/>
   <rightEye x="448" y="266"/>
  </person>
 </frame>
 <frame number="00000993">
  <person id="0003">
   <leftEye x="416" y="272"/>
   <rightEye x="447" y="273"/>
  </person>
 </frame>
 <frame number="00000994">
  <person id="0003">
   <leftEye x="414" y="279"/>
   <rightEye x="446" y="280"/>
  </person>
 </frame>
 <frame number="00000995">
  <person id="0003">
   <leftEye x="410" y="285"/>
   <rightEye x="444" y="286"/>
  </person>
 </frame>
 <frame number="00000996">
  <person id="0003">
   <leftEye x="407" y="290"/>
   <rightEye x="442" y="291"/>
  </person>
 </frame>
 <frame number="00000997">
  <person id="0003">
   <leftEye x="406" y="292"/>
   <rightEye x="441" y="293"/>
  </person>
 </frame>
 <frame number="00000998">
  <person id="0003">
   <leftEye x="404" y="293"/>
   <rightEye x="440" y="294"/>
  </person>
 </frame>
 <frame number="00000999">
  <person id="0003">
   <leftEye x="402" y="295"/>
   <rightEye x="439" y="296"/>
  </person>
 </frame>
 <frame number="00001000">
  <person id="0003">
   <leftEye x="399" y="299"/>
   <rightEye x="438" y="300"/>
  </person>
 </frame>
 <frame number="00001001">
  <person id="0003">
   <leftEye x="399" y="303"/>
   <rightEye x="439" y="304"/>
  </person>
 </frame>
 <frame number="00001002">
  <person id="0003">
   <leftEye x="400" y="307"/>
   <rightEye x="440" y="309"/>
  </person>
 </frame>
 <frame number="00001003">
  <person id="0003">
   <leftEye x="400" y="314"/>
   <rightEye x="441" y="315"/>
  </person>
 </frame>
 <frame number="00001004">
  <person id="0003">
   <leftEye x="400" y="322"/>
   <rightEye x="442" y="324"/>
  </person>
 </frame>
 <frame number="00001005">
  <person id="0003">
   <leftEye x="401" y="331"/>
   <rightEye x="444" y="333"/>
  </person>
 </frame>
 <frame number="00001006">
  <person id="0003">
   <leftEye x="402" y="341"/>
   <rightEye x="447" y="343"/>
  </person>
 </frame>
 <frame number="00001007">
  <person id="0003">
   <leftEye x="403" y="352"/>
   <rightEye x="449" y="354"/>
  </person>
 </frame>
 <frame number="00001008">
  <person id="0003">
   <leftEye x="405" y="363"/>
   <rightEye x="452" y="365"/>
  </person>
 </frame>
 <frame number="00001009">
  <person id="0003">
   <leftEye x="406" y="375"/>
   <rightEye x="456" y="377"/>
  </person>
 </frame>
 <frame number="00001010">
  <person id="0003">
   <leftEye x="408" y="388"/>
   <rightEye x="459" y="390"/>
  </person>
 </frame>
 <frame number="00001011">
  <person id="0003">
   <leftEye x="411" y="400"/>
   <rightEye x="463" y="402"/>
  </person>
 </frame>
 <frame number="00001012">
  <person id="0003">
   <leftEye x="413" y="411"/>
   <rightEye x="468" y="412"/>
  </person>
 </frame>
 <frame number="00001013">
  <person id="0003">
   <leftEye x="416" y="420"/>
   <rightEye x="473" y="421"/>
  </person>
 </frame>
 <frame number="00001014">
  <person id="0003">
   <leftEye x="418" y="428"/>
   <rightEye x="478" y="429"/>
  </person>
 </frame>
 <frame number="00001015">
  <person id="0003">
   <leftEye x="420" y="437"/>
   <rightEye x="483" y="438"/>
  </person>
 </frame>
 <frame number="00001016">
  <person id="0003">
   <leftEye x="423" y="447"/>
   <rightEye x="488" y="447"/>
  </person>
 </frame>
 <frame number="00001017">
  <person id="0003">
   <leftEye x="425" y="460"/>
   <rightEye x="492" y="460"/>
  </person>
 </frame>
 <frame number="00001018">
  <person id="0003">
   <leftEye x="424" y="476"/>
   <rightEye x="495" y="476"/>
  </person>
 </frame>
 <frame number="00001019"/>
 <frame number="00001020"/>
 <frame number="00001021"/>
 <frame number="00001022"/>
 <frame number="00001023"/>
 <frame number="00001024"/>
 <frame number="00001025"/>
 <frame number="00001026"/>
 <frame number="00001027"/>
 <frame number="00001028"/>
 <frame number="00001029"/>
 <frame number="00001030"/>
 <frame number="00001031"/>
 <frame number="00001032"/>
</dataset>
