<!DOCTYPE GroundTruth>
<dataset name="P2E_S3_C1">
 <frame number="00000000"/>
 <frame number="00000001"/>
 <frame number="00000002"/>
 <frame number="00000003"/>
 <frame number="00000004"/>
 <frame number="00000005"/>
 <frame number="00000006"/>
 <frame number="00000007"/>
 <frame number="00000008"/>
 <frame number="00000009"/>
 <frame number="00000010"/>
 <frame number="00000011"/>
 <frame number="00000012"/>
 <frame number="00000013"/>
 <frame number="00000014"/>
 <frame number="00000015"/>
 <frame number="00000016"/>
 <frame number="00000017"/>
 <frame number="00000018"/>
 <frame number="00000019"/>
 <frame number="00000020"/>
 <frame number="00000021"/>
 <frame number="00000022"/>
 <frame number="00000023"/>
 <frame number="00000024"/>
 <frame number="00000025"/>
 <frame number="00000026"/>
 <frame number="00000027"/>
 <frame number="00000028"/>
 <frame number="00000029"/>
 <frame number="00000030"/>
 <frame number="00000031"/>
 <frame number="00000032"/>
 <frame number="00000033"/>
 <frame number="00000034"/>
 <frame number="00000035"/>
 <frame number="00000036"/>
 <frame number="00000037"/>
 <frame number="00000038"/>
 <frame number="00000039"/>
 <frame number="00000040"/>
 <frame number="00000041"/>
 <frame number="00000042"/>
 <frame number="00000043"/>
 <frame number="00000044"/>
 <frame number="00000045"/>
 <frame number="00000046"/>
 <frame number="00000047"/>
 <frame number="00000048"/>
 <frame number="00000049"/>
 <frame number="00000050"/>
 <frame number="00000051"/>
 <frame number="00000052"/>
 <frame number="00000053"/>
 <frame number="00000054"/>
 <frame number="00000055"/>
 <frame number="00000056"/>
 <frame number="00000057"/>
 <frame number="00000058"/>
 <frame number="00000059"/>
 <frame number="00000060"/>
 <frame number="00000061"/>
 <frame number="00000062"/>
 <frame number="00000063"/>
 <frame number="00000064"/>
 <frame number="00000065"/>
 <frame number="00000066"/>
 <frame number="00000067"/>
 <frame number="00000068"/>
 <frame number="00000069"/>
 <frame number="00000070"/>
 <frame number="00000071"/>
 <frame number="00000072"/>
 <frame number="00000073"/>
 <frame number="00000074"/>
 <frame number="00000075"/>
 <frame number="00000076"/>
 <frame number="00000077"/>
 <frame number="00000078"/>
 <frame number="00000079"/>
 <frame number="00000080"/>
 <frame number="00000081"/>
 <frame number="00000082"/>
 <frame number="00000083"/>
 <frame number="00000084"/>
 <frame number="00000085"/>
 <frame number="00000086"/>
 <frame number="00000087"/>
 <frame number="00000088"/>
 <frame number="00000089"/>
 <frame number="00000090"/>
 <frame number="00000091"/>
 <frame number="00000092"/>
 <frame number="00000093"/>
 <frame number="00000094"/>
 <frame number="00000095"/>
 <frame number="00000096"/>
 <frame number="00000097"/>
 <frame number="00000098"/>
 <frame number="00000099"/>
 <frame number="00000134"/>
 <frame number="00000135"/>
 <frame number="00000136"/>
 <frame number="00000137"/>
 <frame number="00000138"/>
 <frame number="00000139"/>
 <frame number="00000140"/>
 <frame number="00000141"/>
 <frame number="00000142"/>
 <frame number="00000143"/>
 <frame number="00000144"/>
 <frame number="00000145"/>
 <frame number="00000146"/>
 <frame number="00000147"/>
 <frame number="00000148"/>
 <frame number="00000149"/>
 <frame number="00000150"/>
 <frame number="00000151"/>
 <frame number="00000152"/>
 <frame number="00000153"/>
 <frame number="00000154"/>
 <frame number="00000155"/>
 <frame number="00000156"/>
 <frame number="00000157"/>
 <frame number="00000158"/>
 <frame number="00000159"/>
 <frame number="00000160"/>
 <frame number="00000161"/>
 <frame number="00000162"/>
 <frame number="00000163"/>
 <frame number="00000164"/>
 <frame number="00000165"/>
 <frame number="00000166"/>
 <frame number="00000167"/>
 <frame number="00000168"/>
 <frame number="00000169"/>
 <frame number="00000170"/>
 <frame number="00000171"/>
 <frame number="00000172"/>
 <frame number="00000173"/>
 <frame number="00000174"/>
 <frame number="00000175"/>
 <frame number="00000176"/>
 <frame number="00000177"/>
 <frame number="00000178"/>
 <frame number="00000179"/>
 <frame number="00000180"/>
 <frame number="00000181"/>
 <frame number="00000182"/>
 <frame number="00000183"/>
 <frame number="00000184"/>
 <frame number="00000185"/>
 <frame number="00000186"/>
 <frame number="00000187"/>
 <frame number="00000188"/>
 <frame number="00000189"/>
 <frame number="00000190">
  <person id="0002">
   <leftEye x="482" y="159"/>
   <rightEye x="498" y="162"/>
  </person>
 </frame>
 <frame number="00000191">
  <person id="0002">
   <leftEye x="476" y="160"/>
   <rightEye x="492" y="163"/>
  </person>
 </frame>
 <frame number="00000192">
  <person id="0002">
   <leftEye x="470" y="160"/>
   <rightEye x="486" y="163"/>
  </person>
 </frame>
 <frame number="00000193">
  <person id="0002">
   <leftEye x="464" y="161"/>
   <rightEye x="481" y="163"/>
  </person>
 </frame>
 <frame number="00000194">
  <person id="0002">
   <leftEye x="459" y="160"/>
   <rightEye x="476" y="163"/>
  </person>
 </frame>
 <frame number="00000195">
  <person id="0002">
   <leftEye x="454" y="158"/>
   <rightEye x="471" y="160"/>
  </person>
 </frame>
 <frame number="00000196">
  <person id="0002">
   <leftEye x="449" y="157"/>
   <rightEye x="466" y="158"/>
  </person>
 </frame>
 <frame number="00000197">
  <person id="0002">
   <leftEye x="445" y="156"/>
   <rightEye x="463" y="157"/>
  </person>
 </frame>
 <frame number="00000198">
  <person id="0002">
   <leftEye x="441" y="157"/>
   <rightEye x="459" y="157"/>
  </person>
 </frame>
 <frame number="00000199">
  <person id="0002">
   <leftEye x="438" y="159"/>
   <rightEye x="456" y="159"/>
  </person>
 </frame>
 <frame number="00000200">
  <person id="0002">
   <leftEye x="435" y="162"/>
   <rightEye x="453" y="162"/>
  </person>
 </frame>
 <frame number="00000201">
  <person id="0002">
   <leftEye x="431" y="166"/>
   <rightEye x="450" y="166"/>
  </person>
 </frame>
 <frame number="00000202">
  <person id="0002">
   <leftEye x="428" y="170"/>
   <rightEye x="447" y="170"/>
  </person>
 </frame>
 <frame number="00000203">
  <person id="0002">
   <leftEye x="425" y="174"/>
   <rightEye x="445" y="174"/>
  </person>
 </frame>
 <frame number="00000204">
  <person id="0002">
   <leftEye x="423" y="176"/>
   <rightEye x="443" y="176"/>
  </person>
 </frame>
 <frame number="00000205">
  <person id="0002">
   <leftEye x="421" y="177"/>
   <rightEye x="441" y="177"/>
  </person>
 </frame>
 <frame number="00000206">
  <person id="0002">
   <leftEye x="419" y="177"/>
   <rightEye x="439" y="177"/>
  </person>
 </frame>
 <frame number="00000207">
  <person id="0002">
   <leftEye x="417" y="176"/>
   <rightEye x="438" y="176"/>
  </person>
 </frame>
 <frame number="00000208">
  <person id="0002">
   <leftEye x="415" y="175"/>
   <rightEye x="436" y="175"/>
  </person>
 </frame>
 <frame number="00000209">
  <person id="0002">
   <leftEye x="413" y="173"/>
   <rightEye x="435" y="173"/>
  </person>
 </frame>
 <frame number="00000210">
  <person id="0002">
   <leftEye x="411" y="171"/>
   <rightEye x="433" y="171"/>
  </person>
 </frame>
 <frame number="00000211">
  <person id="0002">
   <leftEye x="409" y="170"/>
   <rightEye x="432" y="170"/>
  </person>
 </frame>
 <frame number="00000212">
  <person id="0002">
   <leftEye x="408" y="171"/>
   <rightEye x="431" y="171"/>
  </person>
 </frame>
 <frame number="00000213">
  <person id="0002">
   <leftEye x="407" y="173"/>
   <rightEye x="430" y="173"/>
  </person>
 </frame>
 <frame number="00000214">
  <person id="0002">
   <leftEye x="406" y="176"/>
   <rightEye x="429" y="176"/>
  </person>
 </frame>
 <frame number="00000215">
  <person id="0002">
   <leftEye x="405" y="180"/>
   <rightEye x="429" y="180"/>
  </person>
 </frame>
 <frame number="00000216">
  <person id="0002">
   <leftEye x="404" y="186"/>
   <rightEye x="430" y="186"/>
  </person>
 </frame>
 <frame number="00000217">
  <person id="0002">
   <leftEye x="404" y="192"/>
   <rightEye x="430" y="192"/>
  </person>
 </frame>
 <frame number="00000218">
  <person id="0002">
   <leftEye x="404" y="200"/>
   <rightEye x="430" y="198"/>
  </person>
 </frame>
 <frame number="00000219">
  <person id="0002">
   <leftEye x="403" y="206"/>
   <rightEye x="430" y="203"/>
  </person>
 </frame>
 <frame number="00000220">
  <person id="0002">
   <leftEye x="403" y="205"/>
   <rightEye x="429" y="204"/>
  </person>
 </frame>
 <frame number="00000221">
  <person id="0002">
   <leftEye x="401" y="210"/>
   <rightEye x="429" y="207"/>
  </person>
 </frame>
 <frame number="00000222">
  <person id="0002">
   <leftEye x="399" y="212"/>
   <rightEye x="428" y="209"/>
  </person>
 </frame>
 <frame number="00000223">
  <person id="0002">
   <leftEye x="397" y="212"/>
   <rightEye x="425" y="210"/>
  </person>
 </frame>
 <frame number="00000224">
  <person id="0002">
   <leftEye x="394" y="214"/>
   <rightEye x="424" y="211"/>
  </person>
 </frame>
 <frame number="00000225">
  <person id="0002">
   <leftEye x="392" y="215"/>
   <rightEye x="422" y="211"/>
  </person>
 </frame>
 <frame number="00000226">
  <person id="0002">
   <leftEye x="390" y="216"/>
   <rightEye x="421" y="210"/>
  </person>
 </frame>
 <frame number="00000227">
  <person id="0002">
   <leftEye x="389" y="216"/>
   <rightEye x="420" y="210"/>
  </person>
 </frame>
 <frame number="00000228">
  <person id="0002">
   <leftEye x="389" y="218"/>
   <rightEye x="420" y="211"/>
  </person>
 </frame>
 <frame number="00000229">
  <person id="0002">
   <leftEye x="390" y="222"/>
   <rightEye x="422" y="214"/>
  </person>
 </frame>
 <frame number="00000230">
  <person id="0002">
   <leftEye x="392" y="227"/>
   <rightEye x="425" y="220"/>
  </person>
 </frame>
 <frame number="00000231">
  <person id="0002">
   <leftEye x="394" y="233"/>
   <rightEye x="429" y="228"/>
  </person>
 </frame>
 <frame number="00000232">
  <person id="0002">
   <leftEye x="397" y="242"/>
   <rightEye x="433" y="237"/>
  </person>
 </frame>
 <frame number="00000233">
  <person id="0002">
   <leftEye x="400" y="252"/>
   <rightEye x="437" y="248"/>
  </person>
 </frame>
 <frame number="00000234">
  <person id="0002">
   <leftEye x="403" y="263"/>
   <rightEye x="442" y="260"/>
  </person>
 </frame>
 <frame number="00000235">
  <person id="0002">
   <leftEye x="407" y="273"/>
   <rightEye x="447" y="272"/>
  </person>
 </frame>
 <frame number="00000236">
  <person id="0002">
   <leftEye x="411" y="282"/>
   <rightEye x="453" y="282"/>
  </person>
 </frame>
 <frame number="00000237">
  <person id="0002">
   <leftEye x="415" y="288"/>
   <rightEye x="458" y="289"/>
  </person>
 </frame>
 <frame number="00000238">
  <person id="0002">
   <leftEye x="419" y="292"/>
   <rightEye x="464" y="294"/>
  </person>
 </frame>
 <frame number="00000239">
  <person id="0002">
   <leftEye x="422" y="294"/>
   <rightEye x="470" y="297"/>
  </person>
 </frame>
 <frame number="00000240">
  <person id="0002">
   <leftEye x="425" y="294"/>
   <rightEye x="476" y="299"/>
  </person>
 </frame>
 <frame number="00000241">
  <person id="0002">
   <leftEye x="428" y="296"/>
   <rightEye x="480" y="301"/>
  </person>
 </frame>
 <frame number="00000242">
  <person id="0002">
   <leftEye x="430" y="300"/>
   <rightEye x="485" y="305"/>
  </person>
 </frame>
 <frame number="00000243">
  <person id="0002">
   <leftEye x="432" y="308"/>
   <rightEye x="489" y="313"/>
  </person>
 </frame>
 <frame number="00000244">
  <person id="0002">
   <leftEye x="433" y="320"/>
   <rightEye x="493" y="325"/>
  </person>
 </frame>
 <frame number="00000245">
  <person id="0002">
   <leftEye x="435" y="337"/>
   <rightEye x="498" y="341"/>
  </person>
 </frame>
 <frame number="00000246">
  <person id="0002">
   <leftEye x="437" y="358"/>
   <rightEye x="504" y="361"/>
  </person>
 </frame>
 <frame number="00000247">
  <person id="0002">
   <leftEye x="440" y="385"/>
   <rightEye x="511" y="387"/>
  </person>
 </frame>
 <frame number="00000248">
  <person id="0002">
   <leftEye x="444" y="416"/>
   <rightEye x="518" y="417"/>
  </person>
 </frame>
 <frame number="00000249">
  <person id="0002">
   <leftEye x="448" y="449"/>
   <rightEye x="527" y="449"/>
  </person>
 </frame>
 <frame number="00000250"/>
 <frame number="00000251"/>
 <frame number="00000252"/>
 <frame number="00000253"/>
 <frame number="00000254"/>
 <frame number="00000255"/>
 <frame number="00000256"/>
 <frame number="00000257"/>
 <frame number="00000258"/>
 <frame number="00000259"/>
 <frame number="00000260"/>
 <frame number="00000339"/>
 <frame number="00000340"/>
 <frame number="00000341"/>
 <frame number="00000342"/>
 <frame number="00000343"/>
 <frame number="00000344"/>
 <frame number="00000345"/>
 <frame number="00000346"/>
 <frame number="00000347"/>
 <frame number="00000348"/>
 <frame number="00000349"/>
 <frame number="00000350"/>
 <frame number="00000351"/>
 <frame number="00000352"/>
 <frame number="00000353"/>
 <frame number="00000354"/>
 <frame number="00000355"/>
 <frame number="00000356"/>
 <frame number="00000357"/>
 <frame number="00000358"/>
 <frame number="00000359"/>
 <frame number="00000360"/>
 <frame number="00000361"/>
 <frame number="00000362"/>
 <frame number="00000363"/>
 <frame number="00000364"/>
 <frame number="00000365"/>
 <frame number="00000366"/>
 <frame number="00000367"/>
 <frame number="00000368"/>
 <frame number="00000369"/>
 <frame number="00000370"/>
 <frame number="00000371"/>
 <frame number="00000372"/>
 <frame number="00000373"/>
 <frame number="00000374"/>
 <frame number="00000375"/>
 <frame number="00000376"/>
 <frame number="00000377"/>
 <frame number="00000378"/>
 <frame number="00000379"/>
 <frame number="00000380"/>
 <frame number="00000381"/>
 <frame number="00000382"/>
 <frame number="00000383"/>
 <frame number="00000384"/>
 <frame number="00000385"/>
 <frame number="00000386"/>
 <frame number="00000387"/>
 <frame number="00000388"/>
 <frame number="00000389"/>
 <frame number="00000390"/>
 <frame number="00000391"/>
 <frame number="00000392"/>
 <frame number="00000393"/>
 <frame number="00000394"/>
 <frame number="00000395"/>
 <frame number="00000396"/>
 <frame number="00000397"/>
 <frame number="00000398"/>
 <frame number="00000399"/>
 <frame number="00000400"/>
 <frame number="00000401"/>
 <frame number="00000402"/>
 <frame number="00000403"/>
 <frame number="00000404">
  <person id="0021">
   <leftEye x="472" y="157"/>
   <rightEye x="488" y="158"/>
  </person>
 </frame>
 <frame number="00000405">
  <person id="0021">
   <leftEye x="469" y="158"/>
   <rightEye x="485" y="159"/>
  </person>
 </frame>
 <frame number="00000406">
  <person id="0021">
   <leftEye x="466" y="159"/>
   <rightEye x="482" y="160"/>
  </person>
 </frame>
 <frame number="00000407">
  <person id="0021">
   <leftEye x="463" y="159"/>
   <rightEye x="479" y="160"/>
  </person>
 </frame>
 <frame number="00000408">
  <person id="0021">
   <leftEye x="460" y="159"/>
   <rightEye x="476" y="160"/>
  </person>
 </frame>
 <frame number="00000409">
  <person id="0021">
   <leftEye x="457" y="158"/>
   <rightEye x="473" y="159"/>
  </person>
 </frame>
 <frame number="00000410">
  <person id="0021">
   <leftEye x="453" y="157"/>
   <rightEye x="470" y="158"/>
  </person>
 </frame>
 <frame number="00000411">
  <person id="0021">
   <leftEye x="450" y="156"/>
   <rightEye x="467" y="157"/>
  </person>
 </frame>
 <frame number="00000412">
  <person id="0021">
   <leftEye x="446" y="155"/>
   <rightEye x="463" y="156"/>
  </person>
 </frame>
 <frame number="00000413">
  <person id="0021">
   <leftEye x="443" y="154"/>
   <rightEye x="460" y="155"/>
  </person>
 </frame>
 <frame number="00000414">
  <person id="0021">
   <leftEye x="439" y="154"/>
   <rightEye x="457" y="155"/>
  </person>
 </frame>
 <frame number="00000415">
  <person id="0021">
   <leftEye x="436" y="154"/>
   <rightEye x="453" y="155"/>
  </person>
 </frame>
 <frame number="00000416">
  <person id="0021">
   <leftEye x="433" y="156"/>
   <rightEye x="450" y="157"/>
  </person>
 </frame>
 <frame number="00000417">
  <person id="0021">
   <leftEye x="429" y="159"/>
   <rightEye x="447" y="159"/>
  </person>
 </frame>
 <frame number="00000418">
  <person id="0021">
   <leftEye x="425" y="163"/>
   <rightEye x="444" y="163"/>
  </person>
 </frame>
 <frame number="00000419">
  <person id="0021">
   <leftEye x="421" y="166"/>
   <rightEye x="440" y="166"/>
  </person>
 </frame>
 <frame number="00000420">
  <person id="0021">
   <leftEye x="418" y="169"/>
   <rightEye x="437" y="169"/>
  </person>
 </frame>
 <frame number="00000421">
  <person id="0021">
   <leftEye x="414" y="171"/>
   <rightEye x="433" y="171"/>
  </person>
 </frame>
 <frame number="00000422">
  <person id="0021">
   <leftEye x="410" y="172"/>
   <rightEye x="430" y="172"/>
  </person>
 </frame>
 <frame number="00000423">
  <person id="0021">
   <leftEye x="406" y="172"/>
   <rightEye x="426" y="172"/>
  </person>
 </frame>
 <frame number="00000424">
  <person id="0021">
   <leftEye x="403" y="172"/>
   <rightEye x="422" y="172"/>
  </person>
 </frame>
 <frame number="00000425">
  <person id="0021">
   <leftEye x="399" y="172"/>
   <rightEye x="419" y="172"/>
  </person>
 </frame>
 <frame number="00000426">
  <person id="0021">
   <leftEye x="396" y="172"/>
   <rightEye x="417" y="172"/>
  </person>
 </frame>
 <frame number="00000427">
  <person id="0021">
   <leftEye x="395" y="171"/>
   <rightEye x="415" y="171"/>
  </person>
 </frame>
 <frame number="00000428">
  <person id="0021">
   <leftEye x="393" y="170"/>
   <rightEye x="414" y="170"/>
  </person>
 </frame>
 <frame number="00000429">
  <person id="0021">
   <leftEye x="392" y="169"/>
   <rightEye x="413" y="169"/>
  </person>
 </frame>
 <frame number="00000430">
  <person id="0021">
   <leftEye x="391" y="170"/>
   <rightEye x="413" y="170"/>
  </person>
 </frame>
 <frame number="00000431">
  <person id="0021">
   <leftEye x="391" y="172"/>
   <rightEye x="413" y="172"/>
  </person>
 </frame>
 <frame number="00000432">
  <person id="0021">
   <leftEye x="391" y="175"/>
   <rightEye x="413" y="175"/>
  </person>
 </frame>
 <frame number="00000433">
  <person id="0021">
   <leftEye x="391" y="180"/>
   <rightEye x="413" y="180"/>
  </person>
 </frame>
 <frame number="00000434">
  <person id="0021">
   <leftEye x="391" y="186"/>
   <rightEye x="414" y="186"/>
  </person>
 </frame>
 <frame number="00000435">
  <person id="0021">
   <leftEye x="392" y="191"/>
   <rightEye x="416" y="191"/>
  </person>
 </frame>
 <frame number="00000436">
  <person id="0021">
   <leftEye x="394" y="195"/>
   <rightEye x="418" y="195"/>
  </person>
 </frame>
 <frame number="00000437">
  <person id="0021">
   <leftEye x="396" y="197"/>
   <rightEye x="420" y="198"/>
  </person>
 </frame>
 <frame number="00000438">
  <person id="0021">
   <leftEye x="398" y="198"/>
   <rightEye x="423" y="199"/>
  </person>
 </frame>
 <frame number="00000439">
  <person id="0021">
   <leftEye x="400" y="198"/>
   <rightEye x="425" y="199"/>
  </person>
 </frame>
 <frame number="00000440">
  <person id="0021">
   <leftEye x="402" y="198"/>
   <rightEye x="427" y="200"/>
  </person>
 </frame>
 <frame number="00000441">
  <person id="0021">
   <leftEye x="403" y="198"/>
   <rightEye x="429" y="200"/>
  </person>
 </frame>
 <frame number="00000442">
  <person id="0021">
   <leftEye x="403" y="197"/>
   <rightEye x="430" y="198"/>
  </person>
 </frame>
 <frame number="00000443">
  <person id="0021">
   <leftEye x="403" y="196"/>
   <rightEye x="430" y="196"/>
  </person>
 </frame>
 <frame number="00000444">
  <person id="0021">
   <leftEye x="403" y="195"/>
   <rightEye x="430" y="195"/>
  </person>
 </frame>
 <frame number="00000445">
  <person id="0021">
   <leftEye x="402" y="195"/>
   <rightEye x="430" y="195"/>
  </person>
 </frame>
 <frame number="00000446">
  <person id="0021">
   <leftEye x="401" y="197"/>
   <rightEye x="429" y="197"/>
  </person>
 </frame>
 <frame number="00000447">
  <person id="0021">
   <leftEye x="399" y="201"/>
   <rightEye x="428" y="201"/>
  </person>
 </frame>
 <frame number="00000448">
  <person id="0021">
   <leftEye x="397" y="207"/>
   <rightEye x="427" y="207"/>
  </person>
 </frame>
 <frame number="00000449">
  <person id="0021">
   <leftEye x="395" y="215"/>
   <rightEye x="425" y="214"/>
  </person>
 </frame>
 <frame number="00000450">
  <person id="0021">
   <leftEye x="392" y="223"/>
   <rightEye x="423" y="223"/>
  </person>
 </frame>
 <frame number="00000451">
  <person id="0021">
   <leftEye x="389" y="232"/>
   <rightEye x="421" y="231"/>
  </person>
 </frame>
 <frame number="00000452">
  <person id="0021">
   <leftEye x="385" y="240"/>
   <rightEye x="418" y="239"/>
  </person>
 </frame>
 <frame number="00000453">
  <person id="0021">
   <leftEye x="381" y="247"/>
   <rightEye x="415" y="246"/>
  </person>
 </frame>
 <frame number="00000454">
  <person id="0021">
   <leftEye x="378" y="251"/>
   <rightEye x="413" y="251"/>
  </person>
 </frame>
 <frame number="00000455">
  <person id="0021">
   <leftEye x="377" y="251"/>
   <rightEye x="413" y="251"/>
  </person>
 </frame>
 <frame number="00000456">
  <person id="0021">
   <leftEye x="373" y="253"/>
   <rightEye x="409" y="253"/>
  </person>
 </frame>
 <frame number="00000457">
  <person id="0021">
   <leftEye x="367" y="257"/>
   <rightEye x="405" y="257"/>
  </person>
 </frame>
 <frame number="00000458">
  <person id="0021">
   <leftEye x="366" y="257"/>
   <rightEye x="405" y="257"/>
  </person>
 </frame>
 <frame number="00000459">
  <person id="0021">
   <leftEye x="365" y="257"/>
   <rightEye x="404" y="257"/>
  </person>
 </frame>
 <frame number="00000460">
  <person id="0021">
   <leftEye x="364" y="258"/>
   <rightEye x="404" y="258"/>
  </person>
 </frame>
 <frame number="00000461">
  <person id="0021">
   <leftEye x="363" y="262"/>
   <rightEye x="405" y="262"/>
  </person>
 </frame>
 <frame number="00000462">
  <person id="0021">
   <leftEye x="363" y="262"/>
   <rightEye x="406" y="262"/>
  </person>
 </frame>
 <frame number="00000463">
  <person id="0021">
   <leftEye x="361" y="271"/>
   <rightEye x="406" y="271"/>
  </person>
 </frame>
 <frame number="00000464">
  <person id="0021">
   <leftEye x="360" y="281"/>
   <rightEye x="407" y="281"/>
  </person>
 </frame>
 <frame number="00000465">
  <person id="0021">
   <leftEye x="359" y="294"/>
   <rightEye x="407" y="295"/>
  </person>
 </frame>
 <frame number="00000466">
  <person id="0021">
   <leftEye x="360" y="309"/>
   <rightEye x="408" y="311"/>
  </person>
 </frame>
 <frame number="00000467">
  <person id="0021">
   <leftEye x="360" y="326"/>
   <rightEye x="411" y="328"/>
  </person>
 </frame>
 <frame number="00000468">
  <person id="0021">
   <leftEye x="360" y="342"/>
   <rightEye x="414" y="345"/>
  </person>
 </frame>
 <frame number="00000469">
  <person id="0021">
   <leftEye x="361" y="357"/>
   <rightEye x="418" y="360"/>
  </person>
 </frame>
 <frame number="00000470">
  <person id="0021">
   <leftEye x="364" y="371"/>
   <rightEye x="424" y="374"/>
  </person>
 </frame>
 <frame number="00000471">
  <person id="0021">
   <leftEye x="367" y="384"/>
   <rightEye x="429" y="387"/>
  </person>
 </frame>
 <frame number="00000472">
  <person id="0021">
   <leftEye x="368" y="396"/>
   <rightEye x="433" y="400"/>
  </person>
 </frame>
 <frame number="00000473">
  <person id="0021">
   <leftEye x="367" y="408"/>
   <rightEye x="436" y="411"/>
  </person>
 </frame>
 <frame number="00000474">
  <person id="0021">
   <leftEye x="364" y="417"/>
   <rightEye x="438" y="421"/>
  </person>
 </frame>
 <frame number="00000475">
  <person id="0021">
   <leftEye x="360" y="426"/>
   <rightEye x="438" y="430"/>
  </person>
 </frame>
 <frame number="00000476">
  <person id="0021">
   <leftEye x="354" y="436"/>
   <rightEye x="436" y="441"/>
  </person>
 </frame>
 <frame number="00000477">
  <person id="0021">
   <leftEye x="346" y="451"/>
   <rightEye x="433" y="456"/>
  </person>
 </frame>
 <frame number="00000478"/>
 <frame number="00000479"/>
 <frame number="00000480"/>
 <frame number="00000481"/>
 <frame number="00000482"/>
 <frame number="00000483"/>
 <frame number="00000484"/>
 <frame number="00000485"/>
 <frame number="00000486"/>
 <frame number="00000487"/>
 <frame number="00000488"/>
 <frame number="00000489"/>
 <frame number="00000490"/>
 <frame number="00000491"/>
 <frame number="00000492"/>
 <frame number="00000493"/>
 <frame number="00000494"/>
 <frame number="00000495"/>
 <frame number="00000496"/>
 <frame number="00000497"/>
 <frame number="00000498"/>
 <frame number="00000499"/>
 <frame number="00000500"/>
 <frame number="00000501"/>
 <frame number="00000502"/>
 <frame number="00000503"/>
 <frame number="00000504"/>
 <frame number="00000505"/>
 <frame number="00000506"/>
 <frame number="00000507"/>
 <frame number="00000508"/>
 <frame number="00000509"/>
 <frame number="00000510"/>
 <frame number="00000511"/>
 <frame number="00000512"/>
 <frame number="00000513"/>
 <frame number="00000514"/>
 <frame number="00000515"/>
 <frame number="00000516"/>
 <frame number="00000517"/>
 <frame number="00000518"/>
 <frame number="00000519"/>
 <frame number="00000520"/>
 <frame number="00000521"/>
 <frame number="00000522"/>
 <frame number="00000523"/>
 <frame number="00000524"/>
 <frame number="00000525"/>
 <frame number="00000526"/>
 <frame number="00000527"/>
 <frame number="00000528"/>
 <frame number="00000529"/>
 <frame number="00000530"/>
 <frame number="00000531"/>
 <frame number="00000532"/>
 <frame number="00000533"/>
 <frame number="00000534"/>
 <frame number="00000535"/>
 <frame number="00000536"/>
 <frame number="00000537"/>
 <frame number="00000538"/>
 <frame number="00000539"/>
 <frame number="00000540"/>
 <frame number="00000541"/>
 <frame number="00000542"/>
 <frame number="00000543"/>
 <frame number="00000544"/>
 <frame number="00000545"/>
 <frame number="00000546"/>
 <frame number="00000547"/>
 <frame number="00000548"/>
 <frame number="00000549"/>
 <frame number="00000550"/>
 <frame number="00000551"/>
 <frame number="00000552"/>
 <frame number="00000553"/>
 <frame number="00000554"/>
 <frame number="00000555"/>
 <frame number="00000556"/>
 <frame number="00000557"/>
 <frame number="00000558"/>
 <frame number="00000559"/>
 <frame number="00000560"/>
 <frame number="00000561"/>
 <frame number="00000562"/>
 <frame number="00000563"/>
 <frame number="00000564"/>
 <frame number="00000565"/>
 <frame number="00000566"/>
 <frame number="00000567"/>
 <frame number="00000568"/>
 <frame number="00000569"/>
 <frame number="00000570"/>
 <frame number="00000571"/>
 <frame number="00000572"/>
 <frame number="00000573"/>
 <frame number="00000574"/>
 <frame number="00000575"/>
 <frame number="00000576"/>
 <frame number="00000577"/>
 <frame number="00000578"/>
 <frame number="00000579"/>
 <frame number="00000580"/>
 <frame number="00000581"/>
 <frame number="00000582"/>
 <frame number="00000583"/>
 <frame number="00000584"/>
 <frame number="00000585"/>
 <frame number="00000586"/>
 <frame number="00000587"/>
 <frame number="00000588"/>
 <frame number="00000589"/>
 <frame number="00000590"/>
 <frame number="00000591"/>
 <frame number="00000592"/>
 <frame number="00000593"/>
 <frame number="00000594"/>
 <frame number="00000595"/>
 <frame number="00000596"/>
 <frame number="00000597">
  <person id="0015">
   <leftEye x="513" y="147"/>
   <rightEye x="529" y="147"/>
  </person>
 </frame>
 <frame number="00000598">
  <person id="0015">
   <leftEye x="510" y="148"/>
   <rightEye x="526" y="148"/>
  </person>
 </frame>
 <frame number="00000599">
  <person id="0015">
   <leftEye x="507" y="149"/>
   <rightEye x="522" y="149"/>
  </person>
 </frame>
 <frame number="00000600">
  <person id="0015">
   <leftEye x="503" y="151"/>
   <rightEye x="518" y="152"/>
  </person>
 </frame>
 <frame number="00000601">
  <person id="0015">
   <leftEye x="499" y="154"/>
   <rightEye x="514" y="155"/>
  </person>
 </frame>
 <frame number="00000602">
  <person id="0015">
   <leftEye x="496" y="157"/>
   <rightEye x="511" y="158"/>
  </person>
 </frame>
 <frame number="00000603">
  <person id="0015">
   <leftEye x="493" y="160"/>
   <rightEye x="509" y="161"/>
  </person>
 </frame>
 <frame number="00000604">
  <person id="0015">
   <leftEye x="490" y="162"/>
   <rightEye x="506" y="163"/>
  </person>
 </frame>
 <frame number="00000605">
  <person id="0015">
   <leftEye x="488" y="163"/>
   <rightEye x="504" y="164"/>
  </person>
 </frame>
 <frame number="00000606">
  <person id="0015">
   <leftEye x="486" y="163"/>
   <rightEye x="502" y="164"/>
  </person>
 </frame>
 <frame number="00000607">
  <person id="0015">
   <leftEye x="483" y="163"/>
   <rightEye x="500" y="163"/>
  </person>
 </frame>
 <frame number="00000608">
  <person id="0015">
   <leftEye x="481" y="161"/>
   <rightEye x="498" y="162"/>
  </person>
 </frame>
 <frame number="00000609">
  <person id="0015">
   <leftEye x="478" y="159"/>
   <rightEye x="496" y="160"/>
  </person>
 </frame>
 <frame number="00000610">
  <person id="0015">
   <leftEye x="475" y="158"/>
   <rightEye x="494" y="158"/>
  </person>
 </frame>
 <frame number="00000611">
  <person id="0015">
   <leftEye x="472" y="157"/>
   <rightEye x="492" y="157"/>
  </person>
 </frame>
 <frame number="00000612">
  <person id="0015">
   <leftEye x="469" y="156"/>
   <rightEye x="489" y="156"/>
  </person>
 </frame>
 <frame number="00000613">
  <person id="0015">
   <leftEye x="466" y="156"/>
   <rightEye x="486" y="156"/>
  </person>
 </frame>
 <frame number="00000614">
  <person id="0015">
   <leftEye x="463" y="157"/>
   <rightEye x="483" y="157"/>
  </person>
 </frame>
 <frame number="00000615">
  <person id="0015">
   <leftEye x="461" y="159"/>
   <rightEye x="481" y="159"/>
  </person>
 </frame>
 <frame number="00000616">
  <person id="0015">
   <leftEye x="459" y="163"/>
   <rightEye x="478" y="163"/>
  </person>
 </frame>
 <frame number="00000617">
  <person id="0015">
   <leftEye x="456" y="167"/>
   <rightEye x="476" y="167"/>
  </person>
 </frame>
 <frame number="00000618">
  <person id="0015">
   <leftEye x="453" y="171"/>
   <rightEye x="474" y="171"/>
  </person>
 </frame>
 <frame number="00000619">
  <person id="0015">
   <leftEye x="450" y="175"/>
   <rightEye x="472" y="175"/>
  </person>
 </frame>
 <frame number="00000620">
  <person id="0015">
   <leftEye x="448" y="179"/>
   <rightEye x="470" y="179"/>
  </person>
 </frame>
 <frame number="00000621">
  <person id="0015">
   <leftEye x="445" y="181"/>
   <rightEye x="468" y="181"/>
  </person>
 </frame>
 <frame number="00000622">
  <person id="0015">
   <leftEye x="443" y="181"/>
   <rightEye x="466" y="181"/>
  </person>
 </frame>
 <frame number="00000623">
  <person id="0015">
   <leftEye x="441" y="181"/>
   <rightEye x="464" y="181"/>
  </person>
 </frame>
 <frame number="00000624">
  <person id="0015">
   <leftEye x="439" y="180"/>
   <rightEye x="462" y="180"/>
  </person>
 </frame>
 <frame number="00000625">
  <person id="0015">
   <leftEye x="438" y="179"/>
   <rightEye x="461" y="179"/>
  </person>
 </frame>
 <frame number="00000626">
  <person id="0015">
   <leftEye x="438" y="179"/>
   <rightEye x="462" y="179"/>
  </person>
 </frame>
 <frame number="00000627">
  <person id="0015">
   <leftEye x="438" y="179"/>
   <rightEye x="462" y="179"/>
  </person>
 </frame>
 <frame number="00000628">
  <person id="0015">
   <leftEye x="438" y="180"/>
   <rightEye x="463" y="180"/>
  </person>
 </frame>
 <frame number="00000629">
  <person id="0015">
   <leftEye x="438" y="183"/>
   <rightEye x="464" y="183"/>
  </person>
 </frame>
 <frame number="00000630">
  <person id="0015">
   <leftEye x="439" y="186"/>
   <rightEye x="464" y="186"/>
  </person>
 </frame>
 <frame number="00000631">
  <person id="0015">
   <leftEye x="439" y="191"/>
   <rightEye x="465" y="191"/>
  </person>
 </frame>
 <frame number="00000632">
  <person id="0015">
   <leftEye x="440" y="197"/>
   <rightEye x="466" y="197"/>
  </person>
 </frame>
 <frame number="00000633">
  <person id="0015">
   <leftEye x="441" y="204"/>
   <rightEye x="468" y="203"/>
  </person>
 </frame>
 <frame number="00000634">
  <person id="0015">
   <leftEye x="442" y="211"/>
   <rightEye x="470" y="211"/>
  </person>
 </frame>
 <frame number="00000635">
  <person id="0015">
   <leftEye x="444" y="217"/>
   <rightEye x="473" y="217"/>
  </person>
 </frame>
 <frame number="00000636">
  <person id="0015">
   <leftEye x="446" y="221"/>
   <rightEye x="475" y="221"/>
  </person>
 </frame>
 <frame number="00000637">
  <person id="0015">
   <leftEye x="448" y="224"/>
   <rightEye x="478" y="223"/>
  </person>
 </frame>
 <frame number="00000638">
  <person id="0015">
   <leftEye x="450" y="225"/>
   <rightEye x="481" y="224"/>
  </person>
 </frame>
 <frame number="00000639">
  <person id="0015">
   <leftEye x="452" y="225"/>
   <rightEye x="483" y="225"/>
  </person>
 </frame>
 <frame number="00000640">
  <person id="0015">
   <leftEye x="453" y="225"/>
   <rightEye x="485" y="225"/>
  </person>
 </frame>
 <frame number="00000641">
  <person id="0015">
   <leftEye x="453" y="225"/>
   <rightEye x="487" y="224"/>
  </person>
 </frame>
 <frame number="00000642">
  <person id="0015">
   <leftEye x="454" y="225"/>
   <rightEye x="488" y="224"/>
  </person>
 </frame>
 <frame number="00000643">
  <person id="0015">
   <leftEye x="454" y="226"/>
   <rightEye x="489" y="226"/>
  </person>
 </frame>
 <frame number="00000644">
  <person id="0015">
   <leftEye x="453" y="229"/>
   <rightEye x="489" y="228"/>
  </person>
 </frame>
 <frame number="00000645">
  <person id="0015">
   <leftEye x="453" y="234"/>
   <rightEye x="489" y="233"/>
  </person>
 </frame>
 <frame number="00000646">
  <person id="0015">
   <leftEye x="453" y="241"/>
   <rightEye x="490" y="240"/>
  </person>
 </frame>
 <frame number="00000647">
  <person id="0015">
   <leftEye x="452" y="251"/>
   <rightEye x="491" y="250"/>
  </person>
 </frame>
 <frame number="00000648">
  <person id="0015">
   <leftEye x="452" y="262"/>
   <rightEye x="492" y="260"/>
  </person>
 </frame>
 <frame number="00000649">
  <person id="0015">
   <leftEye x="451" y="274"/>
   <rightEye x="492" y="273"/>
  </person>
 </frame>
 <frame number="00000650">
  <person id="0015">
   <leftEye x="450" y="286"/>
   <rightEye x="492" y="286"/>
  </person>
 </frame>
 <frame number="00000651">
  <person id="0015">
   <leftEye x="447" y="297"/>
   <rightEye x="491" y="297"/>
  </person>
 </frame>
 <frame number="00000652">
  <person id="0015">
   <leftEye x="443" y="305"/>
   <rightEye x="490" y="304"/>
  </person>
 </frame>
 <frame number="00000653">
  <person id="0015">
   <leftEye x="440" y="311"/>
   <rightEye x="489" y="309"/>
  </person>
 </frame>
 <frame number="00000654">
  <person id="0015">
   <leftEye x="438" y="315"/>
   <rightEye x="489" y="313"/>
  </person>
 </frame>
 <frame number="00000655">
  <person id="0015">
   <leftEye x="436" y="319"/>
   <rightEye x="490" y="317"/>
  </person>
 </frame>
 <frame number="00000656">
  <person id="0015">
   <leftEye x="435" y="323"/>
   <rightEye x="491" y="320"/>
  </person>
 </frame>
 <frame number="00000657">
  <person id="0015">
   <leftEye x="435" y="327"/>
   <rightEye x="493" y="324"/>
  </person>
 </frame>
 <frame number="00000658">
  <person id="0015">
   <leftEye x="436" y="332"/>
   <rightEye x="497" y="329"/>
  </person>
 </frame>
 <frame number="00000659">
  <person id="0015">
   <leftEye x="438" y="340"/>
   <rightEye x="502" y="337"/>
  </person>
 </frame>
 <frame number="00000660">
  <person id="0015">
   <leftEye x="440" y="353"/>
   <rightEye x="508" y="350"/>
  </person>
 </frame>
 <frame number="00000661">
  <person id="0015">
   <leftEye x="443" y="369"/>
   <rightEye x="517" y="366"/>
  </person>
 </frame>
 <frame number="00000662">
  <person id="0015">
   <leftEye x="445" y="393"/>
   <rightEye x="522" y="389"/>
  </person>
 </frame>
 <frame number="00000663">
  <person id="0015">
   <leftEye x="446" y="424"/>
   <rightEye x="531" y="422"/>
  </person>
 </frame>
 <frame number="00000664"/>
 <frame number="00000665"/>
 <frame number="00000666"/>
 <frame number="00000667"/>
 <frame number="00000668"/>
 <frame number="00000669"/>
 <frame number="00000670"/>
 <frame number="00000671"/>
 <frame number="00000672"/>
 <frame number="00000673"/>
 <frame number="00000674"/>
 <frame number="00000675"/>
 <frame number="00000748"/>
 <frame number="00000749"/>
 <frame number="00000750"/>
 <frame number="00000751"/>
 <frame number="00000752"/>
 <frame number="00000753"/>
 <frame number="00000754"/>
 <frame number="00000755"/>
 <frame number="00000756"/>
 <frame number="00000757"/>
 <frame number="00000758"/>
 <frame number="00000759"/>
 <frame number="00000760"/>
 <frame number="00000761"/>
 <frame number="00000762"/>
 <frame number="00000763"/>
 <frame number="00000764"/>
 <frame number="00000765"/>
 <frame number="00000766"/>
 <frame number="00000767"/>
 <frame number="00000768"/>
 <frame number="00000769"/>
 <frame number="00000770"/>
 <frame number="00000771"/>
 <frame number="00000772"/>
 <frame number="00000773"/>
 <frame number="00000774"/>
 <frame number="00000775"/>
 <frame number="00000776"/>
 <frame number="00000777"/>
 <frame number="00000778"/>
 <frame number="00000779"/>
 <frame number="00000780"/>
 <frame number="00000781"/>
 <frame number="00000782"/>
 <frame number="00000783"/>
 <frame number="00000784"/>
 <frame number="00000785"/>
 <frame number="00000786"/>
 <frame number="00000787"/>
 <frame number="00000788"/>
 <frame number="00000789"/>
 <frame number="00000790"/>
 <frame number="00000791"/>
 <frame number="00000792"/>
 <frame number="00000793"/>
 <frame number="00000794"/>
 <frame number="00000795"/>
 <frame number="00000796"/>
 <frame number="00000797"/>
 <frame number="00000798"/>
 <frame number="00000799"/>
 <frame number="00000800"/>
 <frame number="00000801"/>
 <frame number="00000802"/>
 <frame number="00000803"/>
 <frame number="00000804"/>
 <frame number="00000805"/>
 <frame number="00000806"/>
 <frame number="00000807"/>
 <frame number="00000808"/>
 <frame number="00000809"/>
 <frame number="00000810"/>
 <frame number="00000811"/>
 <frame number="00000812"/>
 <frame number="00000813"/>
 <frame number="00000814"/>
 <frame number="00000815"/>
 <frame number="00000816"/>
 <frame number="00000817"/>
 <frame number="00000818"/>
 <frame number="00000819"/>
 <frame number="00000820"/>
 <frame number="00000821"/>
 <frame number="00000822">
  <person id="0022">
   <leftEye x="495" y="169"/>
   <rightEye x="511" y="170"/>
  </person>
 </frame>
 <frame number="00000823">
  <person id="0022">
   <leftEye x="492" y="171"/>
   <rightEye x="508" y="172"/>
  </person>
 </frame>
 <frame number="00000824">
  <person id="0022">
   <leftEye x="489" y="174"/>
   <rightEye x="505" y="175"/>
  </person>
 </frame>
 <frame number="00000825">
  <person id="0022">
   <leftEye x="485" y="178"/>
   <rightEye x="502" y="178"/>
  </person>
 </frame>
 <frame number="00000826">
  <person id="0022">
   <leftEye x="481" y="181"/>
   <rightEye x="498" y="181"/>
  </person>
 </frame>
 <frame number="00000827">
  <person id="0022">
   <leftEye x="477" y="184"/>
   <rightEye x="494" y="184"/>
  </person>
 </frame>
 <frame number="00000828">
  <person id="0022">
   <leftEye x="473" y="185"/>
   <rightEye x="490" y="185"/>
  </person>
 </frame>
 <frame number="00000829">
  <person id="0022">
   <leftEye x="469" y="186"/>
   <rightEye x="486" y="186"/>
  </person>
 </frame>
 <frame number="00000830">
  <person id="0022">
   <leftEye x="465" y="186"/>
   <rightEye x="483" y="186"/>
  </person>
 </frame>
 <frame number="00000831">
  <person id="0022">
   <leftEye x="462" y="186"/>
   <rightEye x="480" y="186"/>
  </person>
 </frame>
 <frame number="00000832">
  <person id="0022">
   <leftEye x="459" y="185"/>
   <rightEye x="477" y="185"/>
  </person>
 </frame>
 <frame number="00000833">
  <person id="0022">
   <leftEye x="456" y="184"/>
   <rightEye x="475" y="184"/>
  </person>
 </frame>
 <frame number="00000834">
  <person id="0022">
   <leftEye x="453" y="184"/>
   <rightEye x="473" y="184"/>
  </person>
 </frame>
 <frame number="00000835">
  <person id="0022">
   <leftEye x="452" y="184"/>
   <rightEye x="472" y="184"/>
  </person>
 </frame>
 <frame number="00000836">
  <person id="0022">
   <leftEye x="451" y="185"/>
   <rightEye x="471" y="185"/>
  </person>
 </frame>
 <frame number="00000837">
  <person id="0022">
   <leftEye x="450" y="187"/>
   <rightEye x="470" y="187"/>
  </person>
 </frame>
 <frame number="00000838">
  <person id="0022">
   <leftEye x="449" y="191"/>
   <rightEye x="470" y="191"/>
  </person>
 </frame>
 <frame number="00000839">
  <person id="0022">
   <leftEye x="449" y="196"/>
   <rightEye x="469" y="196"/>
  </person>
 </frame>
 <frame number="00000840">
  <person id="0022">
   <leftEye x="449" y="201"/>
   <rightEye x="469" y="201"/>
  </person>
 </frame>
 <frame number="00000841">
  <person id="0022">
   <leftEye x="449" y="206"/>
   <rightEye x="471" y="206"/>
  </person>
 </frame>
 <frame number="00000842">
  <person id="0022">
   <leftEye x="450" y="209"/>
   <rightEye x="472" y="210"/>
  </person>
 </frame>
 <frame number="00000843">
  <person id="0022">
   <leftEye x="451" y="212"/>
   <rightEye x="473" y="213"/>
  </person>
 </frame>
 <frame number="00000844">
  <person id="0022">
   <leftEye x="452" y="214"/>
   <rightEye x="476" y="215"/>
  </person>
 </frame>
 <frame number="00000845">
  <person id="0022">
   <leftEye x="454" y="214"/>
   <rightEye x="478" y="216"/>
  </person>
 </frame>
 <frame number="00000846">
  <person id="0022">
   <leftEye x="455" y="214"/>
   <rightEye x="480" y="216"/>
  </person>
 </frame>
 <frame number="00000847">
  <person id="0022">
   <leftEye x="456" y="214"/>
   <rightEye x="482" y="216"/>
  </person>
 </frame>
 <frame number="00000848">
  <person id="0022">
   <leftEye x="457" y="214"/>
   <rightEye x="483" y="216"/>
  </person>
 </frame>
 <frame number="00000849">
  <person id="0022">
   <leftEye x="458" y="214"/>
   <rightEye x="484" y="216"/>
  </person>
 </frame>
 <frame number="00000850">
  <person id="0022">
   <leftEye x="459" y="215"/>
   <rightEye x="485" y="216"/>
  </person>
 </frame>
 <frame number="00000851">
  <person id="0022">
   <leftEye x="460" y="217"/>
   <rightEye x="487" y="218"/>
  </person>
 </frame>
 <frame number="00000852">
  <person id="0022">
   <leftEye x="460" y="221"/>
   <rightEye x="488" y="222"/>
  </person>
 </frame>
 <frame number="00000853">
  <person id="0022">
   <leftEye x="460" y="228"/>
   <rightEye x="488" y="228"/>
  </person>
 </frame>
 <frame number="00000854">
  <person id="0022">
   <leftEye x="460" y="236"/>
   <rightEye x="488" y="236"/>
  </person>
 </frame>
 <frame number="00000855">
  <person id="0022">
   <leftEye x="460" y="245"/>
   <rightEye x="488" y="244"/>
  </person>
 </frame>
 <frame number="00000856">
  <person id="0022">
   <leftEye x="458" y="254"/>
   <rightEye x="488" y="252"/>
  </person>
 </frame>
 <frame number="00000857">
  <person id="0022">
   <leftEye x="456" y="260"/>
   <rightEye x="487" y="258"/>
  </person>
 </frame>
 <frame number="00000858">
  <person id="0022">
   <leftEye x="455" y="265"/>
   <rightEye x="485" y="263"/>
  </person>
 </frame>
 <frame number="00000859">
  <person id="0022">
   <leftEye x="453" y="269"/>
   <rightEye x="484" y="267"/>
  </person>
 </frame>
 <frame number="00000860">
  <person id="0022">
   <leftEye x="451" y="271"/>
   <rightEye x="483" y="269"/>
  </person>
 </frame>
 <frame number="00000861">
  <person id="0022">
   <leftEye x="450" y="273"/>
   <rightEye x="483" y="271"/>
  </person>
 </frame>
 <frame number="00000862">
  <person id="0022">
   <leftEye x="450" y="274"/>
   <rightEye x="483" y="273"/>
  </person>
 </frame>
 <frame number="00000863">
  <person id="0022">
   <leftEye x="451" y="275"/>
   <rightEye x="484" y="274"/>
  </person>
 </frame>
 <frame number="00000864">
  <person id="0022">
   <leftEye x="451" y="276"/>
   <rightEye x="486" y="274"/>
  </person>
 </frame>
 <frame number="00000865">
  <person id="0022">
   <leftEye x="452" y="278"/>
   <rightEye x="489" y="276"/>
  </person>
 </frame>
 <frame number="00000866">
  <person id="0022">
   <leftEye x="455" y="282"/>
   <rightEye x="493" y="279"/>
  </person>
 </frame>
 <frame number="00000867">
  <person id="0022">
   <leftEye x="458" y="289"/>
   <rightEye x="496" y="286"/>
  </person>
 </frame>
 <frame number="00000868">
  <person id="0022">
   <leftEye x="461" y="299"/>
   <rightEye x="500" y="296"/>
  </person>
 </frame>
 <frame number="00000869">
  <person id="0022">
   <leftEye x="465" y="312"/>
   <rightEye x="505" y="309"/>
  </person>
 </frame>
 <frame number="00000870">
  <person id="0022">
   <leftEye x="469" y="327"/>
   <rightEye x="511" y="324"/>
  </person>
 </frame>
 <frame number="00000871">
  <person id="0022">
   <leftEye x="473" y="344"/>
   <rightEye x="517" y="341"/>
  </person>
 </frame>
 <frame number="00000872">
  <person id="0022">
   <leftEye x="478" y="360"/>
   <rightEye x="523" y="357"/>
  </person>
 </frame>
 <frame number="00000873">
  <person id="0022">
   <leftEye x="484" y="375"/>
   <rightEye x="530" y="372"/>
  </person>
 </frame>
 <frame number="00000874">
  <person id="0022">
   <leftEye x="491" y="388"/>
   <rightEye x="539" y="384"/>
  </person>
 </frame>
 <frame number="00000875">
  <person id="0022">
   <leftEye x="498" y="398"/>
   <rightEye x="549" y="395"/>
  </person>
 </frame>
 <frame number="00000876">
  <person id="0022">
   <leftEye x="505" y="406"/>
   <rightEye x="559" y="404"/>
  </person>
 </frame>
 <frame number="00000877">
  <person id="0022">
   <leftEye x="512" y="413"/>
   <rightEye x="569" y="412"/>
  </person>
 </frame>
 <frame number="00000878">
  <person id="0022">
   <leftEye x="519" y="420"/>
   <rightEye x="578" y="420"/>
  </person>
 </frame>
 <frame number="00000879">
  <person id="0022">
   <leftEye x="525" y="428"/>
   <rightEye x="587" y="429"/>
  </person>
 </frame>
 <frame number="00000880">
  <person id="0022">
   <leftEye x="531" y="439"/>
   <rightEye x="597" y="440"/>
  </person>
 </frame>
 <frame number="00000881">
  <person id="0022">
   <leftEye x="539" y="454"/>
   <rightEye x="607" y="455"/>
  </person>
 </frame>
 <frame number="00000882">
  <person id="0022">
   <leftEye x="547" y="476"/>
   <rightEye x="618" y="476"/>
  </person>
 </frame>
 <frame number="00000883">
  <person id="0022">
   <leftEye x="556" y="502"/>
   <rightEye x="630" y="501"/>
  </person>
 </frame>
 <frame number="00000884"/>
 <frame number="00000885"/>
 <frame number="00000886"/>
 <frame number="00000887"/>
 <frame number="00000888"/>
 <frame number="00000889"/>
 <frame number="00000890"/>
 <frame number="00000891"/>
 <frame number="00000892"/>
 <frame number="00000893"/>
 <frame number="00000894"/>
 <frame number="00000940"/>
 <frame number="00000941"/>
 <frame number="00000942"/>
 <frame number="00000943"/>
 <frame number="00000944"/>
 <frame number="00000945"/>
 <frame number="00000946"/>
 <frame number="00000947"/>
 <frame number="00000948"/>
 <frame number="00000949"/>
 <frame number="00000950"/>
 <frame number="00000951"/>
 <frame number="00000952"/>
 <frame number="00000953"/>
 <frame number="00000954"/>
 <frame number="00000955"/>
 <frame number="00000956"/>
 <frame number="00000957"/>
 <frame number="00000958"/>
 <frame number="00000959"/>
 <frame number="00000960"/>
 <frame number="00000961"/>
 <frame number="00000962"/>
 <frame number="00000963"/>
 <frame number="00000964"/>
 <frame number="00000965"/>
 <frame number="00000966"/>
 <frame number="00000967"/>
 <frame number="00000968"/>
 <frame number="00000969"/>
 <frame number="00000970"/>
 <frame number="00000971"/>
 <frame number="00000972"/>
 <frame number="00000973"/>
 <frame number="00000974"/>
 <frame number="00000975"/>
 <frame number="00000976"/>
 <frame number="00000977"/>
 <frame number="00000978"/>
 <frame number="00000979"/>
 <frame number="00000980"/>
 <frame number="00000981"/>
 <frame number="00000982"/>
 <frame number="00000983"/>
 <frame number="00000984"/>
 <frame number="00000985"/>
 <frame number="00000986"/>
 <frame number="00000987"/>
 <frame number="00000988"/>
 <frame number="00000989"/>
 <frame number="00000990"/>
 <frame number="00000991"/>
 <frame number="00000992"/>
 <frame number="00000993"/>
 <frame number="00000994"/>
 <frame number="00000995"/>
 <frame number="00000996"/>
 <frame number="00000997"/>
 <frame number="00000998"/>
 <frame number="00000999"/>
 <frame number="00001000"/>
 <frame number="00001001"/>
 <frame number="00001002"/>
 <frame number="00001003"/>
 <frame number="00001004"/>
 <frame number="00001005"/>
 <frame number="00001006"/>
 <frame number="00001007"/>
 <frame number="00001008"/>
 <frame number="00001009"/>
 <frame number="00001010"/>
 <frame number="00001011"/>
 <frame number="00001012"/>
 <frame number="00001013">
  <person id="0003">
   <leftEye x="473" y="173"/>
   <rightEye x="489" y="174"/>
  </person>
 </frame>
 <frame number="00001014">
  <person id="0003">
   <leftEye x="469" y="172"/>
   <rightEye x="485" y="174"/>
  </person>
 </frame>
 <frame number="00001015">
  <person id="0003">
   <leftEye x="466" y="172"/>
   <rightEye x="481" y="174"/>
  </person>
 </frame>
 <frame number="00001016">
  <person id="0003">
   <leftEye x="463" y="173"/>
   <rightEye x="478" y="175"/>
  </person>
 </frame>
 <frame number="00001017">
  <person id="0003">
   <leftEye x="460" y="175"/>
   <rightEye x="475" y="177"/>
  </person>
 </frame>
 <frame number="00001018">
  <person id="0003">
   <leftEye x="456" y="178"/>
   <rightEye x="472" y="179"/>
  </person>
 </frame>
 <frame number="00001019">
  <person id="0003">
   <leftEye x="453" y="181"/>
   <rightEye x="470" y="182"/>
  </person>
 </frame>
 <frame number="00001020">
  <person id="0003">
   <leftEye x="450" y="183"/>
   <rightEye x="468" y="185"/>
  </person>
 </frame>
 <frame number="00001021">
  <person id="0003">
   <leftEye x="448" y="185"/>
   <rightEye x="466" y="187"/>
  </person>
 </frame>
 <frame number="00001022">
  <person id="0003">
   <leftEye x="446" y="187"/>
   <rightEye x="464" y="189"/>
  </person>
 </frame>
 <frame number="00001023">
  <person id="0003">
   <leftEye x="445" y="188"/>
   <rightEye x="463" y="190"/>
  </person>
 </frame>
 <frame number="00001024">
  <person id="0003">
   <leftEye x="444" y="188"/>
   <rightEye x="462" y="190"/>
  </person>
 </frame>
 <frame number="00001025">
  <person id="0003">
   <leftEye x="443" y="188"/>
   <rightEye x="461" y="190"/>
  </person>
 </frame>
 <frame number="00001026">
  <person id="0003">
   <leftEye x="442" y="187"/>
   <rightEye x="460" y="189"/>
  </person>
 </frame>
 <frame number="00001027">
  <person id="0003">
   <leftEye x="440" y="186"/>
   <rightEye x="458" y="188"/>
  </person>
 </frame>
 <frame number="00001028">
  <person id="0003">
   <leftEye x="439" y="187"/>
   <rightEye x="459" y="188"/>
  </person>
 </frame>
 <frame number="00001029">
  <person id="0003">
   <leftEye x="437" y="187"/>
   <rightEye x="456" y="188"/>
  </person>
 </frame>
 <frame number="00001030">
  <person id="0003">
   <leftEye x="435" y="188"/>
   <rightEye x="454" y="189"/>
  </person>
 </frame>
 <frame number="00001031">
  <person id="0003">
   <leftEye x="434" y="188"/>
   <rightEye x="454" y="189"/>
  </person>
 </frame>
 <frame number="00001032">
  <person id="0003">
   <leftEye x="431" y="191"/>
   <rightEye x="451" y="192"/>
  </person>
 </frame>
 <frame number="00001033">
  <person id="0003">
   <leftEye x="431" y="191"/>
   <rightEye x="451" y="192"/>
  </person>
 </frame>
 <frame number="00001034">
  <person id="0003">
   <leftEye x="427" y="194"/>
   <rightEye x="447" y="195"/>
  </person>
 </frame>
 <frame number="00001035">
  <person id="0003">
   <leftEye x="425" y="197"/>
   <rightEye x="445" y="198"/>
  </person>
 </frame>
 <frame number="00001036">
  <person id="0003">
   <leftEye x="423" y="201"/>
   <rightEye x="443" y="202"/>
  </person>
 </frame>
 <frame number="00001037">
  <person id="0003">
   <leftEye x="421" y="205"/>
   <rightEye x="442" y="206"/>
  </person>
 </frame>
 <frame number="00001038">
  <person id="0003">
   <leftEye x="415" y="211"/>
   <rightEye x="437" y="212"/>
  </person>
 </frame>
 <frame number="00001039">
  <person id="0003">
   <leftEye x="415" y="211"/>
   <rightEye x="437" y="213"/>
  </person>
 </frame>
 <frame number="00001040">
  <person id="0003">
   <leftEye x="413" y="212"/>
   <rightEye x="434" y="213"/>
  </person>
 </frame>
 <frame number="00001041">
  <person id="0003">
   <leftEye x="409" y="211"/>
   <rightEye x="430" y="212"/>
  </person>
 </frame>
 <frame number="00001042">
  <person id="0003">
   <leftEye x="408" y="211"/>
   <rightEye x="430" y="212"/>
  </person>
 </frame>
 <frame number="00001043">
  <person id="0003">
   <leftEye x="406" y="210"/>
   <rightEye x="430" y="211"/>
  </person>
 </frame>
 <frame number="00001044">
  <person id="0003">
   <leftEye x="405" y="210"/>
   <rightEye x="430" y="211"/>
  </person>
 </frame>
 <frame number="00001045">
  <person id="0003">
   <leftEye x="405" y="210"/>
   <rightEye x="430" y="211"/>
  </person>
 </frame>
 <frame number="00001046">
  <person id="0003">
   <leftEye x="406" y="211"/>
   <rightEye x="430" y="213"/>
  </person>
 </frame>
 <frame number="00001047">
  <person id="0003">
   <leftEye x="406" y="213"/>
   <rightEye x="431" y="215"/>
  </person>
 </frame>
 <frame number="00001048">
  <person id="0003">
   <leftEye x="407" y="216"/>
   <rightEye x="432" y="219"/>
  </person>
 </frame>
 <frame number="00001049">
  <person id="0003">
   <leftEye x="408" y="221"/>
   <rightEye x="433" y="224"/>
  </person>
 </frame>
 <frame number="00001050">
  <person id="0003">
   <leftEye x="409" y="226"/>
   <rightEye x="435" y="229"/>
  </person>
 </frame>
 <frame number="00001051">
  <person id="0003">
   <leftEye x="410" y="232"/>
   <rightEye x="436" y="234"/>
  </person>
 </frame>
 <frame number="00001052">
  <person id="0003">
   <leftEye x="411" y="238"/>
   <rightEye x="437" y="240"/>
  </person>
 </frame>
 <frame number="00001053">
  <person id="0003">
   <leftEye x="412" y="243"/>
   <rightEye x="439" y="246"/>
  </person>
 </frame>
 <frame number="00001054">
  <person id="0003">
   <leftEye x="414" y="248"/>
   <rightEye x="442" y="251"/>
  </person>
 </frame>
 <frame number="00001055">
  <person id="0003">
   <leftEye x="417" y="252"/>
   <rightEye x="445" y="254"/>
  </person>
 </frame>
 <frame number="00001056">
  <person id="0003">
   <leftEye x="419" y="254"/>
   <rightEye x="448" y="256"/>
  </person>
 </frame>
 <frame number="00001057">
  <person id="0003">
   <leftEye x="420" y="254"/>
   <rightEye x="451" y="257"/>
  </person>
 </frame>
 <frame number="00001058">
  <person id="0003">
   <leftEye x="421" y="254"/>
   <rightEye x="452" y="257"/>
  </person>
 </frame>
 <frame number="00001059">
  <person id="0003">
   <leftEye x="422" y="254"/>
   <rightEye x="453" y="257"/>
  </person>
 </frame>
 <frame number="00001060">
  <person id="0003">
   <leftEye x="422" y="255"/>
   <rightEye x="453" y="259"/>
  </person>
 </frame>
 <frame number="00001061">
  <person id="0003">
   <leftEye x="421" y="257"/>
   <rightEye x="452" y="261"/>
  </person>
 </frame>
 <frame number="00001062">
  <person id="0003">
   <leftEye x="420" y="261"/>
   <rightEye x="452" y="265"/>
  </person>
 </frame>
 <frame number="00001063">
  <person id="0003">
   <leftEye x="418" y="267"/>
   <rightEye x="451" y="271"/>
  </person>
 </frame>
 <frame number="00001064">
  <person id="0003">
   <leftEye x="416" y="275"/>
   <rightEye x="451" y="278"/>
  </person>
 </frame>
 <frame number="00001065">
  <person id="0003">
   <leftEye x="414" y="283"/>
   <rightEye x="451" y="286"/>
  </person>
 </frame>
 <frame number="00001066">
  <person id="0003">
   <leftEye x="412" y="292"/>
   <rightEye x="449" y="295"/>
  </person>
 </frame>
 <frame number="00001067">
  <person id="0003">
   <leftEye x="409" y="302"/>
   <rightEye x="447" y="304"/>
  </person>
 </frame>
 <frame number="00001068">
  <person id="0003">
   <leftEye x="406" y="311"/>
   <rightEye x="445" y="313"/>
  </person>
 </frame>
 <frame number="00001069">
  <person id="0003">
   <leftEye x="403" y="320"/>
   <rightEye x="443" y="322"/>
  </person>
 </frame>
 <frame number="00001070">
  <person id="0003">
   <leftEye x="400" y="327"/>
   <rightEye x="441" y="329"/>
  </person>
 </frame>
 <frame number="00001071">
  <person id="0003">
   <leftEye x="397" y="332"/>
   <rightEye x="440" y="334"/>
  </person>
 </frame>
 <frame number="00001072">
  <person id="0003">
   <leftEye x="394" y="336"/>
   <rightEye x="439" y="338"/>
  </person>
 </frame>
 <frame number="00001073">
  <person id="0003">
   <leftEye x="392" y="340"/>
   <rightEye x="438" y="341"/>
  </person>
 </frame>
 <frame number="00001074">
  <person id="0003">
   <leftEye x="390" y="344"/>
   <rightEye x="437" y="345"/>
  </person>
 </frame>
 <frame number="00001075">
  <person id="0003">
   <leftEye x="388" y="349"/>
   <rightEye x="437" y="350"/>
  </person>
 </frame>
 <frame number="00001076">
  <person id="0003">
   <leftEye x="387" y="355"/>
   <rightEye x="437" y="357"/>
  </person>
 </frame>
 <frame number="00001077">
  <person id="0003">
   <leftEye x="386" y="362"/>
   <rightEye x="438" y="365"/>
  </person>
 </frame>
 <frame number="00001078">
  <person id="0003">
   <leftEye x="386" y="371"/>
   <rightEye x="439" y="375"/>
  </person>
 </frame>
 <frame number="00001079">
  <person id="0003">
   <leftEye x="386" y="382"/>
   <rightEye x="440" y="386"/>
  </person>
 </frame>
 <frame number="00001080">
  <person id="0003">
   <leftEye x="387" y="395"/>
   <rightEye x="442" y="399"/>
  </person>
 </frame>
 <frame number="00001081">
  <person id="0003">
   <leftEye x="387" y="411"/>
   <rightEye x="444" y="414"/>
  </person>
 </frame>
 <frame number="00001082">
  <person id="0003">
   <leftEye x="387" y="429"/>
   <rightEye x="446" y="432"/>
  </person>
 </frame>
 <frame number="00001083">
  <person id="0003">
   <leftEye x="388" y="448"/>
   <rightEye x="450" y="452"/>
  </person>
 </frame>
 <frame number="00001084">
  <person id="0003">
   <leftEye x="389" y="469"/>
   <rightEye x="454" y="473"/>
  </person>
 </frame>
 <frame number="00001085"/>
 <frame number="00001086"/>
 <frame number="00001087"/>
 <frame number="00001088"/>
 <frame number="00001089"/>
 <frame number="00001090"/>
 <frame number="00001091"/>
 <frame number="00001092"/>
 <frame number="00001093"/>
 <frame number="00001094"/>
 <frame number="00001095"/>
 <frame number="00001096"/>
 <frame number="00001097"/>
 <frame number="00001098"/>
 <frame number="00001099"/>
</dataset>
