<!DOCTYPE GroundTruth>
<dataset name="P2E_S4_C2">
 <frame number="00000000"/>
 <frame number="00000001"/>
 <frame number="00000002"/>
 <frame number="00000003"/>
 <frame number="00000004"/>
 <frame number="00000005"/>
 <frame number="00000006"/>
 <frame number="00000007"/>
 <frame number="00000008"/>
 <frame number="00000009"/>
 <frame number="00000010"/>
 <frame number="00000011"/>
 <frame number="00000012"/>
 <frame number="00000013"/>
 <frame number="00000014"/>
 <frame number="00000015"/>
 <frame number="00000016"/>
 <frame number="00000017"/>
 <frame number="00000018"/>
 <frame number="00000019"/>
 <frame number="00000020"/>
 <frame number="00000021"/>
 <frame number="00000022"/>
 <frame number="00000023"/>
 <frame number="00000024"/>
 <frame number="00000025"/>
 <frame number="00000026"/>
 <frame number="00000027"/>
 <frame number="00000028"/>
 <frame number="00000029"/>
 <frame number="00000030"/>
 <frame number="00000031"/>
 <frame number="00000032"/>
 <frame number="00000033"/>
 <frame number="00000034"/>
 <frame number="00000035"/>
 <frame number="00000036"/>
 <frame number="00000037"/>
 <frame number="00000038"/>
 <frame number="00000039"/>
 <frame number="00000040"/>
 <frame number="00000041"/>
 <frame number="00000042"/>
 <frame number="00000043"/>
 <frame number="00000044"/>
 <frame number="00000045"/>
 <frame number="00000046"/>
 <frame number="00000047"/>
 <frame number="00000048"/>
 <frame number="00000049"/>
 <frame number="00000050"/>
 <frame number="00000051"/>
 <frame number="00000052"/>
 <frame number="00000053"/>
 <frame number="00000054"/>
 <frame number="00000055"/>
 <frame number="00000056"/>
 <frame number="00000057"/>
 <frame number="00000058"/>
 <frame number="00000059"/>
 <frame number="00000060"/>
 <frame number="00000061"/>
 <frame number="00000062"/>
 <frame number="00000063"/>
 <frame number="00000064"/>
 <frame number="00000065"/>
 <frame number="00000066"/>
 <frame number="00000067"/>
 <frame number="00000068"/>
 <frame number="00000069"/>
 <frame number="00000070"/>
 <frame number="00000071"/>
 <frame number="00000072"/>
 <frame number="00000073"/>
 <frame number="00000074"/>
 <frame number="00000075"/>
 <frame number="00000076"/>
 <frame number="00000077"/>
 <frame number="00000078"/>
 <frame number="00000079"/>
 <frame number="00000080"/>
 <frame number="00000081"/>
 <frame number="00000082"/>
 <frame number="00000083"/>
 <frame number="00000084"/>
 <frame number="00000085"/>
 <frame number="00000086"/>
 <frame number="00000087"/>
 <frame number="00000088"/>
 <frame number="00000089"/>
 <frame number="00000090"/>
 <frame number="00000091"/>
 <frame number="00000092"/>
 <frame number="00000093"/>
 <frame number="00000094"/>
 <frame number="00000095"/>
 <frame number="00000096"/>
 <frame number="00000097"/>
 <frame number="00000098"/>
 <frame number="00000099"/>
 <frame number="00000192"/>
 <frame number="00000193"/>
 <frame number="00000194"/>
 <frame number="00000195"/>
 <frame number="00000196"/>
 <frame number="00000197"/>
 <frame number="00000198"/>
 <frame number="00000199"/>
 <frame number="00000200"/>
 <frame number="00000201"/>
 <frame number="00000202"/>
 <frame number="00000203"/>
 <frame number="00000204"/>
 <frame number="00000205"/>
 <frame number="00000206"/>
 <frame number="00000207"/>
 <frame number="00000208"/>
 <frame number="00000209"/>
 <frame number="00000210"/>
 <frame number="00000211"/>
 <frame number="00000212"/>
 <frame number="00000213"/>
 <frame number="00000214"/>
 <frame number="00000215"/>
 <frame number="00000216"/>
 <frame number="00000217"/>
 <frame number="00000218"/>
 <frame number="00000219"/>
 <frame number="00000220"/>
 <frame number="00000221"/>
 <frame number="00000222"/>
 <frame number="00000223"/>
 <frame number="00000224"/>
 <frame number="00000225"/>
 <frame number="00000226"/>
 <frame number="00000227"/>
 <frame number="00000228"/>
 <frame number="00000229"/>
 <frame number="00000230"/>
 <frame number="00000231"/>
 <frame number="00000232"/>
 <frame number="00000233"/>
 <frame number="00000234"/>
 <frame number="00000235"/>
 <frame number="00000236"/>
 <frame number="00000237"/>
 <frame number="00000238"/>
 <frame number="00000239"/>
 <frame number="00000240"/>
 <frame number="00000241"/>
 <frame number="00000242">
  <person id="0021">
   <leftEye x="376" y="151"/>
   <rightEye x="392" y="151"/>
  </person>
 </frame>
 <frame number="00000243">
  <person id="0021">
   <leftEye x="370" y="153"/>
   <rightEye x="385" y="153"/>
  </person>
 </frame>
 <frame number="00000244">
  <person id="0021">
   <leftEye x="363" y="155"/>
   <rightEye x="378" y="155"/>
  </person>
 </frame>
 <frame number="00000245">
  <person id="0021">
   <leftEye x="356" y="157"/>
   <rightEye x="372" y="157"/>
  </person>
 </frame>
 <frame number="00000246">
  <person id="0021">
   <leftEye x="349" y="157"/>
   <rightEye x="365" y="157"/>
  </person>
 </frame>
 <frame number="00000247">
  <person id="0021">
   <leftEye x="343" y="157"/>
   <rightEye x="359" y="157"/>
  </person>
 </frame>
 <frame number="00000248">
  <person id="0021">
   <leftEye x="337" y="156"/>
   <rightEye x="353" y="156"/>
  </person>
 </frame>
 <frame number="00000249">
  <person id="0021">
   <leftEye x="332" y="156"/>
   <rightEye x="348" y="156"/>
  </person>
 </frame>
 <frame number="00000250">
  <person id="0021">
   <leftEye x="327" y="155"/>
   <rightEye x="344" y="155"/>
  </person>
 </frame>
 <frame number="00000251">
  <person id="0021">
   <leftEye x="322" y="155"/>
   <rightEye x="339" y="155"/>
  </person>
 </frame>
 <frame number="00000252">
  <person id="0021">
   <leftEye x="318" y="155"/>
   <rightEye x="335" y="155"/>
  </person>
 </frame>
 <frame number="00000253">
  <person id="0021">
   <leftEye x="315" y="155"/>
   <rightEye x="332" y="155"/>
  </person>
 </frame>
 <frame number="00000254">
  <person id="0021">
   <leftEye x="311" y="157"/>
   <rightEye x="329" y="157"/>
  </person>
 </frame>
 <frame number="00000255">
  <person id="0021">
   <leftEye x="309" y="159"/>
   <rightEye x="327" y="159"/>
  </person>
 </frame>
 <frame number="00000256">
  <person id="0021">
   <leftEye x="306" y="162"/>
   <rightEye x="324" y="162"/>
  </person>
 </frame>
 <frame number="00000257">
  <person id="0021">
   <leftEye x="303" y="168"/>
   <rightEye x="321" y="168"/>
  </person>
 </frame>
 <frame number="00000258">
  <person id="0021">
   <leftEye x="300" y="172"/>
   <rightEye x="319" y="172"/>
  </person>
 </frame>
 <frame number="00000259">
  <person id="0021">
   <leftEye x="298" y="175"/>
   <rightEye x="317" y="175"/>
  </person>
 </frame>
 <frame number="00000260">
  <person id="0021">
   <leftEye x="297" y="177"/>
   <rightEye x="315" y="177"/>
  </person>
 </frame>
 <frame number="00000261">
  <person id="0021">
   <leftEye x="296" y="177"/>
   <rightEye x="315" y="177"/>
  </person>
 </frame>
 <frame number="00000262">
  <person id="0021">
   <leftEye x="295" y="176"/>
   <rightEye x="315" y="176"/>
  </person>
 </frame>
 <frame number="00000263">
  <person id="0021">
   <leftEye x="295" y="176"/>
   <rightEye x="315" y="176"/>
  </person>
 </frame>
 <frame number="00000264">
  <person id="0021">
   <leftEye x="293" y="174"/>
   <rightEye x="313" y="174"/>
  </person>
 </frame>
 <frame number="00000265">
  <person id="0021">
   <leftEye x="290" y="173"/>
   <rightEye x="311" y="173"/>
  </person>
 </frame>
 <frame number="00000266">
  <person id="0021">
   <leftEye x="287" y="170"/>
   <rightEye x="308" y="170"/>
  </person>
 </frame>
 <frame number="00000267">
  <person id="0021">
   <leftEye x="282" y="167"/>
   <rightEye x="304" y="167"/>
  </person>
 </frame>
 <frame number="00000268">
  <person id="0021">
   <leftEye x="282" y="167"/>
   <rightEye x="303" y="167"/>
  </person>
 </frame>
 <frame number="00000269">
  <person id="0021">
   <leftEye x="278" y="167"/>
   <rightEye x="300" y="167"/>
  </person>
 </frame>
 <frame number="00000270">
  <person id="0021">
   <leftEye x="275" y="169"/>
   <rightEye x="297" y="169"/>
  </person>
 </frame>
 <frame number="00000271">
  <person id="0021">
   <leftEye x="272" y="172"/>
   <rightEye x="294" y="172"/>
  </person>
 </frame>
 <frame number="00000272">
  <person id="0021">
   <leftEye x="268" y="177"/>
   <rightEye x="290" y="177"/>
  </person>
 </frame>
 <frame number="00000273">
  <person id="0021">
   <leftEye x="264" y="183"/>
   <rightEye x="286" y="183"/>
  </person>
 </frame>
 <frame number="00000274">
  <person id="0021">
   <leftEye x="259" y="188"/>
   <rightEye x="281" y="188"/>
  </person>
 </frame>
 <frame number="00000275">
  <person id="0021">
   <leftEye x="254" y="194"/>
   <rightEye x="276" y="194"/>
  </person>
 </frame>
 <frame number="00000276">
  <person id="0021">
   <leftEye x="248" y="198"/>
   <rightEye x="271" y="198"/>
  </person>
 </frame>
 <frame number="00000277">
  <person id="0021">
   <leftEye x="242" y="201"/>
   <rightEye x="266" y="201"/>
  </person>
 </frame>
 <frame number="00000278">
  <person id="0021">
   <leftEye x="236" y="202"/>
   <rightEye x="260" y="202"/>
  </person>
 </frame>
 <frame number="00000279">
  <person id="0021">
   <leftEye x="230" y="203"/>
   <rightEye x="255" y="202"/>
  </person>
 </frame>
 <frame number="00000280">
  <person id="0021">
   <leftEye x="225" y="204"/>
   <rightEye x="250" y="202"/>
  </person>
 </frame>
 <frame number="00000281">
  <person id="0021">
   <leftEye x="221" y="204"/>
   <rightEye x="246" y="202"/>
  </person>
 </frame>
 <frame number="00000282">
  <person id="0021">
   <leftEye x="217" y="203"/>
   <rightEye x="243" y="202"/>
  </person>
 </frame>
 <frame number="00000283">
  <person id="0021">
   <leftEye x="213" y="203"/>
   <rightEye x="241" y="202"/>
  </person>
 </frame>
 <frame number="00000284">
  <person id="0021">
   <leftEye x="209" y="204"/>
   <rightEye x="238" y="203"/>
  </person>
 </frame>
 <frame number="00000285">
  <person id="0021">
   <leftEye x="205" y="207"/>
   <rightEye x="236" y="206"/>
  </person>
 </frame>
 <frame number="00000286">
  <person id="0021">
   <leftEye x="203" y="212"/>
   <rightEye x="233" y="211"/>
  </person>
 </frame>
 <frame number="00000287">
  <person id="0021">
   <leftEye x="200" y="218"/>
   <rightEye x="231" y="218"/>
  </person>
 </frame>
 <frame number="00000288">
  <person id="0021">
   <leftEye x="198" y="226"/>
   <rightEye x="229" y="226"/>
  </person>
 </frame>
 <frame number="00000289">
  <person id="0021">
   <leftEye x="196" y="235"/>
   <rightEye x="228" y="235"/>
  </person>
 </frame>
 <frame number="00000290">
  <person id="0021">
   <leftEye x="194" y="244"/>
   <rightEye x="227" y="244"/>
  </person>
 </frame>
 <frame number="00000291">
  <person id="0021">
   <leftEye x="193" y="251"/>
   <rightEye x="226" y="251"/>
  </person>
 </frame>
 <frame number="00000292">
  <person id="0021">
   <leftEye x="192" y="256"/>
   <rightEye x="226" y="256"/>
  </person>
 </frame>
 <frame number="00000293">
  <person id="0021">
   <leftEye x="190" y="259"/>
   <rightEye x="226" y="259"/>
  </person>
 </frame>
 <frame number="00000294">
  <person id="0021">
   <leftEye x="187" y="262"/>
   <rightEye x="224" y="262"/>
  </person>
 </frame>
 <frame number="00000295">
  <person id="0021">
   <leftEye x="184" y="264"/>
   <rightEye x="221" y="264"/>
  </person>
 </frame>
 <frame number="00000296">
  <person id="0021">
   <leftEye x="179" y="265"/>
   <rightEye x="217" y="265"/>
  </person>
 </frame>
 <frame number="00000297">
  <person id="0021">
   <leftEye x="173" y="264"/>
   <rightEye x="212" y="264"/>
  </person>
 </frame>
 <frame number="00000298">
  <person id="0021">
   <leftEye x="165" y="264"/>
   <rightEye x="206" y="264"/>
  </person>
 </frame>
 <frame number="00000299">
  <person id="0021">
   <leftEye x="157" y="265"/>
   <rightEye x="200" y="265"/>
  </person>
 </frame>
 <frame number="00000300">
  <person id="0021">
   <leftEye x="149" y="268"/>
   <rightEye x="193" y="268"/>
  </person>
 </frame>
 <frame number="00000301">
  <person id="0021">
   <leftEye x="140" y="275"/>
   <rightEye x="186" y="275"/>
  </person>
 </frame>
 <frame number="00000302">
  <person id="0021">
   <leftEye x="131" y="285"/>
   <rightEye x="178" y="285"/>
  </person>
 </frame>
 <frame number="00000303">
  <person id="0021">
   <leftEye x="121" y="299"/>
   <rightEye x="169" y="299"/>
  </person>
 </frame>
 <frame number="00000304">
  <person id="0021">
   <leftEye x="111" y="317"/>
   <rightEye x="160" y="316"/>
  </person>
 </frame>
 <frame number="00000305">
  <person id="0021">
   <leftEye x="99" y="337"/>
   <rightEye x="150" y="336"/>
  </person>
 </frame>
 <frame number="00000306">
  <person id="0021">
   <leftEye x="84" y="357"/>
   <rightEye x="138" y="356"/>
  </person>
 </frame>
 <frame number="00000307">
  <person id="0021">
   <leftEye x="68" y="376"/>
   <rightEye x="123" y="375"/>
  </person>
 </frame>
 <frame number="00000308">
  <person id="0021">
   <leftEye x="50" y="393"/>
   <rightEye x="108" y="393"/>
  </person>
 </frame>
 <frame number="00000309">
  <person id="0021">
   <leftEye x="30" y="409"/>
   <rightEye x="90" y="409"/>
  </person>
 </frame>
 <frame number="00000310">
  <person id="0021">
   <leftEye x="9" y="425"/>
   <rightEye x="70" y="425"/>
  </person>
 </frame>
 <frame number="00000311"/>
 <frame number="00000312"/>
 <frame number="00000313"/>
 <frame number="00000314"/>
 <frame number="00000315"/>
 <frame number="00000316"/>
 <frame number="00000317"/>
 <frame number="00000318"/>
 <frame number="00000319"/>
 <frame number="00000320"/>
 <frame number="00000321"/>
 <frame number="00000322"/>
 <frame number="00000323"/>
 <frame number="00000432"/>
 <frame number="00000433"/>
 <frame number="00000434"/>
 <frame number="00000435"/>
 <frame number="00000436"/>
 <frame number="00000437"/>
 <frame number="00000438"/>
 <frame number="00000439"/>
 <frame number="00000440"/>
 <frame number="00000441"/>
 <frame number="00000442"/>
 <frame number="00000443"/>
 <frame number="00000444"/>
 <frame number="00000445"/>
 <frame number="00000446"/>
 <frame number="00000447"/>
 <frame number="00000448"/>
 <frame number="00000449"/>
 <frame number="00000450"/>
 <frame number="00000451"/>
 <frame number="00000452"/>
 <frame number="00000453"/>
 <frame number="00000454"/>
 <frame number="00000455"/>
 <frame number="00000456"/>
 <frame number="00000457"/>
 <frame number="00000458"/>
 <frame number="00000459"/>
 <frame number="00000460"/>
 <frame number="00000461"/>
 <frame number="00000462"/>
 <frame number="00000463"/>
 <frame number="00000464"/>
 <frame number="00000465"/>
 <frame number="00000466"/>
 <frame number="00000467"/>
 <frame number="00000468"/>
 <frame number="00000469"/>
 <frame number="00000470"/>
 <frame number="00000471"/>
 <frame number="00000472"/>
 <frame number="00000473"/>
 <frame number="00000474"/>
 <frame number="00000475"/>
 <frame number="00000476"/>
 <frame number="00000477"/>
 <frame number="00000478"/>
 <frame number="00000479"/>
 <frame number="00000480"/>
 <frame number="00000481"/>
 <frame number="00000482"/>
 <frame number="00000483"/>
 <frame number="00000484"/>
 <frame number="00000485"/>
 <frame number="00000486">
  <person id="0022">
   <leftEye x="371" y="163"/>
   <rightEye x="387" y="161"/>
  </person>
 </frame>
 <frame number="00000487">
  <person id="0022">
   <leftEye x="365" y="162"/>
   <rightEye x="380" y="161"/>
  </person>
 </frame>
 <frame number="00000488">
  <person id="0022">
   <leftEye x="359" y="162"/>
   <rightEye x="374" y="161"/>
  </person>
 </frame>
 <frame number="00000489">
  <person id="0022">
   <leftEye x="353" y="164"/>
   <rightEye x="368" y="162"/>
  </person>
 </frame>
 <frame number="00000490">
  <person id="0022">
   <leftEye x="348" y="166"/>
   <rightEye x="364" y="164"/>
  </person>
 </frame>
 <frame number="00000491">
  <person id="0022">
   <leftEye x="348" y="166"/>
   <rightEye x="364" y="164"/>
  </person>
 </frame>
 <frame number="00000492">
  <person id="0022">
   <leftEye x="339" y="171"/>
   <rightEye x="354" y="169"/>
  </person>
 </frame>
 <frame number="00000493">
  <person id="0022">
   <leftEye x="334" y="174"/>
   <rightEye x="350" y="172"/>
  </person>
 </frame>
 <frame number="00000494">
  <person id="0022">
   <leftEye x="330" y="176"/>
   <rightEye x="346" y="174"/>
  </person>
 </frame>
 <frame number="00000495">
  <person id="0022">
   <leftEye x="326" y="178"/>
   <rightEye x="342" y="176"/>
  </person>
 </frame>
 <frame number="00000496">
  <person id="0022">
   <leftEye x="326" y="178"/>
   <rightEye x="342" y="176"/>
  </person>
 </frame>
 <frame number="00000497">
  <person id="0022">
   <leftEye x="322" y="177"/>
   <rightEye x="339" y="176"/>
  </person>
 </frame>
 <frame number="00000498">
  <person id="0022">
   <leftEye x="319" y="176"/>
   <rightEye x="335" y="176"/>
  </person>
 </frame>
 <frame number="00000499">
  <person id="0022">
   <leftEye x="316" y="176"/>
   <rightEye x="332" y="176"/>
  </person>
 </frame>
 <frame number="00000500">
  <person id="0022">
   <leftEye x="312" y="176"/>
   <rightEye x="328" y="176"/>
  </person>
 </frame>
 <frame number="00000501">
  <person id="0022">
   <leftEye x="305" y="177"/>
   <rightEye x="322" y="176"/>
  </person>
 </frame>
 <frame number="00000502">
  <person id="0022">
   <leftEye x="305" y="177"/>
   <rightEye x="322" y="176"/>
  </person>
 </frame>
 <frame number="00000503">
  <person id="0022">
   <leftEye x="302" y="177"/>
   <rightEye x="319" y="177"/>
  </person>
 </frame>
 <frame number="00000504">
  <person id="0022">
   <leftEye x="299" y="178"/>
   <rightEye x="316" y="178"/>
  </person>
 </frame>
 <frame number="00000505">
  <person id="0022">
   <leftEye x="296" y="180"/>
   <rightEye x="313" y="180"/>
  </person>
 </frame>
 <frame number="00000506">
  <person id="0022">
   <leftEye x="293" y="182"/>
   <rightEye x="310" y="182"/>
  </person>
 </frame>
 <frame number="00000507">
  <person id="0022">
   <leftEye x="290" y="185"/>
   <rightEye x="307" y="185"/>
  </person>
 </frame>
 <frame number="00000508">
  <person id="0022">
   <leftEye x="286" y="188"/>
   <rightEye x="304" y="188"/>
  </person>
 </frame>
 <frame number="00000509">
  <person id="0022">
   <leftEye x="283" y="191"/>
   <rightEye x="301" y="191"/>
  </person>
 </frame>
 <frame number="00000510">
  <person id="0022">
   <leftEye x="279" y="194"/>
   <rightEye x="298" y="194"/>
  </person>
 </frame>
 <frame number="00000511">
  <person id="0022">
   <leftEye x="275" y="195"/>
   <rightEye x="295" y="195"/>
  </person>
 </frame>
 <frame number="00000512">
  <person id="0022">
   <leftEye x="271" y="196"/>
   <rightEye x="291" y="195"/>
  </person>
 </frame>
 <frame number="00000513">
  <person id="0022">
   <leftEye x="267" y="196"/>
   <rightEye x="287" y="195"/>
  </person>
 </frame>
 <frame number="00000514">
  <person id="0022">
   <leftEye x="263" y="196"/>
   <rightEye x="284" y="194"/>
  </person>
 </frame>
 <frame number="00000515">
  <person id="0022">
   <leftEye x="261" y="196"/>
   <rightEye x="281" y="193"/>
  </person>
 </frame>
 <frame number="00000516">
  <person id="0022">
   <leftEye x="259" y="195"/>
   <rightEye x="279" y="192"/>
  </person>
 </frame>
 <frame number="00000517">
  <person id="0022">
   <leftEye x="258" y="194"/>
   <rightEye x="278" y="191"/>
  </person>
 </frame>
 <frame number="00000518">
  <person id="0022">
   <leftEye x="257" y="194"/>
   <rightEye x="278" y="191"/>
  </person>
 </frame>
 <frame number="00000519">
  <person id="0022">
   <leftEye x="256" y="195"/>
   <rightEye x="278" y="192"/>
  </person>
 </frame>
 <frame number="00000520">
  <person id="0022">
   <leftEye x="255" y="197"/>
   <rightEye x="277" y="195"/>
  </person>
 </frame>
 <frame number="00000521">
  <person id="0022">
   <leftEye x="254" y="200"/>
   <rightEye x="277" y="199"/>
  </person>
 </frame>
 <frame number="00000522">
  <person id="0022">
   <leftEye x="253" y="204"/>
   <rightEye x="276" y="204"/>
  </person>
 </frame>
 <frame number="00000523">
  <person id="0022">
   <leftEye x="253" y="209"/>
   <rightEye x="276" y="209"/>
  </person>
 </frame>
 <frame number="00000524">
  <person id="0022">
   <leftEye x="253" y="213"/>
   <rightEye x="276" y="215"/>
  </person>
 </frame>
 <frame number="00000525">
  <person id="0022">
   <leftEye x="253" y="217"/>
   <rightEye x="276" y="219"/>
  </person>
 </frame>
 <frame number="00000526">
  <person id="0022">
   <leftEye x="253" y="220"/>
   <rightEye x="277" y="222"/>
  </person>
 </frame>
 <frame number="00000527">
  <person id="0022">
   <leftEye x="253" y="223"/>
   <rightEye x="278" y="224"/>
  </person>
 </frame>
 <frame number="00000528">
  <person id="0022">
   <leftEye x="254" y="225"/>
   <rightEye x="279" y="225"/>
  </person>
 </frame>
 <frame number="00000529">
  <person id="0022">
   <leftEye x="253" y="225"/>
   <rightEye x="279" y="225"/>
  </person>
 </frame>
 <frame number="00000530">
  <person id="0022">
   <leftEye x="252" y="225"/>
   <rightEye x="279" y="225"/>
  </person>
 </frame>
 <frame number="00000531">
  <person id="0022">
   <leftEye x="250" y="225"/>
   <rightEye x="278" y="225"/>
  </person>
 </frame>
 <frame number="00000532">
  <person id="0022">
   <leftEye x="248" y="226"/>
   <rightEye x="277" y="226"/>
  </person>
 </frame>
 <frame number="00000533">
  <person id="0022">
   <leftEye x="246" y="227"/>
   <rightEye x="276" y="227"/>
  </person>
 </frame>
 <frame number="00000534">
  <person id="0022">
   <leftEye x="243" y="230"/>
   <rightEye x="274" y="230"/>
  </person>
 </frame>
 <frame number="00000535">
  <person id="0022">
   <leftEye x="240" y="235"/>
   <rightEye x="271" y="235"/>
  </person>
 </frame>
 <frame number="00000536">
  <person id="0022">
   <leftEye x="237" y="242"/>
   <rightEye x="268" y="242"/>
  </person>
 </frame>
 <frame number="00000537">
  <person id="0022">
   <leftEye x="234" y="251"/>
   <rightEye x="266" y="250"/>
  </person>
 </frame>
 <frame number="00000538">
  <person id="0022">
   <leftEye x="231" y="261"/>
   <rightEye x="263" y="260"/>
  </person>
 </frame>
 <frame number="00000539">
  <person id="0022">
   <leftEye x="227" y="271"/>
   <rightEye x="259" y="270"/>
  </person>
 </frame>
 <frame number="00000540">
  <person id="0022">
   <leftEye x="222" y="280"/>
   <rightEye x="255" y="279"/>
  </person>
 </frame>
 <frame number="00000541">
  <person id="0022">
   <leftEye x="216" y="287"/>
   <rightEye x="249" y="286"/>
  </person>
 </frame>
 <frame number="00000542">
  <person id="0022">
   <leftEye x="208" y="293"/>
   <rightEye x="242" y="292"/>
  </person>
 </frame>
 <frame number="00000543">
  <person id="0022">
   <leftEye x="199" y="297"/>
   <rightEye x="235" y="296"/>
  </person>
 </frame>
 <frame number="00000544">
  <person id="0022">
   <leftEye x="190" y="300"/>
   <rightEye x="227" y="299"/>
  </person>
 </frame>
 <frame number="00000545">
  <person id="0022">
   <leftEye x="181" y="303"/>
   <rightEye x="219" y="301"/>
  </person>
 </frame>
 <frame number="00000546">
  <person id="0022">
   <leftEye x="172" y="306"/>
   <rightEye x="212" y="303"/>
  </person>
 </frame>
 <frame number="00000547">
  <person id="0022">
   <leftEye x="164" y="310"/>
   <rightEye x="205" y="306"/>
  </person>
 </frame>
 <frame number="00000548">
  <person id="0022">
   <leftEye x="157" y="314"/>
   <rightEye x="198" y="310"/>
  </person>
 </frame>
 <frame number="00000549">
  <person id="0022">
   <leftEye x="149" y="320"/>
   <rightEye x="191" y="316"/>
  </person>
 </frame>
 <frame number="00000550">
  <person id="0022">
   <leftEye x="141" y="327"/>
   <rightEye x="185" y="324"/>
  </person>
 </frame>
 <frame number="00000551">
  <person id="0022">
   <leftEye x="134" y="338"/>
   <rightEye x="179" y="334"/>
  </person>
 </frame>
 <frame number="00000552">
  <person id="0022">
   <leftEye x="126" y="351"/>
   <rightEye x="173" y="348"/>
  </person>
 </frame>
 <frame number="00000553">
  <person id="0022">
   <leftEye x="119" y="368"/>
   <rightEye x="167" y="366"/>
  </person>
 </frame>
 <frame number="00000554">
  <person id="0022">
   <leftEye x="110" y="388"/>
   <rightEye x="161" y="387"/>
  </person>
 </frame>
 <frame number="00000555">
  <person id="0022">
   <leftEye x="102" y="410"/>
   <rightEye x="155" y="409"/>
  </person>
 </frame>
 <frame number="00000556">
  <person id="0022">
   <leftEye x="95" y="432"/>
   <rightEye x="149" y="431"/>
  </person>
 </frame>
 <frame number="00000557">
  <person id="0022">
   <leftEye x="86" y="453"/>
   <rightEye x="142" y="452"/>
  </person>
 </frame>
 <frame number="00000558">
  <person id="0022">
   <leftEye x="76" y="472"/>
   <rightEye x="135" y="471"/>
  </person>
 </frame>
 <frame number="00000559">
  <person id="0022">
   <leftEye x="66" y="488"/>
   <rightEye x="127" y="488"/>
  </person>
 </frame>
 <frame number="00000560">
  <person id="0022">
   <leftEye x="56" y="505"/>
   <rightEye x="118" y="505"/>
  </person>
 </frame>
 <frame number="00000561"/>
 <frame number="00000562"/>
 <frame number="00000563"/>
 <frame number="00000564"/>
 <frame number="00000565"/>
 <frame number="00000566"/>
 <frame number="00000567"/>
 <frame number="00000568"/>
 <frame number="00000569"/>
 <frame number="00000570"/>
 <frame number="00000571"/>
 <frame number="00000572"/>
 <frame number="00000633"/>
 <frame number="00000634"/>
 <frame number="00000635"/>
 <frame number="00000636"/>
 <frame number="00000637"/>
 <frame number="00000638"/>
 <frame number="00000639"/>
 <frame number="00000640"/>
 <frame number="00000641"/>
 <frame number="00000642"/>
 <frame number="00000643"/>
 <frame number="00000644"/>
 <frame number="00000645"/>
 <frame number="00000646"/>
 <frame number="00000647"/>
 <frame number="00000648"/>
 <frame number="00000649"/>
 <frame number="00000650"/>
 <frame number="00000651"/>
 <frame number="00000652"/>
 <frame number="00000653"/>
 <frame number="00000654"/>
 <frame number="00000655"/>
 <frame number="00000656"/>
 <frame number="00000657"/>
 <frame number="00000658"/>
 <frame number="00000659"/>
 <frame number="00000660"/>
 <frame number="00000661"/>
 <frame number="00000662"/>
 <frame number="00000663"/>
 <frame number="00000664"/>
 <frame number="00000665"/>
 <frame number="00000666"/>
 <frame number="00000667"/>
 <frame number="00000668"/>
 <frame number="00000669"/>
 <frame number="00000670"/>
 <frame number="00000671"/>
 <frame number="00000672"/>
 <frame number="00000673"/>
 <frame number="00000674"/>
 <frame number="00000675"/>
 <frame number="00000676"/>
 <frame number="00000677"/>
 <frame number="00000678"/>
 <frame number="00000679"/>
 <frame number="00000680"/>
 <frame number="00000681"/>
 <frame number="00000682"/>
 <frame number="00000683"/>
 <frame number="00000684"/>
 <frame number="00000685"/>
 <frame number="00000686"/>
 <frame number="00000687">
  <person id="0002">
   <leftEye x="374" y="151"/>
   <rightEye x="390" y="152"/>
  </person>
 </frame>
 <frame number="00000688">
  <person id="0002">
   <leftEye x="370" y="154"/>
   <rightEye x="385" y="154"/>
  </person>
 </frame>
 <frame number="00000689">
  <person id="0002">
   <leftEye x="365" y="156"/>
   <rightEye x="381" y="156"/>
  </person>
 </frame>
 <frame number="00000690">
  <person id="0002">
   <leftEye x="360" y="159"/>
   <rightEye x="376" y="159"/>
  </person>
 </frame>
 <frame number="00000691">
  <person id="0002">
   <leftEye x="355" y="161"/>
   <rightEye x="371" y="161"/>
  </person>
 </frame>
 <frame number="00000692">
  <person id="0002">
   <leftEye x="350" y="163"/>
   <rightEye x="366" y="163"/>
  </person>
 </frame>
 <frame number="00000693">
  <person id="0002">
   <leftEye x="345" y="163"/>
   <rightEye x="361" y="163"/>
  </person>
 </frame>
 <frame number="00000694">
  <person id="0002">
   <leftEye x="340" y="162"/>
   <rightEye x="357" y="162"/>
  </person>
 </frame>
 <frame number="00000695">
  <person id="0002">
   <leftEye x="335" y="161"/>
   <rightEye x="352" y="161"/>
  </person>
 </frame>
 <frame number="00000696">
  <person id="0002">
   <leftEye x="330" y="160"/>
   <rightEye x="348" y="160"/>
  </person>
 </frame>
 <frame number="00000697">
  <person id="0002">
   <leftEye x="326" y="159"/>
   <rightEye x="344" y="159"/>
  </person>
 </frame>
 <frame number="00000698">
  <person id="0002">
   <leftEye x="323" y="158"/>
   <rightEye x="341" y="158"/>
  </person>
 </frame>
 <frame number="00000699">
  <person id="0002">
   <leftEye x="320" y="158"/>
   <rightEye x="338" y="158"/>
  </person>
 </frame>
 <frame number="00000700">
  <person id="0002">
   <leftEye x="318" y="159"/>
   <rightEye x="336" y="159"/>
  </person>
 </frame>
 <frame number="00000701">
  <person id="0002">
   <leftEye x="316" y="161"/>
   <rightEye x="335" y="161"/>
  </person>
 </frame>
 <frame number="00000702">
  <person id="0002">
   <leftEye x="314" y="164"/>
   <rightEye x="333" y="164"/>
  </person>
 </frame>
 <frame number="00000703">
  <person id="0002">
   <leftEye x="313" y="167"/>
   <rightEye x="332" y="167"/>
  </person>
 </frame>
 <frame number="00000704">
  <person id="0002">
   <leftEye x="312" y="170"/>
   <rightEye x="332" y="170"/>
  </person>
 </frame>
 <frame number="00000705">
  <person id="0002">
   <leftEye x="311" y="174"/>
   <rightEye x="331" y="174"/>
  </person>
 </frame>
 <frame number="00000706">
  <person id="0002">
   <leftEye x="310" y="177"/>
   <rightEye x="331" y="177"/>
  </person>
 </frame>
 <frame number="00000707">
  <person id="0002">
   <leftEye x="310" y="178"/>
   <rightEye x="331" y="178"/>
  </person>
 </frame>
 <frame number="00000708">
  <person id="0002">
   <leftEye x="310" y="179"/>
   <rightEye x="332" y="179"/>
  </person>
 </frame>
 <frame number="00000709">
  <person id="0002">
   <leftEye x="311" y="180"/>
   <rightEye x="333" y="180"/>
  </person>
 </frame>
 <frame number="00000710">
  <person id="0002">
   <leftEye x="312" y="179"/>
   <rightEye x="334" y="179"/>
  </person>
 </frame>
 <frame number="00000711">
  <person id="0002">
   <leftEye x="313" y="178"/>
   <rightEye x="335" y="178"/>
  </person>
 </frame>
 <frame number="00000712">
  <person id="0002">
   <leftEye x="313" y="177"/>
   <rightEye x="336" y="177"/>
  </person>
 </frame>
 <frame number="00000713">
  <person id="0002">
   <leftEye x="314" y="176"/>
   <rightEye x="337" y="176"/>
  </person>
 </frame>
 <frame number="00000714">
  <person id="0002">
   <leftEye x="314" y="175"/>
   <rightEye x="337" y="175"/>
  </person>
 </frame>
 <frame number="00000715">
  <person id="0002">
   <leftEye x="313" y="175"/>
   <rightEye x="337" y="175"/>
  </person>
 </frame>
 <frame number="00000716">
  <person id="0002">
   <leftEye x="313" y="175"/>
   <rightEye x="337" y="175"/>
  </person>
 </frame>
 <frame number="00000717">
  <person id="0002">
   <leftEye x="312" y="177"/>
   <rightEye x="336" y="177"/>
  </person>
 </frame>
 <frame number="00000718">
  <person id="0002">
   <leftEye x="310" y="180"/>
   <rightEye x="336" y="180"/>
  </person>
 </frame>
 <frame number="00000719">
  <person id="0002">
   <leftEye x="308" y="184"/>
   <rightEye x="335" y="184"/>
  </person>
 </frame>
 <frame number="00000720">
  <person id="0002">
   <leftEye x="307" y="189"/>
   <rightEye x="334" y="189"/>
  </person>
 </frame>
 <frame number="00000721">
  <person id="0002">
   <leftEye x="305" y="195"/>
   <rightEye x="332" y="194"/>
  </person>
 </frame>
 <frame number="00000722">
  <person id="0002">
   <leftEye x="303" y="200"/>
   <rightEye x="330" y="199"/>
  </person>
 </frame>
 <frame number="00000723">
  <person id="0002">
   <leftEye x="300" y="205"/>
   <rightEye x="328" y="204"/>
  </person>
 </frame>
 <frame number="00000724">
  <person id="0002">
   <leftEye x="296" y="208"/>
   <rightEye x="325" y="207"/>
  </person>
 </frame>
 <frame number="00000725">
  <person id="0002">
   <leftEye x="292" y="209"/>
   <rightEye x="322" y="209"/>
  </person>
 </frame>
 <frame number="00000726">
  <person id="0002">
   <leftEye x="288" y="210"/>
   <rightEye x="320" y="210"/>
  </person>
 </frame>
 <frame number="00000727">
  <person id="0002">
   <leftEye x="285" y="210"/>
   <rightEye x="316" y="210"/>
  </person>
 </frame>
 <frame number="00000728">
  <person id="0002">
   <leftEye x="285" y="210"/>
   <rightEye x="316" y="210"/>
  </person>
 </frame>
 <frame number="00000729">
  <person id="0002">
   <leftEye x="281" y="209"/>
   <rightEye x="312" y="209"/>
  </person>
 </frame>
 <frame number="00000730">
  <person id="0002">
   <leftEye x="276" y="207"/>
   <rightEye x="310" y="207"/>
  </person>
 </frame>
 <frame number="00000731">
  <person id="0002">
   <leftEye x="274" y="208"/>
   <rightEye x="307" y="208"/>
  </person>
 </frame>
 <frame number="00000732">
  <person id="0002">
   <leftEye x="270" y="210"/>
   <rightEye x="305" y="210"/>
  </person>
 </frame>
 <frame number="00000733">
  <person id="0002">
   <leftEye x="266" y="214"/>
   <rightEye x="302" y="214"/>
  </person>
 </frame>
 <frame number="00000734">
  <person id="0002">
   <leftEye x="263" y="220"/>
   <rightEye x="299" y="220"/>
  </person>
 </frame>
 <frame number="00000735">
  <person id="0002">
   <leftEye x="260" y="227"/>
   <rightEye x="296" y="227"/>
  </person>
 </frame>
 <frame number="00000736">
  <person id="0002">
   <leftEye x="256" y="236"/>
   <rightEye x="293" y="236"/>
  </person>
 </frame>
 <frame number="00000737">
  <person id="0002">
   <leftEye x="252" y="247"/>
   <rightEye x="290" y="247"/>
  </person>
 </frame>
 <frame number="00000738">
  <person id="0002">
   <leftEye x="249" y="257"/>
   <rightEye x="289" y="257"/>
  </person>
 </frame>
 <frame number="00000739">
  <person id="0002">
   <leftEye x="246" y="267"/>
   <rightEye x="287" y="267"/>
  </person>
 </frame>
 <frame number="00000740">
  <person id="0002">
   <leftEye x="242" y="276"/>
   <rightEye x="284" y="276"/>
  </person>
 </frame>
 <frame number="00000741">
  <person id="0002">
   <leftEye x="238" y="283"/>
   <rightEye x="281" y="283"/>
  </person>
 </frame>
 <frame number="00000742">
  <person id="0002">
   <leftEye x="234" y="288"/>
   <rightEye x="278" y="288"/>
  </person>
 </frame>
 <frame number="00000743">
  <person id="0002">
   <leftEye x="229" y="291"/>
   <rightEye x="275" y="291"/>
  </person>
 </frame>
 <frame number="00000744">
  <person id="0002">
   <leftEye x="222" y="293"/>
   <rightEye x="271" y="293"/>
  </person>
 </frame>
 <frame number="00000745">
  <person id="0002">
   <leftEye x="215" y="294"/>
   <rightEye x="266" y="294"/>
  </person>
 </frame>
 <frame number="00000746">
  <person id="0002">
   <leftEye x="207" y="297"/>
   <rightEye x="260" y="297"/>
  </person>
 </frame>
 <frame number="00000747">
  <person id="0002">
   <leftEye x="198" y="303"/>
   <rightEye x="253" y="303"/>
  </person>
 </frame>
 <frame number="00000748">
  <person id="0002">
   <leftEye x="187" y="312"/>
   <rightEye x="245" y="312"/>
  </person>
 </frame>
 <frame number="00000749">
  <person id="0002">
   <leftEye x="175" y="326"/>
   <rightEye x="236" y="326"/>
  </person>
 </frame>
 <frame number="00000750">
  <person id="0002">
   <leftEye x="162" y="346"/>
   <rightEye x="226" y="346"/>
  </person>
 </frame>
 <frame number="00000751">
  <person id="0002">
   <leftEye x="147" y="371"/>
   <rightEye x="215" y="371"/>
  </person>
 </frame>
 <frame number="00000752">
  <person id="0002">
   <leftEye x="130" y="400"/>
   <rightEye x="200" y="401"/>
  </person>
 </frame>
 <frame number="00000753">
  <person id="0002">
   <leftEye x="111" y="434"/>
   <rightEye x="184" y="435"/>
  </person>
 </frame>
 <frame number="00000754">
  <person id="0002">
   <leftEye x="90" y="469"/>
   <rightEye x="169" y="470"/>
  </person>
 </frame>
 <frame number="00000755"/>
 <frame number="00000756"/>
 <frame number="00000757"/>
 <frame number="00000758"/>
 <frame number="00000759"/>
 <frame number="00000760"/>
 <frame number="00000761"/>
 <frame number="00000762"/>
 <frame number="00000763"/>
 <frame number="00000764"/>
 <frame number="00000818"/>
 <frame number="00000819"/>
 <frame number="00000820"/>
 <frame number="00000821"/>
 <frame number="00000822"/>
 <frame number="00000823"/>
 <frame number="00000824"/>
 <frame number="00000825"/>
 <frame number="00000826"/>
 <frame number="00000827"/>
 <frame number="00000828"/>
 <frame number="00000829"/>
 <frame number="00000830"/>
 <frame number="00000831"/>
 <frame number="00000832"/>
 <frame number="00000833"/>
 <frame number="00000834"/>
 <frame number="00000835"/>
 <frame number="00000836"/>
 <frame number="00000837"/>
 <frame number="00000838"/>
 <frame number="00000839"/>
 <frame number="00000840"/>
 <frame number="00000841"/>
 <frame number="00000842"/>
 <frame number="00000843"/>
 <frame number="00000844"/>
 <frame number="00000845"/>
 <frame number="00000846"/>
 <frame number="00000847"/>
 <frame number="00000848"/>
 <frame number="00000849"/>
 <frame number="00000850"/>
 <frame number="00000851"/>
 <frame number="00000852"/>
 <frame number="00000853"/>
 <frame number="00000854"/>
 <frame number="00000855"/>
 <frame number="00000856"/>
 <frame number="00000857"/>
 <frame number="00000858"/>
 <frame number="00000859"/>
 <frame number="00000860"/>
 <frame number="00000861"/>
 <frame number="00000862"/>
 <frame number="00000863"/>
 <frame number="00000864"/>
 <frame number="00000865"/>
 <frame number="00000866"/>
 <frame number="00000867"/>
 <frame number="00000868"/>
 <frame number="00000869"/>
 <frame number="00000870"/>
 <frame number="00000871"/>
 <frame number="00000872"/>
 <frame number="00000873"/>
 <frame number="00000874"/>
 <frame number="00000875"/>
 <frame number="00000876"/>
 <frame number="00000877"/>
 <frame number="00000878"/>
 <frame number="00000879"/>
 <frame number="00000880"/>
 <frame number="00000881"/>
 <frame number="00000882"/>
 <frame number="00000883"/>
 <frame number="00000884"/>
 <frame number="00000885"/>
 <frame number="00000886"/>
 <frame number="00000887"/>
 <frame number="00000888"/>
 <frame number="00000889">
  <person id="0015">
   <leftEye x="395" y="153"/>
   <rightEye x="411" y="153"/>
  </person>
 </frame>
 <frame number="00000890">
  <person id="0015">
   <leftEye x="391" y="153"/>
   <rightEye x="406" y="153"/>
  </person>
 </frame>
 <frame number="00000891">
  <person id="0015">
   <leftEye x="386" y="153"/>
   <rightEye x="401" y="153"/>
  </person>
 </frame>
 <frame number="00000892">
  <person id="0015">
   <leftEye x="382" y="152"/>
   <rightEye x="397" y="152"/>
  </person>
 </frame>
 <frame number="00000893">
  <person id="0015">
   <leftEye x="378" y="150"/>
   <rightEye x="394" y="150"/>
  </person>
 </frame>
 <frame number="00000894">
  <person id="0015">
   <leftEye x="375" y="148"/>
   <rightEye x="391" y="148"/>
  </person>
 </frame>
 <frame number="00000895">
  <person id="0015">
   <leftEye x="372" y="147"/>
   <rightEye x="388" y="147"/>
  </person>
 </frame>
 <frame number="00000896">
  <person id="0015">
   <leftEye x="369" y="146"/>
   <rightEye x="386" y="146"/>
  </person>
 </frame>
 <frame number="00000897">
  <person id="0015">
   <leftEye x="367" y="147"/>
   <rightEye x="384" y="147"/>
  </person>
 </frame>
 <frame number="00000898">
  <person id="0015">
   <leftEye x="365" y="148"/>
   <rightEye x="381" y="148"/>
  </person>
 </frame>
 <frame number="00000899">
  <person id="0015">
   <leftEye x="363" y="151"/>
   <rightEye x="379" y="151"/>
  </person>
 </frame>
 <frame number="00000900">
  <person id="0015">
   <leftEye x="361" y="155"/>
   <rightEye x="378" y="155"/>
  </person>
 </frame>
 <frame number="00000901">
  <person id="0015">
   <leftEye x="360" y="159"/>
   <rightEye x="377" y="159"/>
  </person>
 </frame>
 <frame number="00000902">
  <person id="0015">
   <leftEye x="358" y="163"/>
   <rightEye x="375" y="163"/>
  </person>
 </frame>
 <frame number="00000903">
  <person id="0015">
   <leftEye x="356" y="166"/>
   <rightEye x="373" y="166"/>
  </person>
 </frame>
 <frame number="00000904">
  <person id="0015">
   <leftEye x="354" y="168"/>
   <rightEye x="372" y="168"/>
  </person>
 </frame>
 <frame number="00000905">
  <person id="0015">
   <leftEye x="352" y="169"/>
   <rightEye x="371" y="169"/>
  </person>
 </frame>
 <frame number="00000906">
  <person id="0015">
   <leftEye x="350" y="168"/>
   <rightEye x="369" y="168"/>
  </person>
 </frame>
 <frame number="00000907">
  <person id="0015">
   <leftEye x="348" y="167"/>
   <rightEye x="367" y="167"/>
  </person>
 </frame>
 <frame number="00000908">
  <person id="0015">
   <leftEye x="345" y="167"/>
   <rightEye x="365" y="166"/>
  </person>
 </frame>
 <frame number="00000909">
  <person id="0015">
   <leftEye x="342" y="166"/>
   <rightEye x="363" y="165"/>
  </person>
 </frame>
 <frame number="00000910">
  <person id="0015">
   <leftEye x="340" y="165"/>
   <rightEye x="361" y="164"/>
  </person>
 </frame>
 <frame number="00000911">
  <person id="0015">
   <leftEye x="337" y="164"/>
   <rightEye x="358" y="163"/>
  </person>
 </frame>
 <frame number="00000912">
  <person id="0015">
   <leftEye x="334" y="164"/>
   <rightEye x="355" y="163"/>
  </person>
 </frame>
 <frame number="00000913">
  <person id="0015">
   <leftEye x="330" y="166"/>
   <rightEye x="352" y="165"/>
  </person>
 </frame>
 <frame number="00000914">
  <person id="0015">
   <leftEye x="327" y="168"/>
   <rightEye x="349" y="167"/>
  </person>
 </frame>
 <frame number="00000915">
  <person id="0015">
   <leftEye x="324" y="172"/>
   <rightEye x="346" y="171"/>
  </person>
 </frame>
 <frame number="00000916">
  <person id="0015">
   <leftEye x="320" y="177"/>
   <rightEye x="343" y="175"/>
  </person>
 </frame>
 <frame number="00000917">
  <person id="0015">
   <leftEye x="317" y="182"/>
   <rightEye x="339" y="181"/>
  </person>
 </frame>
 <frame number="00000918">
  <person id="0015">
   <leftEye x="312" y="188"/>
   <rightEye x="338" y="186"/>
  </person>
 </frame>
 <frame number="00000919">
  <person id="0015">
   <leftEye x="309" y="192"/>
   <rightEye x="333" y="190"/>
  </person>
 </frame>
 <frame number="00000920">
  <person id="0015">
   <leftEye x="304" y="194"/>
   <rightEye x="331" y="192"/>
  </person>
 </frame>
 <frame number="00000921">
  <person id="0015">
   <leftEye x="299" y="195"/>
   <rightEye x="327" y="194"/>
  </person>
 </frame>
 <frame number="00000922">
  <person id="0015">
   <leftEye x="294" y="195"/>
   <rightEye x="323" y="194"/>
  </person>
 </frame>
 <frame number="00000923">
  <person id="0015">
   <leftEye x="290" y="195"/>
   <rightEye x="319" y="194"/>
  </person>
 </frame>
 <frame number="00000924">
  <person id="0015">
   <leftEye x="286" y="195"/>
   <rightEye x="315" y="193"/>
  </person>
 </frame>
 <frame number="00000925">
  <person id="0015">
   <leftEye x="282" y="195"/>
   <rightEye x="310" y="192"/>
  </person>
 </frame>
 <frame number="00000926">
  <person id="0015">
   <leftEye x="278" y="195"/>
   <rightEye x="308" y="192"/>
  </person>
 </frame>
 <frame number="00000927">
  <person id="0015">
   <leftEye x="274" y="195"/>
   <rightEye x="306" y="192"/>
  </person>
 </frame>
 <frame number="00000928">
  <person id="0015">
   <leftEye x="271" y="197"/>
   <rightEye x="304" y="193"/>
  </person>
 </frame>
 <frame number="00000929">
  <person id="0015">
   <leftEye x="269" y="200"/>
   <rightEye x="302" y="197"/>
  </person>
 </frame>
 <frame number="00000930">
  <person id="0015">
   <leftEye x="267" y="205"/>
   <rightEye x="300" y="203"/>
  </person>
 </frame>
 <frame number="00000931">
  <person id="0015">
   <leftEye x="265" y="212"/>
   <rightEye x="299" y="210"/>
  </person>
 </frame>
 <frame number="00000932">
  <person id="0015">
   <leftEye x="263" y="220"/>
   <rightEye x="297" y="218"/>
  </person>
 </frame>
 <frame number="00000933">
  <person id="0015">
   <leftEye x="261" y="229"/>
   <rightEye x="295" y="227"/>
  </person>
 </frame>
 <frame number="00000934">
  <person id="0015">
   <leftEye x="259" y="237"/>
   <rightEye x="293" y="235"/>
  </person>
 </frame>
 <frame number="00000935">
  <person id="0015">
   <leftEye x="258" y="243"/>
   <rightEye x="291" y="242"/>
  </person>
 </frame>
 <frame number="00000936">
  <person id="0015">
   <leftEye x="256" y="247"/>
   <rightEye x="289" y="246"/>
  </person>
 </frame>
 <frame number="00000937">
  <person id="0015">
   <leftEye x="253" y="250"/>
   <rightEye x="288" y="249"/>
  </person>
 </frame>
 <frame number="00000938">
  <person id="0015">
   <leftEye x="250" y="252"/>
   <rightEye x="286" y="252"/>
  </person>
 </frame>
 <frame number="00000939">
  <person id="0015">
   <leftEye x="246" y="254"/>
   <rightEye x="283" y="254"/>
  </person>
 </frame>
 <frame number="00000940">
  <person id="0015">
   <leftEye x="241" y="256"/>
   <rightEye x="279" y="256"/>
  </person>
 </frame>
 <frame number="00000941">
  <person id="0015">
   <leftEye x="236" y="258"/>
   <rightEye x="274" y="258"/>
  </person>
 </frame>
 <frame number="00000942">
  <person id="0015">
   <leftEye x="230" y="261"/>
   <rightEye x="268" y="261"/>
  </person>
 </frame>
 <frame number="00000943">
  <person id="0015">
   <leftEye x="222" y="265"/>
   <rightEye x="262" y="265"/>
  </person>
 </frame>
 <frame number="00000944">
  <person id="0015">
   <leftEye x="212" y="271"/>
   <rightEye x="256" y="271"/>
  </person>
 </frame>
 <frame number="00000945">
  <person id="0015">
   <leftEye x="203" y="280"/>
   <rightEye x="249" y="280"/>
  </person>
 </frame>
 <frame number="00000946">
  <person id="0015">
   <leftEye x="193" y="292"/>
   <rightEye x="240" y="291"/>
  </person>
 </frame>
 <frame number="00000947">
  <person id="0015">
   <leftEye x="183" y="308"/>
   <rightEye x="231" y="306"/>
  </person>
 </frame>
 <frame number="00000948">
  <person id="0015">
   <leftEye x="173" y="326"/>
   <rightEye x="222" y="324"/>
  </person>
 </frame>
 <frame number="00000949">
  <person id="0015">
   <leftEye x="161" y="346"/>
   <rightEye x="213" y="344"/>
  </person>
 </frame>
 <frame number="00000950">
  <person id="0015">
   <leftEye x="148" y="366"/>
   <rightEye x="202" y="363"/>
  </person>
 </frame>
 <frame number="00000951">
  <person id="0015">
   <leftEye x="134" y="383"/>
   <rightEye x="189" y="379"/>
  </person>
 </frame>
 <frame number="00000952">
  <person id="0015">
   <leftEye x="117" y="397"/>
   <rightEye x="174" y="393"/>
  </person>
 </frame>
 <frame number="00000953">
  <person id="0015">
   <leftEye x="99" y="410"/>
   <rightEye x="158" y="406"/>
  </person>
 </frame>
 <frame number="00000954">
  <person id="0015">
   <leftEye x="79" y="423"/>
   <rightEye x="141" y="418"/>
  </person>
 </frame>
 <frame number="00000955">
  <person id="0015">
   <leftEye x="59" y="436"/>
   <rightEye x="125" y="431"/>
  </person>
 </frame>
 <frame number="00000956">
  <person id="0015">
   <leftEye x="38" y="451"/>
   <rightEye x="108" y="446"/>
  </person>
 </frame>
 <frame number="00000957">
  <person id="0015">
   <leftEye x="15" y="468"/>
   <rightEye x="89" y="460"/>
  </person>
 </frame>
 <frame number="00000958">
  <person id="0015">
   <leftEye x="17" y="468"/>
   <rightEye x="89" y="460"/>
  </person>
 </frame>
 <frame number="00000959"/>
 <frame number="00000960"/>
 <frame number="00000961"/>
 <frame number="00000962"/>
 <frame number="00000963"/>
 <frame number="00000964"/>
 <frame number="00000965"/>
 <frame number="00000966"/>
 <frame number="00000967"/>
 <frame number="00000968"/>
 <frame number="00001028"/>
 <frame number="00001029"/>
 <frame number="00001030"/>
 <frame number="00001031"/>
 <frame number="00001032"/>
 <frame number="00001033"/>
 <frame number="00001034"/>
 <frame number="00001035"/>
 <frame number="00001036"/>
 <frame number="00001037"/>
 <frame number="00001038"/>
 <frame number="00001039"/>
 <frame number="00001040"/>
 <frame number="00001041"/>
 <frame number="00001042"/>
 <frame number="00001043"/>
 <frame number="00001044"/>
 <frame number="00001045"/>
 <frame number="00001046"/>
 <frame number="00001047"/>
 <frame number="00001048"/>
 <frame number="00001049"/>
 <frame number="00001050"/>
 <frame number="00001051"/>
 <frame number="00001052"/>
 <frame number="00001053"/>
 <frame number="00001054"/>
 <frame number="00001055"/>
 <frame number="00001056"/>
 <frame number="00001057"/>
 <frame number="00001058"/>
 <frame number="00001059"/>
 <frame number="00001060"/>
 <frame number="00001061"/>
 <frame number="00001062"/>
 <frame number="00001063"/>
 <frame number="00001064"/>
 <frame number="00001065"/>
 <frame number="00001066"/>
 <frame number="00001067"/>
 <frame number="00001068"/>
 <frame number="00001069"/>
 <frame number="00001070"/>
 <frame number="00001071"/>
 <frame number="00001072"/>
 <frame number="00001073"/>
 <frame number="00001074"/>
 <frame number="00001075"/>
 <frame number="00001076"/>
 <frame number="00001077"/>
 <frame number="00001078"/>
 <frame number="00001079"/>
 <frame number="00001080"/>
 <frame number="00001081"/>
 <frame number="00001082"/>
 <frame number="00001083"/>
 <frame number="00001084"/>
 <frame number="00001085"/>
 <frame number="00001086"/>
 <frame number="00001087"/>
 <frame number="00001088">
  <person id="0003">
   <leftEye x="379" y="171"/>
   <rightEye x="395" y="171"/>
  </person>
 </frame>
 <frame number="00001089">
  <person id="0003">
   <leftEye x="374" y="173"/>
   <rightEye x="390" y="173"/>
  </person>
 </frame>
 <frame number="00001090">
  <person id="0003">
   <leftEye x="369" y="175"/>
   <rightEye x="385" y="175"/>
  </person>
 </frame>
 <frame number="00001091">
  <person id="0003">
   <leftEye x="365" y="177"/>
   <rightEye x="381" y="177"/>
  </person>
 </frame>
 <frame number="00001092">
  <person id="0003">
   <leftEye x="360" y="180"/>
   <rightEye x="377" y="180"/>
  </person>
 </frame>
 <frame number="00001093">
  <person id="0003">
   <leftEye x="355" y="182"/>
   <rightEye x="372" y="182"/>
  </person>
 </frame>
 <frame number="00001094">
  <person id="0003">
   <leftEye x="350" y="183"/>
   <rightEye x="367" y="183"/>
  </person>
 </frame>
 <frame number="00001095">
  <person id="0003">
   <leftEye x="346" y="184"/>
   <rightEye x="363" y="184"/>
  </person>
 </frame>
 <frame number="00001096">
  <person id="0003">
   <leftEye x="342" y="183"/>
   <rightEye x="359" y="183"/>
  </person>
 </frame>
 <frame number="00001097">
  <person id="0003">
   <leftEye x="338" y="183"/>
   <rightEye x="356" y="183"/>
  </person>
 </frame>
 <frame number="00001098">
  <person id="0003">
   <leftEye x="335" y="183"/>
   <rightEye x="353" y="183"/>
  </person>
 </frame>
 <frame number="00001099">
  <person id="0003">
   <leftEye x="332" y="183"/>
   <rightEye x="350" y="183"/>
  </person>
 </frame>
 <frame number="00001100">
  <person id="0003">
   <leftEye x="329" y="183"/>
   <rightEye x="348" y="183"/>
  </person>
 </frame>
 <frame number="00001101">
  <person id="0003">
   <leftEye x="327" y="184"/>
   <rightEye x="347" y="185"/>
  </person>
 </frame>
 <frame number="00001102">
  <person id="0003">
   <leftEye x="325" y="186"/>
   <rightEye x="345" y="187"/>
  </person>
 </frame>
 <frame number="00001103">
  <person id="0003">
   <leftEye x="323" y="189"/>
   <rightEye x="343" y="189"/>
  </person>
 </frame>
 <frame number="00001104">
  <person id="0003">
   <leftEye x="321" y="192"/>
   <rightEye x="341" y="192"/>
  </person>
 </frame>
 <frame number="00001105">
  <person id="0003">
   <leftEye x="320" y="195"/>
   <rightEye x="340" y="196"/>
  </person>
 </frame>
 <frame number="00001106">
  <person id="0003">
   <leftEye x="319" y="198"/>
   <rightEye x="339" y="199"/>
  </person>
 </frame>
 <frame number="00001107">
  <person id="0003">
   <leftEye x="318" y="201"/>
   <rightEye x="338" y="202"/>
  </person>
 </frame>
 <frame number="00001108">
  <person id="0003">
   <leftEye x="318" y="204"/>
   <rightEye x="338" y="205"/>
  </person>
 </frame>
 <frame number="00001109">
  <person id="0003">
   <leftEye x="317" y="205"/>
   <rightEye x="338" y="206"/>
  </person>
 </frame>
 <frame number="00001110">
  <person id="0003">
   <leftEye x="316" y="204"/>
   <rightEye x="337" y="205"/>
  </person>
 </frame>
 <frame number="00001111">
  <person id="0003">
   <leftEye x="315" y="204"/>
   <rightEye x="336" y="205"/>
  </person>
 </frame>
 <frame number="00001112">
  <person id="0003">
   <leftEye x="313" y="203"/>
   <rightEye x="335" y="204"/>
  </person>
 </frame>
 <frame number="00001113">
  <person id="0003">
   <leftEye x="311" y="203"/>
   <rightEye x="333" y="204"/>
  </person>
 </frame>
 <frame number="00001114">
  <person id="0003">
   <leftEye x="309" y="204"/>
   <rightEye x="331" y="204"/>
  </person>
 </frame>
 <frame number="00001115">
  <person id="0003">
   <leftEye x="306" y="205"/>
   <rightEye x="329" y="205"/>
  </person>
 </frame>
 <frame number="00001116">
  <person id="0003">
   <leftEye x="303" y="207"/>
   <rightEye x="327" y="207"/>
  </person>
 </frame>
 <frame number="00001117">
  <person id="0003">
   <leftEye x="300" y="211"/>
   <rightEye x="324" y="211"/>
  </person>
 </frame>
 <frame number="00001118">
  <person id="0003">
   <leftEye x="297" y="215"/>
   <rightEye x="321" y="215"/>
  </person>
 </frame>
 <frame number="00001119">
  <person id="0003">
   <leftEye x="294" y="219"/>
   <rightEye x="318" y="219"/>
  </person>
 </frame>
 <frame number="00001120">
  <person id="0003">
   <leftEye x="290" y="224"/>
   <rightEye x="315" y="224"/>
  </person>
 </frame>
 <frame number="00001121">
  <person id="0003">
   <leftEye x="286" y="229"/>
   <rightEye x="312" y="229"/>
  </person>
 </frame>
 <frame number="00001122">
  <person id="0003">
   <leftEye x="282" y="233"/>
   <rightEye x="308" y="233"/>
  </person>
 </frame>
 <frame number="00001123">
  <person id="0003">
   <leftEye x="277" y="236"/>
   <rightEye x="304" y="236"/>
  </person>
 </frame>
 <frame number="00001124">
  <person id="0003">
   <leftEye x="273" y="239"/>
   <rightEye x="300" y="239"/>
  </person>
 </frame>
 <frame number="00001125">
  <person id="0003">
   <leftEye x="269" y="240"/>
   <rightEye x="297" y="240"/>
  </person>
 </frame>
 <frame number="00001126">
  <person id="0003">
   <leftEye x="265" y="241"/>
   <rightEye x="293" y="241"/>
  </person>
 </frame>
 <frame number="00001127">
  <person id="0003">
   <leftEye x="261" y="242"/>
   <rightEye x="290" y="242"/>
  </person>
 </frame>
 <frame number="00001128">
  <person id="0003">
   <leftEye x="258" y="243"/>
   <rightEye x="287" y="243"/>
  </person>
 </frame>
 <frame number="00001129">
  <person id="0003">
   <leftEye x="255" y="246"/>
   <rightEye x="284" y="246"/>
  </person>
 </frame>
 <frame number="00001130">
  <person id="0003">
   <leftEye x="253" y="249"/>
   <rightEye x="282" y="249"/>
  </person>
 </frame>
 <frame number="00001131">
  <person id="0003">
   <leftEye x="250" y="253"/>
   <rightEye x="281" y="253"/>
  </person>
 </frame>
 <frame number="00001132">
  <person id="0003">
   <leftEye x="248" y="258"/>
   <rightEye x="279" y="258"/>
  </person>
 </frame>
 <frame number="00001133">
  <person id="0003">
   <leftEye x="246" y="264"/>
   <rightEye x="277" y="265"/>
  </person>
 </frame>
 <frame number="00001134">
  <person id="0003">
   <leftEye x="244" y="271"/>
   <rightEye x="275" y="272"/>
  </person>
 </frame>
 <frame number="00001135">
  <person id="0003">
   <leftEye x="242" y="279"/>
   <rightEye x="274" y="279"/>
  </person>
 </frame>
 <frame number="00001136">
  <person id="0003">
   <leftEye x="239" y="286"/>
   <rightEye x="273" y="286"/>
  </person>
 </frame>
 <frame number="00001137">
  <person id="0003">
   <leftEye x="236" y="293"/>
   <rightEye x="271" y="293"/>
  </person>
 </frame>
 <frame number="00001138">
  <person id="0003">
   <leftEye x="234" y="299"/>
   <rightEye x="270" y="299"/>
  </person>
 </frame>
 <frame number="00001139">
  <person id="0003">
   <leftEye x="232" y="303"/>
   <rightEye x="268" y="303"/>
  </person>
 </frame>
 <frame number="00001140">
  <person id="0003">
   <leftEye x="228" y="306"/>
   <rightEye x="266" y="306"/>
  </person>
 </frame>
 <frame number="00001141">
  <person id="0003">
   <leftEye x="223" y="307"/>
   <rightEye x="264" y="308"/>
  </person>
 </frame>
 <frame number="00001142">
  <person id="0003">
   <leftEye x="219" y="309"/>
   <rightEye x="260" y="310"/>
  </person>
 </frame>
 <frame number="00001143">
  <person id="0003">
   <leftEye x="215" y="313"/>
   <rightEye x="256" y="313"/>
  </person>
 </frame>
 <frame number="00001144">
  <person id="0003">
   <leftEye x="210" y="318"/>
   <rightEye x="252" y="318"/>
  </person>
 </frame>
 <frame number="00001145">
  <person id="0003">
   <leftEye x="204" y="325"/>
   <rightEye x="247" y="325"/>
  </person>
 </frame>
 <frame number="00001146">
  <person id="0003">
   <leftEye x="197" y="334"/>
   <rightEye x="242" y="334"/>
  </person>
 </frame>
 <frame number="00001147">
  <person id="0003">
   <leftEye x="190" y="344"/>
   <rightEye x="236" y="344"/>
  </person>
 </frame>
 <frame number="00001148">
  <person id="0003">
   <leftEye x="183" y="355"/>
   <rightEye x="229" y="355"/>
  </person>
 </frame>
 <frame number="00001149">
  <person id="0003">
   <leftEye x="175" y="368"/>
   <rightEye x="223" y="368"/>
  </person>
 </frame>
 <frame number="00001150">
  <person id="0003">
   <leftEye x="167" y="381"/>
   <rightEye x="215" y="381"/>
  </person>
 </frame>
 <frame number="00001151">
  <person id="0003">
   <leftEye x="158" y="395"/>
   <rightEye x="206" y="395"/>
  </person>
 </frame>
 <frame number="00001152">
  <person id="0003">
   <leftEye x="147" y="409"/>
   <rightEye x="197" y="409"/>
  </person>
 </frame>
 <frame number="00001153">
  <person id="0003">
   <leftEye x="135" y="422"/>
   <rightEye x="187" y="422"/>
  </person>
 </frame>
 <frame number="00001154">
  <person id="0003">
   <leftEye x="122" y="433"/>
   <rightEye x="177" y="434"/>
  </person>
 </frame>
 <frame number="00001155">
  <person id="0003">
   <leftEye x="108" y="443"/>
   <rightEye x="166" y="445"/>
  </person>
 </frame>
 <frame number="00001156">
  <person id="0003">
   <leftEye x="94" y="453"/>
   <rightEye x="154" y="455"/>
  </person>
 </frame>
 <frame number="00001157">
  <person id="0003">
   <leftEye x="81" y="465"/>
   <rightEye x="142" y="466"/>
  </person>
 </frame>
 <frame number="00001158">
  <person id="0003">
   <leftEye x="67" y="477"/>
   <rightEye x="130" y="479"/>
  </person>
 </frame>
 <frame number="00001159"/>
 <frame number="00001160"/>
 <frame number="00001161"/>
 <frame number="00001162"/>
 <frame number="00001163"/>
 <frame number="00001164"/>
 <frame number="00001165"/>
 <frame number="00001166"/>
 <frame number="00001167"/>
 <frame number="00001168"/>
 <frame number="00001169"/>
 <frame number="00001170"/>
 <frame number="00001171"/>
 <frame number="00001172"/>
</dataset>
