<!DOCTYPE GroundTruth>
<dataset name="P2E_S2_C3">
 <frame number="00000000"/>
 <frame number="00000001"/>
 <frame number="00000002"/>
 <frame number="00000003"/>
 <frame number="00000004"/>
 <frame number="00000005"/>
 <frame number="00000006"/>
 <frame number="00000007"/>
 <frame number="00000008"/>
 <frame number="00000009"/>
 <frame number="00000010"/>
 <frame number="00000011"/>
 <frame number="00000012"/>
 <frame number="00000013"/>
 <frame number="00000014"/>
 <frame number="00000015"/>
 <frame number="00000016"/>
 <frame number="00000017"/>
 <frame number="00000018"/>
 <frame number="00000019"/>
 <frame number="00000020"/>
 <frame number="00000021"/>
 <frame number="00000022"/>
 <frame number="00000023"/>
 <frame number="00000024"/>
 <frame number="00000025"/>
 <frame number="00000026"/>
 <frame number="00000027"/>
 <frame number="00000028"/>
 <frame number="00000029"/>
 <frame number="00000030"/>
 <frame number="00000031"/>
 <frame number="00000032"/>
 <frame number="00000033"/>
 <frame number="00000034"/>
 <frame number="00000035"/>
 <frame number="00000036"/>
 <frame number="00000037"/>
 <frame number="00000038"/>
 <frame number="00000039"/>
 <frame number="00000040"/>
 <frame number="00000041"/>
 <frame number="00000042"/>
 <frame number="00000043"/>
 <frame number="00000044"/>
 <frame number="00000045"/>
 <frame number="00000046"/>
 <frame number="00000047"/>
 <frame number="00000048"/>
 <frame number="00000049"/>
 <frame number="00000050"/>
 <frame number="00000051"/>
 <frame number="00000052"/>
 <frame number="00000053"/>
 <frame number="00000054"/>
 <frame number="00000055"/>
 <frame number="00000056"/>
 <frame number="00000057"/>
 <frame number="00000058"/>
 <frame number="00000059"/>
 <frame number="00000060"/>
 <frame number="00000061"/>
 <frame number="00000062"/>
 <frame number="00000063"/>
 <frame number="00000064"/>
 <frame number="00000065"/>
 <frame number="00000066"/>
 <frame number="00000067"/>
 <frame number="00000068"/>
 <frame number="00000069"/>
 <frame number="00000070"/>
 <frame number="00000071"/>
 <frame number="00000072"/>
 <frame number="00000073"/>
 <frame number="00000074"/>
 <frame number="00000075"/>
 <frame number="00000076"/>
 <frame number="00000077"/>
 <frame number="00000078"/>
 <frame number="00000079"/>
 <frame number="00000080"/>
 <frame number="00000081"/>
 <frame number="00000082"/>
 <frame number="00000083"/>
 <frame number="00000084"/>
 <frame number="00000085"/>
 <frame number="00000086"/>
 <frame number="00000087"/>
 <frame number="00000088"/>
 <frame number="00000089"/>
 <frame number="00000090"/>
 <frame number="00000091"/>
 <frame number="00000092"/>
 <frame number="00000093"/>
 <frame number="00000094"/>
 <frame number="00000095"/>
 <frame number="00000096"/>
 <frame number="00000097"/>
 <frame number="00000098"/>
 <frame number="00000099"/>
 <frame number="00000179"/>
 <frame number="00000180"/>
 <frame number="00000181"/>
 <frame number="00000182"/>
 <frame number="00000183"/>
 <frame number="00000184"/>
 <frame number="00000185"/>
 <frame number="00000186"/>
 <frame number="00000187"/>
 <frame number="00000188"/>
 <frame number="00000189"/>
 <frame number="00000190"/>
 <frame number="00000191"/>
 <frame number="00000192"/>
 <frame number="00000193"/>
 <frame number="00000194"/>
 <frame number="00000195"/>
 <frame number="00000196"/>
 <frame number="00000197"/>
 <frame number="00000198"/>
 <frame number="00000199"/>
 <frame number="00000200"/>
 <frame number="00000201"/>
 <frame number="00000202"/>
 <frame number="00000203"/>
 <frame number="00000204"/>
 <frame number="00000205"/>
 <frame number="00000206"/>
 <frame number="00000207"/>
 <frame number="00000208"/>
 <frame number="00000209"/>
 <frame number="00000210"/>
 <frame number="00000211"/>
 <frame number="00000212"/>
 <frame number="00000213"/>
 <frame number="00000214"/>
 <frame number="00000215"/>
 <frame number="00000216"/>
 <frame number="00000217"/>
 <frame number="00000218"/>
 <frame number="00000219"/>
 <frame number="00000220"/>
 <frame number="00000221"/>
 <frame number="00000222"/>
 <frame number="00000223"/>
 <frame number="00000224"/>
 <frame number="00000225"/>
 <frame number="00000226"/>
 <frame number="00000227"/>
 <frame number="00000228">
  <person id="0022">
   <leftEye x="388" y="181"/>
   <rightEye x="404" y="181"/>
  </person>
 </frame>
 <frame number="00000229">
  <person id="0022">
   <leftEye x="383" y="184"/>
   <rightEye x="399" y="184"/>
  </person>
 </frame>
 <frame number="00000230">
  <person id="0022">
   <leftEye x="378" y="186"/>
   <rightEye x="394" y="186"/>
  </person>
 </frame>
 <frame number="00000231">
  <person id="0022">
   <leftEye x="373" y="186"/>
   <rightEye x="388" y="186"/>
  </person>
 </frame>
 <frame number="00000232">
  <person id="0022">
   <leftEye x="368" y="186"/>
   <rightEye x="383" y="186"/>
  </person>
 </frame>
 <frame number="00000233">
  <person id="0022">
   <leftEye x="363" y="185"/>
   <rightEye x="378" y="186"/>
  </person>
 </frame>
 <frame number="00000234">
  <person id="0022">
   <leftEye x="358" y="185"/>
   <rightEye x="373" y="186"/>
  </person>
 </frame>
 <frame number="00000235">
  <person id="0022">
   <leftEye x="352" y="185"/>
   <rightEye x="369" y="186"/>
  </person>
 </frame>
 <frame number="00000236">
  <person id="0022">
   <leftEye x="347" y="184"/>
   <rightEye x="364" y="185"/>
  </person>
 </frame>
 <frame number="00000237">
  <person id="0022">
   <leftEye x="342" y="184"/>
   <rightEye x="359" y="185"/>
  </person>
 </frame>
 <frame number="00000238">
  <person id="0022">
   <leftEye x="337" y="185"/>
   <rightEye x="355" y="185"/>
  </person>
 </frame>
 <frame number="00000239">
  <person id="0022">
   <leftEye x="333" y="186"/>
   <rightEye x="350" y="186"/>
  </person>
 </frame>
 <frame number="00000240">
  <person id="0022">
   <leftEye x="328" y="187"/>
   <rightEye x="346" y="187"/>
  </person>
 </frame>
 <frame number="00000241">
  <person id="0022">
   <leftEye x="323" y="190"/>
   <rightEye x="342" y="190"/>
  </person>
 </frame>
 <frame number="00000242">
  <person id="0022">
   <leftEye x="323" y="190"/>
   <rightEye x="342" y="190"/>
  </person>
 </frame>
 <frame number="00000243">
  <person id="0022">
   <leftEye x="313" y="198"/>
   <rightEye x="333" y="198"/>
  </person>
 </frame>
 <frame number="00000244">
  <person id="0022">
   <leftEye x="308" y="202"/>
   <rightEye x="327" y="202"/>
  </person>
 </frame>
 <frame number="00000245">
  <person id="0022">
   <leftEye x="301" y="204"/>
   <rightEye x="320" y="204"/>
  </person>
 </frame>
 <frame number="00000246">
  <person id="0022">
   <leftEye x="294" y="206"/>
   <rightEye x="314" y="206"/>
  </person>
 </frame>
 <frame number="00000247">
  <person id="0022">
   <leftEye x="287" y="207"/>
   <rightEye x="308" y="208"/>
  </person>
 </frame>
 <frame number="00000248">
  <person id="0022">
   <leftEye x="280" y="207"/>
   <rightEye x="301" y="208"/>
  </person>
 </frame>
 <frame number="00000249">
  <person id="0022">
   <leftEye x="273" y="207"/>
   <rightEye x="294" y="208"/>
  </person>
 </frame>
 <frame number="00000250">
  <person id="0022">
   <leftEye x="266" y="207"/>
   <rightEye x="288" y="207"/>
  </person>
 </frame>
 <frame number="00000251">
  <person id="0022">
   <leftEye x="260" y="207"/>
   <rightEye x="282" y="207"/>
  </person>
 </frame>
 <frame number="00000252">
  <person id="0022">
   <leftEye x="254" y="208"/>
   <rightEye x="277" y="207"/>
  </person>
 </frame>
 <frame number="00000253">
  <person id="0022">
   <leftEye x="249" y="209"/>
   <rightEye x="272" y="208"/>
  </person>
 </frame>
 <frame number="00000254">
  <person id="0022">
   <leftEye x="244" y="211"/>
   <rightEye x="267" y="210"/>
  </person>
 </frame>
 <frame number="00000255">
  <person id="0022">
   <leftEye x="239" y="215"/>
   <rightEye x="263" y="214"/>
  </person>
 </frame>
 <frame number="00000256">
  <person id="0022">
   <leftEye x="234" y="221"/>
   <rightEye x="257" y="220"/>
  </person>
 </frame>
 <frame number="00000257">
  <person id="0022">
   <leftEye x="229" y="228"/>
   <rightEye x="252" y="227"/>
  </person>
 </frame>
 <frame number="00000258">
  <person id="0022">
   <leftEye x="224" y="235"/>
   <rightEye x="248" y="234"/>
  </person>
 </frame>
 <frame number="00000259">
  <person id="0022">
   <leftEye x="219" y="241"/>
   <rightEye x="244" y="240"/>
  </person>
 </frame>
 <frame number="00000260">
  <person id="0022">
   <leftEye x="215" y="245"/>
   <rightEye x="240" y="245"/>
  </person>
 </frame>
 <frame number="00000261">
  <person id="0022">
   <leftEye x="210" y="248"/>
   <rightEye x="236" y="248"/>
  </person>
 </frame>
 <frame number="00000262">
  <person id="0022">
   <leftEye x="205" y="250"/>
   <rightEye x="232" y="249"/>
  </person>
 </frame>
 <frame number="00000263">
  <person id="0022">
   <leftEye x="200" y="251"/>
   <rightEye x="228" y="250"/>
  </person>
 </frame>
 <frame number="00000264">
  <person id="0022">
   <leftEye x="195" y="251"/>
   <rightEye x="223" y="251"/>
  </person>
 </frame>
 <frame number="00000265">
  <person id="0022">
   <leftEye x="189" y="251"/>
   <rightEye x="218" y="251"/>
  </person>
 </frame>
 <frame number="00000266">
  <person id="0022">
   <leftEye x="182" y="251"/>
   <rightEye x="212" y="252"/>
  </person>
 </frame>
 <frame number="00000267">
  <person id="0022">
   <leftEye x="174" y="252"/>
   <rightEye x="205" y="253"/>
  </person>
 </frame>
 <frame number="00000268">
  <person id="0022">
   <leftEye x="167" y="255"/>
   <rightEye x="198" y="255"/>
  </person>
 </frame>
 <frame number="00000269">
  <person id="0022">
   <leftEye x="158" y="260"/>
   <rightEye x="190" y="260"/>
  </person>
 </frame>
 <frame number="00000270">
  <person id="0022">
   <leftEye x="149" y="267"/>
   <rightEye x="181" y="267"/>
  </person>
 </frame>
 <frame number="00000271">
  <person id="0022">
   <leftEye x="139" y="277"/>
   <rightEye x="172" y="276"/>
  </person>
 </frame>
 <frame number="00000272">
  <person id="0022">
   <leftEye x="129" y="289"/>
   <rightEye x="162" y="287"/>
  </person>
 </frame>
 <frame number="00000273">
  <person id="0022">
   <leftEye x="118" y="301"/>
   <rightEye x="151" y="299"/>
  </person>
 </frame>
 <frame number="00000274">
  <person id="0022">
   <leftEye x="107" y="311"/>
   <rightEye x="140" y="309"/>
  </person>
 </frame>
 <frame number="00000275">
  <person id="0022">
   <leftEye x="93" y="319"/>
   <rightEye x="127" y="316"/>
  </person>
 </frame>
 <frame number="00000276">
  <person id="0022">
   <leftEye x="78" y="324"/>
   <rightEye x="113" y="321"/>
  </person>
 </frame>
 <frame number="00000277">
  <person id="0022">
   <leftEye x="62" y="327"/>
   <rightEye x="98" y="325"/>
  </person>
 </frame>
 <frame number="00000278">
  <person id="0022">
   <leftEye x="46" y="330"/>
   <rightEye x="83" y="329"/>
  </person>
 </frame>
 <frame number="00000279">
  <person id="0022">
   <leftEye x="31" y="334"/>
   <rightEye x="68" y="333"/>
  </person>
 </frame>
 <frame number="00000280">
  <person id="0022">
   <leftEye x="16" y="339"/>
   <rightEye x="53" y="337"/>
  </person>
 </frame>
 <frame number="00000281"/>
 <frame number="00000282"/>
 <frame number="00000283"/>
 <frame number="00000284"/>
 <frame number="00000285"/>
 <frame number="00000286"/>
 <frame number="00000287"/>
 <frame number="00000288"/>
 <frame number="00000289"/>
 <frame number="00000290"/>
 <frame number="00000291"/>
 <frame number="00000292"/>
 <frame number="00000293"/>
 <frame number="00000294"/>
 <frame number="00000295"/>
 <frame number="00000296"/>
 <frame number="00000297"/>
 <frame number="00000298"/>
 <frame number="00000299"/>
 <frame number="00000300"/>
 <frame number="00000301"/>
 <frame number="00000302"/>
 <frame number="00000359"/>
 <frame number="00000360"/>
 <frame number="00000361"/>
 <frame number="00000362"/>
 <frame number="00000363"/>
 <frame number="00000364"/>
 <frame number="00000365"/>
 <frame number="00000366"/>
 <frame number="00000367"/>
 <frame number="00000368"/>
 <frame number="00000369"/>
 <frame number="00000370"/>
 <frame number="00000371"/>
 <frame number="00000372"/>
 <frame number="00000373"/>
 <frame number="00000374"/>
 <frame number="00000375"/>
 <frame number="00000376"/>
 <frame number="00000377"/>
 <frame number="00000378"/>
 <frame number="00000379"/>
 <frame number="00000380"/>
 <frame number="00000381"/>
 <frame number="00000382"/>
 <frame number="00000383"/>
 <frame number="00000384"/>
 <frame number="00000385"/>
 <frame number="00000386"/>
 <frame number="00000387"/>
 <frame number="00000388"/>
 <frame number="00000389"/>
 <frame number="00000390"/>
 <frame number="00000391"/>
 <frame number="00000392"/>
 <frame number="00000393"/>
 <frame number="00000394"/>
 <frame number="00000395"/>
 <frame number="00000396"/>
 <frame number="00000397"/>
 <frame number="00000398"/>
 <frame number="00000399"/>
 <frame number="00000400"/>
 <frame number="00000401"/>
 <frame number="00000402"/>
 <frame number="00000403"/>
 <frame number="00000404"/>
 <frame number="00000405"/>
 <frame number="00000406"/>
 <frame number="00000407"/>
 <frame number="00000408"/>
 <frame number="00000409"/>
 <frame number="00000410"/>
 <frame number="00000411"/>
 <frame number="00000412">
  <person id="0015">
   <leftEye x="416" y="152"/>
   <rightEye x="432" y="152"/>
  </person>
 </frame>
 <frame number="00000413">
  <person id="0015">
   <leftEye x="411" y="152"/>
   <rightEye x="426" y="152"/>
  </person>
 </frame>
 <frame number="00000414">
  <person id="0015">
   <leftEye x="407" y="152"/>
   <rightEye x="421" y="152"/>
  </person>
 </frame>
 <frame number="00000415">
  <person id="0015">
   <leftEye x="402" y="153"/>
   <rightEye x="417" y="153"/>
  </person>
 </frame>
 <frame number="00000416">
  <person id="0015">
   <leftEye x="396" y="155"/>
   <rightEye x="412" y="155"/>
  </person>
 </frame>
 <frame number="00000417">
  <person id="0015">
   <leftEye x="392" y="158"/>
   <rightEye x="407" y="158"/>
  </person>
 </frame>
 <frame number="00000418">
  <person id="0015">
   <leftEye x="387" y="161"/>
   <rightEye x="403" y="161"/>
  </person>
 </frame>
 <frame number="00000419">
  <person id="0015">
   <leftEye x="383" y="164"/>
   <rightEye x="399" y="164"/>
  </person>
 </frame>
 <frame number="00000420">
  <person id="0015">
   <leftEye x="379" y="166"/>
   <rightEye x="395" y="166"/>
  </person>
 </frame>
 <frame number="00000421">
  <person id="0015">
   <leftEye x="375" y="168"/>
   <rightEye x="391" y="168"/>
  </person>
 </frame>
 <frame number="00000422">
  <person id="0015">
   <leftEye x="371" y="170"/>
   <rightEye x="387" y="170"/>
  </person>
 </frame>
 <frame number="00000423">
  <person id="0015">
   <leftEye x="367" y="170"/>
   <rightEye x="384" y="170"/>
  </person>
 </frame>
 <frame number="00000424">
  <person id="0015">
   <leftEye x="363" y="170"/>
   <rightEye x="381" y="170"/>
  </person>
 </frame>
 <frame number="00000425">
  <person id="0015">
   <leftEye x="359" y="169"/>
   <rightEye x="377" y="169"/>
  </person>
 </frame>
 <frame number="00000426">
  <person id="0015">
   <leftEye x="355" y="168"/>
   <rightEye x="373" y="168"/>
  </person>
 </frame>
 <frame number="00000427">
  <person id="0015">
   <leftEye x="351" y="167"/>
   <rightEye x="369" y="167"/>
  </person>
 </frame>
 <frame number="00000428">
  <person id="0015">
   <leftEye x="346" y="166"/>
   <rightEye x="365" y="166"/>
  </person>
 </frame>
 <frame number="00000429">
  <person id="0015">
   <leftEye x="342" y="166"/>
   <rightEye x="361" y="166"/>
  </person>
 </frame>
 <frame number="00000430">
  <person id="0015">
   <leftEye x="338" y="166"/>
   <rightEye x="357" y="166"/>
  </person>
 </frame>
 <frame number="00000431">
  <person id="0015">
   <leftEye x="334" y="167"/>
   <rightEye x="354" y="167"/>
  </person>
 </frame>
 <frame number="00000432">
  <person id="0015">
   <leftEye x="330" y="170"/>
   <rightEye x="350" y="170"/>
  </person>
 </frame>
 <frame number="00000433">
  <person id="0015">
   <leftEye x="326" y="174"/>
   <rightEye x="346" y="174"/>
  </person>
 </frame>
 <frame number="00000434">
  <person id="0015">
   <leftEye x="321" y="178"/>
   <rightEye x="342" y="178"/>
  </person>
 </frame>
 <frame number="00000435">
  <person id="0015">
   <leftEye x="319" y="181"/>
   <rightEye x="340" y="180"/>
  </person>
 </frame>
 <frame number="00000436">
  <person id="0015">
   <leftEye x="317" y="184"/>
   <rightEye x="337" y="183"/>
  </person>
 </frame>
 <frame number="00000437">
  <person id="0015">
   <leftEye x="313" y="188"/>
   <rightEye x="333" y="187"/>
  </person>
 </frame>
 <frame number="00000438">
  <person id="0015">
   <leftEye x="308" y="192"/>
   <rightEye x="330" y="190"/>
  </person>
 </frame>
 <frame number="00000439">
  <person id="0015">
   <leftEye x="303" y="194"/>
   <rightEye x="326" y="193"/>
  </person>
 </frame>
 <frame number="00000440">
  <person id="0015">
   <leftEye x="298" y="195"/>
   <rightEye x="321" y="194"/>
  </person>
 </frame>
 <frame number="00000441">
  <person id="0015">
   <leftEye x="292" y="195"/>
   <rightEye x="316" y="194"/>
  </person>
 </frame>
 <frame number="00000442">
  <person id="0015">
   <leftEye x="286" y="193"/>
   <rightEye x="310" y="192"/>
  </person>
 </frame>
 <frame number="00000443">
  <person id="0015">
   <leftEye x="280" y="192"/>
   <rightEye x="305" y="191"/>
  </person>
 </frame>
 <frame number="00000444">
  <person id="0015">
   <leftEye x="277" y="191"/>
   <rightEye x="302" y="190"/>
  </person>
 </frame>
 <frame number="00000445">
  <person id="0015">
   <leftEye x="273" y="191"/>
   <rightEye x="298" y="189"/>
  </person>
 </frame>
 <frame number="00000446">
  <person id="0015">
   <leftEye x="269" y="191"/>
   <rightEye x="294" y="189"/>
  </person>
 </frame>
 <frame number="00000447">
  <person id="0015">
   <leftEye x="265" y="192"/>
   <rightEye x="290" y="191"/>
  </person>
 </frame>
 <frame number="00000448">
  <person id="0015">
   <leftEye x="261" y="195"/>
   <rightEye x="286" y="194"/>
  </person>
 </frame>
 <frame number="00000449">
  <person id="0015">
   <leftEye x="256" y="199"/>
   <rightEye x="283" y="198"/>
  </person>
 </frame>
 <frame number="00000450">
  <person id="0015">
   <leftEye x="251" y="205"/>
   <rightEye x="279" y="204"/>
  </person>
 </frame>
 <frame number="00000451">
  <person id="0015">
   <leftEye x="246" y="212"/>
   <rightEye x="274" y="211"/>
  </person>
 </frame>
 <frame number="00000452">
  <person id="0015">
   <leftEye x="240" y="219"/>
   <rightEye x="269" y="218"/>
  </person>
 </frame>
 <frame number="00000453">
  <person id="0015">
   <leftEye x="235" y="225"/>
   <rightEye x="266" y="224"/>
  </person>
 </frame>
 <frame number="00000454">
  <person id="0015">
   <leftEye x="230" y="230"/>
   <rightEye x="262" y="228"/>
  </person>
 </frame>
 <frame number="00000455">
  <person id="0015">
   <leftEye x="225" y="233"/>
   <rightEye x="257" y="231"/>
  </person>
 </frame>
 <frame number="00000456">
  <person id="0015">
   <leftEye x="220" y="235"/>
   <rightEye x="252" y="232"/>
  </person>
 </frame>
 <frame number="00000457">
  <person id="0015">
   <leftEye x="215" y="236"/>
   <rightEye x="246" y="234"/>
  </person>
 </frame>
 <frame number="00000458">
  <person id="0015">
   <leftEye x="208" y="237"/>
   <rightEye x="240" y="235"/>
  </person>
 </frame>
 <frame number="00000459">
  <person id="0015">
   <leftEye x="201" y="237"/>
   <rightEye x="233" y="236"/>
  </person>
 </frame>
 <frame number="00000460">
  <person id="0015">
   <leftEye x="192" y="237"/>
   <rightEye x="225" y="236"/>
  </person>
 </frame>
 <frame number="00000461">
  <person id="0015">
   <leftEye x="182" y="237"/>
   <rightEye x="217" y="236"/>
  </person>
 </frame>
 <frame number="00000462">
  <person id="0015">
   <leftEye x="173" y="240"/>
   <rightEye x="208" y="238"/>
  </person>
 </frame>
 <frame number="00000463">
  <person id="0015">
   <leftEye x="163" y="245"/>
   <rightEye x="199" y="243"/>
  </person>
 </frame>
 <frame number="00000464">
  <person id="0015">
   <leftEye x="152" y="253"/>
   <rightEye x="190" y="251"/>
  </person>
 </frame>
 <frame number="00000465">
  <person id="0015">
   <leftEye x="140" y="263"/>
   <rightEye x="179" y="260"/>
  </person>
 </frame>
 <frame number="00000466">
  <person id="0015">
   <leftEye x="128" y="274"/>
   <rightEye x="168" y="271"/>
  </person>
 </frame>
 <frame number="00000467">
  <person id="0015">
   <leftEye x="116" y="288"/>
   <rightEye x="156" y="285"/>
  </person>
 </frame>
 <frame number="00000468">
  <person id="0015">
   <leftEye x="102" y="302"/>
   <rightEye x="142" y="300"/>
  </person>
 </frame>
 <frame number="00000469">
  <person id="0015">
   <leftEye x="87" y="316"/>
   <rightEye x="127" y="315"/>
  </person>
 </frame>
 <frame number="00000470">
  <person id="0015">
   <leftEye x="69" y="332"/>
   <rightEye x="113" y="332"/>
  </person>
 </frame>
 <frame number="00000471">
  <person id="0015">
   <leftEye x="51" y="339"/>
   <rightEye x="95" y="339"/>
  </person>
 </frame>
 <frame number="00000472">
  <person id="0015">
   <leftEye x="29" y="345"/>
   <rightEye x="77" y="345"/>
  </person>
 </frame>
 <frame number="00000473"/>
 <frame number="00000474"/>
 <frame number="00000475"/>
 <frame number="00000476"/>
 <frame number="00000477"/>
 <frame number="00000478"/>
 <frame number="00000479"/>
 <frame number="00000480"/>
 <frame number="00000481"/>
 <frame number="00000482"/>
 <frame number="00000483"/>
 <frame number="00000484"/>
 <frame number="00000485"/>
 <frame number="00000486"/>
 <frame number="00000487"/>
 <frame number="00000488"/>
 <frame number="00000489"/>
 <frame number="00000558"/>
 <frame number="00000559"/>
 <frame number="00000560"/>
 <frame number="00000561"/>
 <frame number="00000562"/>
 <frame number="00000563"/>
 <frame number="00000564"/>
 <frame number="00000565"/>
 <frame number="00000566"/>
 <frame number="00000567"/>
 <frame number="00000568"/>
 <frame number="00000569"/>
 <frame number="00000570"/>
 <frame number="00000571"/>
 <frame number="00000572"/>
 <frame number="00000573"/>
 <frame number="00000574"/>
 <frame number="00000575"/>
 <frame number="00000576"/>
 <frame number="00000577"/>
 <frame number="00000578"/>
 <frame number="00000579"/>
 <frame number="00000580"/>
 <frame number="00000581"/>
 <frame number="00000582"/>
 <frame number="00000583"/>
 <frame number="00000584"/>
 <frame number="00000585"/>
 <frame number="00000586"/>
 <frame number="00000587"/>
 <frame number="00000588"/>
 <frame number="00000589"/>
 <frame number="00000590"/>
 <frame number="00000591"/>
 <frame number="00000592"/>
 <frame number="00000593"/>
 <frame number="00000594"/>
 <frame number="00000595"/>
 <frame number="00000596"/>
 <frame number="00000597"/>
 <frame number="00000598"/>
 <frame number="00000599"/>
 <frame number="00000600"/>
 <frame number="00000601"/>
 <frame number="00000602"/>
 <frame number="00000603"/>
 <frame number="00000604"/>
 <frame number="00000605"/>
 <frame number="00000606"/>
 <frame number="00000607"/>
 <frame number="00000608"/>
 <frame number="00000609">
  <person id="0021">
   <leftEye x="386" y="163"/>
   <rightEye x="402" y="164"/>
  </person>
 </frame>
 <frame number="00000610">
  <person id="0021">
   <leftEye x="380" y="165"/>
   <rightEye x="396" y="166"/>
  </person>
 </frame>
 <frame number="00000611">
  <person id="0021">
   <leftEye x="375" y="166"/>
   <rightEye x="391" y="167"/>
  </person>
 </frame>
 <frame number="00000612">
  <person id="0021">
   <leftEye x="370" y="166"/>
   <rightEye x="386" y="167"/>
  </person>
 </frame>
 <frame number="00000613">
  <person id="0021">
   <leftEye x="365" y="166"/>
   <rightEye x="381" y="167"/>
  </person>
 </frame>
 <frame number="00000614">
  <person id="0021">
   <leftEye x="360" y="165"/>
   <rightEye x="376" y="166"/>
  </person>
 </frame>
 <frame number="00000615">
  <person id="0021">
   <leftEye x="355" y="164"/>
   <rightEye x="371" y="165"/>
  </person>
 </frame>
 <frame number="00000616">
  <person id="0021">
   <leftEye x="349" y="162"/>
   <rightEye x="366" y="163"/>
  </person>
 </frame>
 <frame number="00000617">
  <person id="0021">
   <leftEye x="343" y="161"/>
   <rightEye x="361" y="162"/>
  </person>
 </frame>
 <frame number="00000618">
  <person id="0021">
   <leftEye x="337" y="161"/>
   <rightEye x="355" y="162"/>
  </person>
 </frame>
 <frame number="00000619">
  <person id="0021">
   <leftEye x="331" y="161"/>
   <rightEye x="349" y="162"/>
  </person>
 </frame>
 <frame number="00000620">
  <person id="0021">
   <leftEye x="325" y="162"/>
   <rightEye x="343" y="163"/>
  </person>
 </frame>
 <frame number="00000621">
  <person id="0021">
   <leftEye x="319" y="164"/>
   <rightEye x="337" y="165"/>
  </person>
 </frame>
 <frame number="00000622">
  <person id="0021">
   <leftEye x="313" y="167"/>
   <rightEye x="330" y="168"/>
  </person>
 </frame>
 <frame number="00000623">
  <person id="0021">
   <leftEye x="306" y="171"/>
   <rightEye x="324" y="171"/>
  </person>
 </frame>
 <frame number="00000624">
  <person id="0021">
   <leftEye x="299" y="174"/>
   <rightEye x="318" y="175"/>
  </person>
 </frame>
 <frame number="00000625">
  <person id="0021">
   <leftEye x="291" y="177"/>
   <rightEye x="311" y="178"/>
  </person>
 </frame>
 <frame number="00000626">
  <person id="0021">
   <leftEye x="284" y="180"/>
   <rightEye x="303" y="180"/>
  </person>
 </frame>
 <frame number="00000627">
  <person id="0021">
   <leftEye x="277" y="182"/>
   <rightEye x="296" y="181"/>
  </person>
 </frame>
 <frame number="00000628">
  <person id="0021">
   <leftEye x="270" y="182"/>
   <rightEye x="289" y="182"/>
  </person>
 </frame>
 <frame number="00000629">
  <person id="0021">
   <leftEye x="263" y="182"/>
   <rightEye x="282" y="182"/>
  </person>
 </frame>
 <frame number="00000630">
  <person id="0021">
   <leftEye x="256" y="181"/>
   <rightEye x="276" y="181"/>
  </person>
 </frame>
 <frame number="00000631">
  <person id="0021">
   <leftEye x="250" y="180"/>
   <rightEye x="270" y="180"/>
  </person>
 </frame>
 <frame number="00000632">
  <person id="0021">
   <leftEye x="245" y="180"/>
   <rightEye x="265" y="180"/>
  </person>
 </frame>
 <frame number="00000633">
  <person id="0021">
   <leftEye x="240" y="180"/>
   <rightEye x="261" y="180"/>
  </person>
 </frame>
 <frame number="00000634">
  <person id="0021">
   <leftEye x="236" y="180"/>
   <rightEye x="257" y="180"/>
  </person>
 </frame>
 <frame number="00000635">
  <person id="0021">
   <leftEye x="233" y="182"/>
   <rightEye x="254" y="182"/>
  </person>
 </frame>
 <frame number="00000636">
  <person id="0021">
   <leftEye x="230" y="186"/>
   <rightEye x="251" y="186"/>
  </person>
 </frame>
 <frame number="00000637">
  <person id="0021">
   <leftEye x="226" y="191"/>
   <rightEye x="249" y="191"/>
  </person>
 </frame>
 <frame number="00000638">
  <person id="0021">
   <leftEye x="223" y="197"/>
   <rightEye x="246" y="197"/>
  </person>
 </frame>
 <frame number="00000639">
  <person id="0021">
   <leftEye x="220" y="203"/>
   <rightEye x="244" y="203"/>
  </person>
 </frame>
 <frame number="00000640">
  <person id="0021">
   <leftEye x="218" y="209"/>
   <rightEye x="242" y="209"/>
  </person>
 </frame>
 <frame number="00000641">
  <person id="0021">
   <leftEye x="216" y="213"/>
   <rightEye x="241" y="213"/>
  </person>
 </frame>
 <frame number="00000642">
  <person id="0021">
   <leftEye x="214" y="215"/>
   <rightEye x="239" y="215"/>
  </person>
 </frame>
 <frame number="00000643">
  <person id="0021">
   <leftEye x="212" y="216"/>
   <rightEye x="237" y="216"/>
  </person>
 </frame>
 <frame number="00000644">
  <person id="0021">
   <leftEye x="209" y="217"/>
   <rightEye x="235" y="217"/>
  </person>
 </frame>
 <frame number="00000645">
  <person id="0021">
   <leftEye x="205" y="217"/>
   <rightEye x="232" y="217"/>
  </person>
 </frame>
 <frame number="00000646">
  <person id="0021">
   <leftEye x="201" y="215"/>
   <rightEye x="228" y="215"/>
  </person>
 </frame>
 <frame number="00000647">
  <person id="0021">
   <leftEye x="195" y="213"/>
   <rightEye x="223" y="213"/>
  </person>
 </frame>
 <frame number="00000648">
  <person id="0021">
   <leftEye x="188" y="212"/>
   <rightEye x="217" y="212"/>
  </person>
 </frame>
 <frame number="00000649">
  <person id="0021">
   <leftEye x="181" y="213"/>
   <rightEye x="210" y="213"/>
  </person>
 </frame>
 <frame number="00000650">
  <person id="0021">
   <leftEye x="174" y="216"/>
   <rightEye x="203" y="216"/>
  </person>
 </frame>
 <frame number="00000651">
  <person id="0021">
   <leftEye x="166" y="222"/>
   <rightEye x="195" y="221"/>
  </person>
 </frame>
 <frame number="00000652">
  <person id="0021">
   <leftEye x="158" y="229"/>
   <rightEye x="186" y="228"/>
  </person>
 </frame>
 <frame number="00000653">
  <person id="0021">
   <leftEye x="148" y="238"/>
   <rightEye x="177" y="237"/>
  </person>
 </frame>
 <frame number="00000654">
  <person id="0021">
   <leftEye x="137" y="248"/>
   <rightEye x="168" y="247"/>
  </person>
 </frame>
 <frame number="00000655">
  <person id="0021">
   <leftEye x="126" y="257"/>
   <rightEye x="157" y="256"/>
  </person>
 </frame>
 <frame number="00000656">
  <person id="0021">
   <leftEye x="114" y="265"/>
   <rightEye x="146" y="264"/>
  </person>
 </frame>
 <frame number="00000657">
  <person id="0021">
   <leftEye x="101" y="271"/>
   <rightEye x="133" y="270"/>
  </person>
 </frame>
 <frame number="00000658">
  <person id="0021">
   <leftEye x="87" y="275"/>
   <rightEye x="119" y="274"/>
  </person>
 </frame>
 <frame number="00000659">
  <person id="0021">
   <leftEye x="72" y="278"/>
   <rightEye x="105" y="277"/>
  </person>
 </frame>
 <frame number="00000660">
  <person id="0021">
   <leftEye x="58" y="280"/>
   <rightEye x="92" y="279"/>
  </person>
 </frame>
 <frame number="00000661">
  <person id="0021">
   <leftEye x="44" y="281"/>
   <rightEye x="80" y="280"/>
  </person>
 </frame>
 <frame number="00000662">
  <person id="0021">
   <leftEye x="31" y="281"/>
   <rightEye x="68" y="280"/>
  </person>
 </frame>
 <frame number="00000663">
  <person id="0021">
   <leftEye x="18" y="282"/>
   <rightEye x="56" y="280"/>
  </person>
 </frame>
 <frame number="00000664">
  <person id="0021">
   <leftEye x="6" y="283"/>
   <rightEye x="44" y="281"/>
  </person>
 </frame>
 <frame number="00000665"/>
 <frame number="00000666"/>
 <frame number="00000667"/>
 <frame number="00000668"/>
 <frame number="00000669"/>
 <frame number="00000670"/>
 <frame number="00000671"/>
 <frame number="00000672"/>
 <frame number="00000673"/>
 <frame number="00000674"/>
 <frame number="00000675"/>
 <frame number="00000676"/>
 <frame number="00000677"/>
 <frame number="00000678"/>
 <frame number="00000679"/>
 <frame number="00000680"/>
 <frame number="00000681"/>
 <frame number="00000682"/>
 <frame number="00000683"/>
 <frame number="00000684"/>
 <frame number="00000685"/>
 <frame number="00000686"/>
 <frame number="00000687"/>
 <frame number="00000688"/>
 <frame number="00000767"/>
 <frame number="00000768"/>
 <frame number="00000769"/>
 <frame number="00000770"/>
 <frame number="00000771"/>
 <frame number="00000772"/>
 <frame number="00000773"/>
 <frame number="00000774"/>
 <frame number="00000775"/>
 <frame number="00000776"/>
 <frame number="00000777"/>
 <frame number="00000778"/>
 <frame number="00000779"/>
 <frame number="00000780"/>
 <frame number="00000781"/>
 <frame number="00000782"/>
 <frame number="00000783"/>
 <frame number="00000784"/>
 <frame number="00000785"/>
 <frame number="00000786"/>
 <frame number="00000787"/>
 <frame number="00000788"/>
 <frame number="00000789"/>
 <frame number="00000790"/>
 <frame number="00000791"/>
 <frame number="00000792"/>
 <frame number="00000793"/>
 <frame number="00000794"/>
 <frame number="00000795"/>
 <frame number="00000796"/>
 <frame number="00000797"/>
 <frame number="00000798"/>
 <frame number="00000799"/>
 <frame number="00000800"/>
 <frame number="00000801"/>
 <frame number="00000802"/>
 <frame number="00000803"/>
 <frame number="00000804"/>
 <frame number="00000805"/>
 <frame number="00000806"/>
 <frame number="00000807"/>
 <frame number="00000808"/>
 <frame number="00000809"/>
 <frame number="00000810"/>
 <frame number="00000811"/>
 <frame number="00000812">
  <person id="0002">
   <leftEye x="408" y="173"/>
   <rightEye x="425" y="174"/>
  </person>
 </frame>
 <frame number="00000813">
  <person id="0002">
   <leftEye x="400" y="173"/>
   <rightEye x="416" y="174"/>
  </person>
 </frame>
 <frame number="00000814">
  <person id="0002">
   <leftEye x="392" y="173"/>
   <rightEye x="408" y="174"/>
  </person>
 </frame>
 <frame number="00000815">
  <person id="0002">
   <leftEye x="384" y="172"/>
   <rightEye x="401" y="173"/>
  </person>
 </frame>
 <frame number="00000816">
  <person id="0002">
   <leftEye x="377" y="169"/>
   <rightEye x="395" y="171"/>
  </person>
 </frame>
 <frame number="00000817">
  <person id="0002">
   <leftEye x="371" y="167"/>
   <rightEye x="389" y="168"/>
  </person>
 </frame>
 <frame number="00000818">
  <person id="0002">
   <leftEye x="364" y="165"/>
   <rightEye x="383" y="166"/>
  </person>
 </frame>
 <frame number="00000819">
  <person id="0002">
   <leftEye x="358" y="164"/>
   <rightEye x="377" y="165"/>
  </person>
 </frame>
 <frame number="00000820">
  <person id="0002">
   <leftEye x="353" y="166"/>
   <rightEye x="372" y="166"/>
  </person>
 </frame>
 <frame number="00000821">
  <person id="0002">
   <leftEye x="348" y="169"/>
   <rightEye x="366" y="169"/>
  </person>
 </frame>
 <frame number="00000822">
  <person id="0002">
   <leftEye x="342" y="172"/>
   <rightEye x="361" y="172"/>
  </person>
 </frame>
 <frame number="00000823">
  <person id="0002">
   <leftEye x="336" y="176"/>
   <rightEye x="356" y="176"/>
  </person>
 </frame>
 <frame number="00000824">
  <person id="0002">
   <leftEye x="330" y="180"/>
   <rightEye x="351" y="181"/>
  </person>
 </frame>
 <frame number="00000825">
  <person id="0002">
   <leftEye x="325" y="184"/>
   <rightEye x="345" y="185"/>
  </person>
 </frame>
 <frame number="00000826">
  <person id="0002">
   <leftEye x="320" y="187"/>
   <rightEye x="340" y="188"/>
  </person>
 </frame>
 <frame number="00000827">
  <person id="0002">
   <leftEye x="315" y="189"/>
   <rightEye x="336" y="189"/>
  </person>
 </frame>
 <frame number="00000828">
  <person id="0002">
   <leftEye x="310" y="189"/>
   <rightEye x="331" y="190"/>
  </person>
 </frame>
 <frame number="00000829">
  <person id="0002">
   <leftEye x="305" y="190"/>
   <rightEye x="327" y="190"/>
  </person>
 </frame>
 <frame number="00000830">
  <person id="0002">
   <leftEye x="300" y="190"/>
   <rightEye x="322" y="190"/>
  </person>
 </frame>
 <frame number="00000831">
  <person id="0002">
   <leftEye x="295" y="189"/>
   <rightEye x="317" y="189"/>
  </person>
 </frame>
 <frame number="00000832">
  <person id="0002">
   <leftEye x="290" y="188"/>
   <rightEye x="313" y="189"/>
  </person>
 </frame>
 <frame number="00000833">
  <person id="0002">
   <leftEye x="285" y="188"/>
   <rightEye x="309" y="189"/>
  </person>
 </frame>
 <frame number="00000834">
  <person id="0002">
   <leftEye x="280" y="189"/>
   <rightEye x="304" y="190"/>
  </person>
 </frame>
 <frame number="00000835">
  <person id="0002">
   <leftEye x="275" y="192"/>
   <rightEye x="300" y="192"/>
  </person>
 </frame>
 <frame number="00000836">
  <person id="0002">
   <leftEye x="270" y="196"/>
   <rightEye x="296" y="195"/>
  </person>
 </frame>
 <frame number="00000837">
  <person id="0002">
   <leftEye x="266" y="201"/>
   <rightEye x="292" y="200"/>
  </person>
 </frame>
 <frame number="00000838">
  <person id="0002">
   <leftEye x="260" y="206"/>
   <rightEye x="287" y="206"/>
  </person>
 </frame>
 <frame number="00000839">
  <person id="0002">
   <leftEye x="254" y="213"/>
   <rightEye x="282" y="213"/>
  </person>
 </frame>
 <frame number="00000840">
  <person id="0002">
   <leftEye x="248" y="220"/>
   <rightEye x="277" y="220"/>
  </person>
 </frame>
 <frame number="00000841">
  <person id="0002">
   <leftEye x="242" y="226"/>
   <rightEye x="271" y="227"/>
  </person>
 </frame>
 <frame number="00000842">
  <person id="0002">
   <leftEye x="234" y="231"/>
   <rightEye x="264" y="232"/>
  </person>
 </frame>
 <frame number="00000843">
  <person id="0002">
   <leftEye x="227" y="234"/>
   <rightEye x="257" y="235"/>
  </person>
 </frame>
 <frame number="00000844">
  <person id="0002">
   <leftEye x="219" y="236"/>
   <rightEye x="249" y="236"/>
  </person>
 </frame>
 <frame number="00000845">
  <person id="0002">
   <leftEye x="211" y="235"/>
   <rightEye x="242" y="235"/>
  </person>
 </frame>
 <frame number="00000846">
  <person id="0002">
   <leftEye x="203" y="234"/>
   <rightEye x="234" y="233"/>
  </person>
 </frame>
 <frame number="00000847">
  <person id="0002">
   <leftEye x="195" y="232"/>
   <rightEye x="227" y="232"/>
  </person>
 </frame>
 <frame number="00000848">
  <person id="0002">
   <leftEye x="187" y="232"/>
   <rightEye x="220" y="233"/>
  </person>
 </frame>
 <frame number="00000849">
  <person id="0002">
   <leftEye x="178" y="235"/>
   <rightEye x="213" y="236"/>
  </person>
 </frame>
 <frame number="00000850">
  <person id="0002">
   <leftEye x="169" y="241"/>
   <rightEye x="205" y="242"/>
  </person>
 </frame>
 <frame number="00000851">
  <person id="0002">
   <leftEye x="160" y="249"/>
   <rightEye x="195" y="250"/>
  </person>
 </frame>
 <frame number="00000852">
  <person id="0002">
   <leftEye x="149" y="259"/>
   <rightEye x="185" y="260"/>
  </person>
 </frame>
 <frame number="00000853">
  <person id="0002">
   <leftEye x="137" y="271"/>
   <rightEye x="174" y="272"/>
  </person>
 </frame>
 <frame number="00000854">
  <person id="0002">
   <leftEye x="123" y="284"/>
   <rightEye x="163" y="285"/>
  </person>
 </frame>
 <frame number="00000855">
  <person id="0002">
   <leftEye x="109" y="296"/>
   <rightEye x="150" y="297"/>
  </person>
 </frame>
 <frame number="00000856">
  <person id="0002">
   <leftEye x="95" y="307"/>
   <rightEye x="137" y="308"/>
  </person>
 </frame>
 <frame number="00000857">
  <person id="0002">
   <leftEye x="80" y="317"/>
   <rightEye x="123" y="318"/>
  </person>
 </frame>
 <frame number="00000858">
  <person id="0002">
   <leftEye x="64" y="326"/>
   <rightEye x="109" y="327"/>
  </person>
 </frame>
 <frame number="00000859">
  <person id="0002">
   <leftEye x="47" y="334"/>
   <rightEye x="93" y="335"/>
  </person>
 </frame>
 <frame number="00000860">
  <person id="0002">
   <leftEye x="28" y="341"/>
   <rightEye x="76" y="344"/>
  </person>
 </frame>
 <frame number="00000861">
  <person id="0002">
   <leftEye x="8" y="348"/>
   <rightEye x="58" y="352"/>
  </person>
 </frame>
 <frame number="00000862"/>
 <frame number="00000863"/>
 <frame number="00000864"/>
 <frame number="00000865"/>
 <frame number="00000866"/>
 <frame number="00000867"/>
 <frame number="00000868"/>
 <frame number="00000869"/>
 <frame number="00000870"/>
 <frame number="00000871"/>
 <frame number="00000872"/>
 <frame number="00000873"/>
 <frame number="00000874"/>
 <frame number="00000875"/>
 <frame number="00000876"/>
 <frame number="00000934"/>
 <frame number="00000935"/>
 <frame number="00000936"/>
 <frame number="00000937"/>
 <frame number="00000938"/>
 <frame number="00000939"/>
 <frame number="00000940"/>
 <frame number="00000941"/>
 <frame number="00000942"/>
 <frame number="00000943"/>
 <frame number="00000944"/>
 <frame number="00000945"/>
 <frame number="00000946"/>
 <frame number="00000947"/>
 <frame number="00000948"/>
 <frame number="00000949"/>
 <frame number="00000950"/>
 <frame number="00000951"/>
 <frame number="00000952"/>
 <frame number="00000953"/>
 <frame number="00000954"/>
 <frame number="00000955"/>
 <frame number="00000956"/>
 <frame number="00000957"/>
 <frame number="00000958"/>
 <frame number="00000959"/>
 <frame number="00000960"/>
 <frame number="00000961"/>
 <frame number="00000962"/>
 <frame number="00000963"/>
 <frame number="00000964"/>
 <frame number="00000965"/>
 <frame number="00000966"/>
 <frame number="00000967"/>
 <frame number="00000968"/>
 <frame number="00000969"/>
 <frame number="00000970"/>
 <frame number="00000971"/>
 <frame number="00000972"/>
 <frame number="00000973"/>
 <frame number="00000974"/>
 <frame number="00000975"/>
 <frame number="00000976"/>
 <frame number="00000977"/>
 <frame number="00000978"/>
 <frame number="00000979"/>
 <frame number="00000980"/>
 <frame number="00000981"/>
 <frame number="00000982"/>
 <frame number="00000983"/>
 <frame number="00000984">
  <person id="0003">
   <leftEye x="410" y="178"/>
   <rightEye x="426" y="178"/>
  </person>
 </frame>
 <frame number="00000985">
  <person id="0003">
   <leftEye x="403" y="180"/>
   <rightEye x="419" y="180"/>
  </person>
 </frame>
 <frame number="00000986">
  <person id="0003">
   <leftEye x="397" y="182"/>
   <rightEye x="412" y="182"/>
  </person>
 </frame>
 <frame number="00000987">
  <person id="0003">
   <leftEye x="390" y="184"/>
   <rightEye x="406" y="184"/>
  </person>
 </frame>
 <frame number="00000988">
  <person id="0003">
   <leftEye x="384" y="185"/>
   <rightEye x="400" y="186"/>
  </person>
 </frame>
 <frame number="00000989">
  <person id="0003">
   <leftEye x="378" y="186"/>
   <rightEye x="394" y="186"/>
  </person>
 </frame>
 <frame number="00000990">
  <person id="0003">
   <leftEye x="372" y="185"/>
   <rightEye x="389" y="186"/>
  </person>
 </frame>
 <frame number="00000991">
  <person id="0003">
   <leftEye x="367" y="185"/>
   <rightEye x="383" y="186"/>
  </person>
 </frame>
 <frame number="00000992">
  <person id="0003">
   <leftEye x="362" y="185"/>
   <rightEye x="378" y="186"/>
  </person>
 </frame>
 <frame number="00000993">
  <person id="0003">
   <leftEye x="357" y="185"/>
   <rightEye x="374" y="186"/>
  </person>
 </frame>
 <frame number="00000994">
  <person id="0003">
   <leftEye x="352" y="185"/>
   <rightEye x="369" y="186"/>
  </person>
 </frame>
 <frame number="00000995">
  <person id="0003">
   <leftEye x="348" y="186"/>
   <rightEye x="365" y="187"/>
  </person>
 </frame>
 <frame number="00000996">
  <person id="0003">
   <leftEye x="344" y="188"/>
   <rightEye x="362" y="189"/>
  </person>
 </frame>
 <frame number="00000997">
  <person id="0003">
   <leftEye x="340" y="190"/>
   <rightEye x="358" y="192"/>
  </person>
 </frame>
 <frame number="00000998">
  <person id="0003">
   <leftEye x="336" y="193"/>
   <rightEye x="355" y="195"/>
  </person>
 </frame>
 <frame number="00000999">
  <person id="0003">
   <leftEye x="332" y="196"/>
   <rightEye x="351" y="198"/>
  </person>
 </frame>
 <frame number="00001000">
  <person id="0003">
   <leftEye x="329" y="200"/>
   <rightEye x="348" y="201"/>
  </person>
 </frame>
 <frame number="00001001">
  <person id="0003">
   <leftEye x="326" y="203"/>
   <rightEye x="345" y="204"/>
  </person>
 </frame>
 <frame number="00001002">
  <person id="0003">
   <leftEye x="323" y="205"/>
   <rightEye x="342" y="205"/>
  </person>
 </frame>
 <frame number="00001003">
  <person id="0003">
   <leftEye x="320" y="206"/>
   <rightEye x="339" y="206"/>
  </person>
 </frame>
 <frame number="00001004">
  <person id="0003">
   <leftEye x="317" y="205"/>
   <rightEye x="337" y="206"/>
  </person>
 </frame>
 <frame number="00001005">
  <person id="0003">
   <leftEye x="314" y="204"/>
   <rightEye x="334" y="206"/>
  </person>
 </frame>
 <frame number="00001006">
  <person id="0003">
   <leftEye x="311" y="204"/>
   <rightEye x="331" y="205"/>
  </person>
 </frame>
 <frame number="00001007">
  <person id="0003">
   <leftEye x="307" y="204"/>
   <rightEye x="328" y="205"/>
  </person>
 </frame>
 <frame number="00001008">
  <person id="0003">
   <leftEye x="304" y="204"/>
   <rightEye x="325" y="205"/>
  </person>
 </frame>
 <frame number="00001009">
  <person id="0003">
   <leftEye x="300" y="205"/>
   <rightEye x="322" y="206"/>
  </person>
 </frame>
 <frame number="00001010">
  <person id="0003">
   <leftEye x="296" y="207"/>
   <rightEye x="318" y="208"/>
  </person>
 </frame>
 <frame number="00001011">
  <person id="0003">
   <leftEye x="293" y="209"/>
   <rightEye x="315" y="210"/>
  </person>
 </frame>
 <frame number="00001012">
  <person id="0003">
   <leftEye x="288" y="212"/>
   <rightEye x="311" y="213"/>
  </person>
 </frame>
 <frame number="00001013">
  <person id="0003">
   <leftEye x="284" y="216"/>
   <rightEye x="307" y="216"/>
  </person>
 </frame>
 <frame number="00001014">
  <person id="0003">
   <leftEye x="281" y="221"/>
   <rightEye x="302" y="221"/>
  </person>
 </frame>
 <frame number="00001015">
  <person id="0003">
   <leftEye x="281" y="221"/>
   <rightEye x="303" y="221"/>
  </person>
 </frame>
 <frame number="00001016">
  <person id="0003">
   <leftEye x="276" y="225"/>
   <rightEye x="298" y="225"/>
  </person>
 </frame>
 <frame number="00001017">
  <person id="0003">
   <leftEye x="267" y="233"/>
   <rightEye x="289" y="233"/>
  </person>
 </frame>
 <frame number="00001018">
  <person id="0003">
   <leftEye x="267" y="233"/>
   <rightEye x="289" y="233"/>
  </person>
 </frame>
 <frame number="00001019">
  <person id="0003">
   <leftEye x="259" y="235"/>
   <rightEye x="284" y="235"/>
  </person>
 </frame>
 <frame number="00001020">
  <person id="0003">
   <leftEye x="254" y="236"/>
   <rightEye x="279" y="236"/>
  </person>
 </frame>
 <frame number="00001021">
  <person id="0003">
   <leftEye x="249" y="236"/>
   <rightEye x="275" y="236"/>
  </person>
 </frame>
 <frame number="00001022">
  <person id="0003">
   <leftEye x="244" y="236"/>
   <rightEye x="270" y="236"/>
  </person>
 </frame>
 <frame number="00001023">
  <person id="0003">
   <leftEye x="238" y="237"/>
   <rightEye x="264" y="237"/>
  </person>
 </frame>
 <frame number="00001024">
  <person id="0003">
   <leftEye x="233" y="238"/>
   <rightEye x="259" y="238"/>
  </person>
 </frame>
 <frame number="00001025">
  <person id="0003">
   <leftEye x="228" y="240"/>
   <rightEye x="254" y="240"/>
  </person>
 </frame>
 <frame number="00001026">
  <person id="0003">
   <leftEye x="222" y="244"/>
   <rightEye x="249" y="244"/>
  </person>
 </frame>
 <frame number="00001027">
  <person id="0003">
   <leftEye x="217" y="248"/>
   <rightEye x="245" y="248"/>
  </person>
 </frame>
 <frame number="00001028">
  <person id="0003">
   <leftEye x="213" y="253"/>
   <rightEye x="241" y="253"/>
  </person>
 </frame>
 <frame number="00001029">
  <person id="0003">
   <leftEye x="209" y="259"/>
   <rightEye x="237" y="259"/>
  </person>
 </frame>
 <frame number="00001030">
  <person id="0003">
   <leftEye x="204" y="265"/>
   <rightEye x="233" y="265"/>
  </person>
 </frame>
 <frame number="00001031">
  <person id="0003">
   <leftEye x="199" y="271"/>
   <rightEye x="228" y="271"/>
  </person>
 </frame>
 <frame number="00001032">
  <person id="0003">
   <leftEye x="194" y="278"/>
   <rightEye x="223" y="278"/>
  </person>
 </frame>
 <frame number="00001033">
  <person id="0003">
   <leftEye x="190" y="284"/>
   <rightEye x="219" y="284"/>
  </person>
 </frame>
 <frame number="00001034">
  <person id="0003">
   <leftEye x="185" y="288"/>
   <rightEye x="215" y="288"/>
  </person>
 </frame>
 <frame number="00001035">
  <person id="0003">
   <leftEye x="178" y="290"/>
   <rightEye x="211" y="290"/>
  </person>
 </frame>
 <frame number="00001036">
  <person id="0003">
   <leftEye x="172" y="291"/>
   <rightEye x="205" y="292"/>
  </person>
 </frame>
 <frame number="00001037">
  <person id="0003">
   <leftEye x="166" y="292"/>
   <rightEye x="199" y="293"/>
  </person>
 </frame>
 <frame number="00001038">
  <person id="0003">
   <leftEye x="160" y="294"/>
   <rightEye x="192" y="295"/>
  </person>
 </frame>
 <frame number="00001039">
  <person id="0003">
   <leftEye x="153" y="297"/>
   <rightEye x="185" y="298"/>
  </person>
 </frame>
 <frame number="00001040">
  <person id="0003">
   <leftEye x="144" y="301"/>
   <rightEye x="178" y="302"/>
  </person>
 </frame>
 <frame number="00001041">
  <person id="0003">
   <leftEye x="136" y="307"/>
   <rightEye x="170" y="308"/>
  </person>
 </frame>
 <frame number="00001042">
  <person id="0003">
   <leftEye x="127" y="314"/>
   <rightEye x="163" y="315"/>
  </person>
 </frame>
 <frame number="00001043">
  <person id="0003">
   <leftEye x="118" y="322"/>
   <rightEye x="155" y="323"/>
  </person>
 </frame>
 <frame number="00001044">
  <person id="0003">
   <leftEye x="109" y="330"/>
   <rightEye x="146" y="332"/>
  </person>
 </frame>
 <frame number="00001045">
  <person id="0003">
   <leftEye x="99" y="340"/>
   <rightEye x="136" y="341"/>
  </person>
 </frame>
 <frame number="00001046">
  <person id="0003">
   <leftEye x="88" y="350"/>
   <rightEye x="127" y="351"/>
  </person>
 </frame>
 <frame number="00001047">
  <person id="0003">
   <leftEye x="76" y="361"/>
   <rightEye x="116" y="362"/>
  </person>
 </frame>
 <frame number="00001048">
  <person id="0003">
   <leftEye x="64" y="371"/>
   <rightEye x="105" y="373"/>
  </person>
 </frame>
 <frame number="00001049">
  <person id="0003">
   <leftEye x="52" y="380"/>
   <rightEye x="93" y="383"/>
  </person>
 </frame>
 <frame number="00001050">
  <person id="0003">
   <leftEye x="38" y="387"/>
   <rightEye x="80" y="391"/>
  </person>
 </frame>
 <frame number="00001051">
  <person id="0003">
   <leftEye x="23" y="392"/>
   <rightEye x="67" y="397"/>
  </person>
 </frame>
 <frame number="00001052">
  <person id="0003">
   <leftEye x="9" y="398"/>
   <rightEye x="55" y="402"/>
  </person>
 </frame>
 <frame number="00001053"/>
 <frame number="00001054"/>
 <frame number="00001055"/>
 <frame number="00001056"/>
 <frame number="00001057"/>
 <frame number="00001058"/>
 <frame number="00001059"/>
 <frame number="00001060"/>
 <frame number="00001061"/>
 <frame number="00001062"/>
 <frame number="00001063"/>
 <frame number="00001064"/>
 <frame number="00001065"/>
 <frame number="00001066"/>
 <frame number="00001067"/>
 <frame number="00001068"/>
 <frame number="00001069"/>
 <frame number="00001070"/>
 <frame number="00001071"/>
 <frame number="00001072"/>
 <frame number="00001073"/>
</dataset>
