<!DOCTYPE GroundTruth>
<dataset name="P2E_S4_C1">
 <frame number="00000000"/>
 <frame number="00000001"/>
 <frame number="00000002"/>
 <frame number="00000003"/>
 <frame number="00000004"/>
 <frame number="00000005"/>
 <frame number="00000006"/>
 <frame number="00000007"/>
 <frame number="00000008"/>
 <frame number="00000009"/>
 <frame number="00000010"/>
 <frame number="00000011"/>
 <frame number="00000012"/>
 <frame number="00000013"/>
 <frame number="00000014"/>
 <frame number="00000015"/>
 <frame number="00000016"/>
 <frame number="00000017"/>
 <frame number="00000018"/>
 <frame number="00000019"/>
 <frame number="00000020"/>
 <frame number="00000021"/>
 <frame number="00000022"/>
 <frame number="00000023"/>
 <frame number="00000024"/>
 <frame number="00000025"/>
 <frame number="00000026"/>
 <frame number="00000027"/>
 <frame number="00000028"/>
 <frame number="00000029"/>
 <frame number="00000030"/>
 <frame number="00000031"/>
 <frame number="00000032"/>
 <frame number="00000033"/>
 <frame number="00000034"/>
 <frame number="00000035"/>
 <frame number="00000036"/>
 <frame number="00000037"/>
 <frame number="00000038"/>
 <frame number="00000039"/>
 <frame number="00000040"/>
 <frame number="00000041"/>
 <frame number="00000042"/>
 <frame number="00000043"/>
 <frame number="00000044"/>
 <frame number="00000045"/>
 <frame number="00000046"/>
 <frame number="00000047"/>
 <frame number="00000048"/>
 <frame number="00000049"/>
 <frame number="00000050"/>
 <frame number="00000051"/>
 <frame number="00000052"/>
 <frame number="00000053"/>
 <frame number="00000054"/>
 <frame number="00000055"/>
 <frame number="00000056"/>
 <frame number="00000057"/>
 <frame number="00000058"/>
 <frame number="00000059"/>
 <frame number="00000060"/>
 <frame number="00000061"/>
 <frame number="00000062"/>
 <frame number="00000063"/>
 <frame number="00000064"/>
 <frame number="00000065"/>
 <frame number="00000066"/>
 <frame number="00000067"/>
 <frame number="00000068"/>
 <frame number="00000069"/>
 <frame number="00000070"/>
 <frame number="00000071"/>
 <frame number="00000072"/>
 <frame number="00000073"/>
 <frame number="00000074"/>
 <frame number="00000075"/>
 <frame number="00000076"/>
 <frame number="00000077"/>
 <frame number="00000078"/>
 <frame number="00000079"/>
 <frame number="00000080"/>
 <frame number="00000081"/>
 <frame number="00000082"/>
 <frame number="00000083"/>
 <frame number="00000084"/>
 <frame number="00000085"/>
 <frame number="00000086"/>
 <frame number="00000087"/>
 <frame number="00000088"/>
 <frame number="00000089"/>
 <frame number="00000090"/>
 <frame number="00000091"/>
 <frame number="00000092"/>
 <frame number="00000093"/>
 <frame number="00000094"/>
 <frame number="00000095"/>
 <frame number="00000096"/>
 <frame number="00000097"/>
 <frame number="00000098"/>
 <frame number="00000099"/>
 <frame number="00000192"/>
 <frame number="00000193"/>
 <frame number="00000194"/>
 <frame number="00000195"/>
 <frame number="00000196"/>
 <frame number="00000197"/>
 <frame number="00000198"/>
 <frame number="00000199"/>
 <frame number="00000200"/>
 <frame number="00000201"/>
 <frame number="00000202"/>
 <frame number="00000203"/>
 <frame number="00000204"/>
 <frame number="00000205"/>
 <frame number="00000206"/>
 <frame number="00000207"/>
 <frame number="00000208"/>
 <frame number="00000209"/>
 <frame number="00000210"/>
 <frame number="00000211"/>
 <frame number="00000212"/>
 <frame number="00000213"/>
 <frame number="00000214"/>
 <frame number="00000215"/>
 <frame number="00000216"/>
 <frame number="00000217"/>
 <frame number="00000218"/>
 <frame number="00000219"/>
 <frame number="00000220"/>
 <frame number="00000221"/>
 <frame number="00000222"/>
 <frame number="00000223"/>
 <frame number="00000224"/>
 <frame number="00000225"/>
 <frame number="00000226"/>
 <frame number="00000227"/>
 <frame number="00000228"/>
 <frame number="00000229"/>
 <frame number="00000230"/>
 <frame number="00000231"/>
 <frame number="00000232"/>
 <frame number="00000233"/>
 <frame number="00000234"/>
 <frame number="00000235"/>
 <frame number="00000236"/>
 <frame number="00000237"/>
 <frame number="00000238"/>
 <frame number="00000239"/>
 <frame number="00000240"/>
 <frame number="00000241"/>
 <frame number="00000242"/>
 <frame number="00000243"/>
 <frame number="00000244">
  <person id="0021">
   <leftEye x="529" y="160"/>
   <rightEye x="545" y="160"/>
  </person>
 </frame>
 <frame number="00000245">
  <person id="0021">
   <leftEye x="523" y="161"/>
   <rightEye x="539" y="161"/>
  </person>
 </frame>
 <frame number="00000246">
  <person id="0021">
   <leftEye x="518" y="161"/>
   <rightEye x="534" y="161"/>
  </person>
 </frame>
 <frame number="00000247">
  <person id="0021">
   <leftEye x="513" y="161"/>
   <rightEye x="529" y="161"/>
  </person>
 </frame>
 <frame number="00000248">
  <person id="0021">
   <leftEye x="509" y="160"/>
   <rightEye x="524" y="160"/>
  </person>
 </frame>
 <frame number="00000249">
  <person id="0021">
   <leftEye x="505" y="159"/>
   <rightEye x="521" y="159"/>
  </person>
 </frame>
 <frame number="00000250">
  <person id="0021">
   <leftEye x="502" y="158"/>
   <rightEye x="518" y="158"/>
  </person>
 </frame>
 <frame number="00000251">
  <person id="0021">
   <leftEye x="499" y="157"/>
   <rightEye x="515" y="157"/>
  </person>
 </frame>
 <frame number="00000252">
  <person id="0021">
   <leftEye x="496" y="157"/>
   <rightEye x="513" y="157"/>
  </person>
 </frame>
 <frame number="00000253">
  <person id="0021">
   <leftEye x="494" y="158"/>
   <rightEye x="511" y="158"/>
  </person>
 </frame>
 <frame number="00000254">
  <person id="0021">
   <leftEye x="492" y="160"/>
   <rightEye x="509" y="160"/>
  </person>
 </frame>
 <frame number="00000255">
  <person id="0021">
   <leftEye x="490" y="163"/>
   <rightEye x="508" y="163"/>
  </person>
 </frame>
 <frame number="00000256">
  <person id="0021">
   <leftEye x="490" y="166"/>
   <rightEye x="507" y="166"/>
  </person>
 </frame>
 <frame number="00000257">
  <person id="0021">
   <leftEye x="490" y="166"/>
   <rightEye x="507" y="166"/>
  </person>
 </frame>
 <frame number="00000258">
  <person id="0021">
   <leftEye x="489" y="171"/>
   <rightEye x="506" y="171"/>
  </person>
 </frame>
 <frame number="00000259">
  <person id="0021">
   <leftEye x="489" y="175"/>
   <rightEye x="507" y="175"/>
  </person>
 </frame>
 <frame number="00000260">
  <person id="0021">
   <leftEye x="490" y="179"/>
   <rightEye x="509" y="179"/>
  </person>
 </frame>
 <frame number="00000261">
  <person id="0021">
   <leftEye x="490" y="179"/>
   <rightEye x="509" y="179"/>
  </person>
 </frame>
 <frame number="00000262">
  <person id="0021">
   <leftEye x="491" y="178"/>
   <rightEye x="509" y="178"/>
  </person>
 </frame>
 <frame number="00000263">
  <person id="0021">
   <leftEye x="492" y="178"/>
   <rightEye x="511" y="178"/>
  </person>
 </frame>
 <frame number="00000264">
  <person id="0021">
   <leftEye x="493" y="177"/>
   <rightEye x="512" y="178"/>
  </person>
 </frame>
 <frame number="00000265">
  <person id="0021">
   <leftEye x="493" y="174"/>
   <rightEye x="512" y="175"/>
  </person>
 </frame>
 <frame number="00000266">
  <person id="0021">
   <leftEye x="492" y="172"/>
   <rightEye x="512" y="173"/>
  </person>
 </frame>
 <frame number="00000267">
  <person id="0021">
   <leftEye x="492" y="170"/>
   <rightEye x="512" y="171"/>
  </person>
 </frame>
 <frame number="00000268">
  <person id="0021">
   <leftEye x="491" y="169"/>
   <rightEye x="512" y="170"/>
  </person>
 </frame>
 <frame number="00000269">
  <person id="0021">
   <leftEye x="490" y="169"/>
   <rightEye x="512" y="170"/>
  </person>
 </frame>
 <frame number="00000270">
  <person id="0021">
   <leftEye x="489" y="171"/>
   <rightEye x="511" y="172"/>
  </person>
 </frame>
 <frame number="00000271">
  <person id="0021">
   <leftEye x="488" y="174"/>
   <rightEye x="510" y="175"/>
  </person>
 </frame>
 <frame number="00000272">
  <person id="0021">
   <leftEye x="487" y="179"/>
   <rightEye x="509" y="179"/>
  </person>
 </frame>
 <frame number="00000273">
  <person id="0021">
   <leftEye x="486" y="185"/>
   <rightEye x="508" y="185"/>
  </person>
 </frame>
 <frame number="00000274">
  <person id="0021">
   <leftEye x="485" y="190"/>
   <rightEye x="507" y="190"/>
  </person>
 </frame>
 <frame number="00000275">
  <person id="0021">
   <leftEye x="483" y="195"/>
   <rightEye x="506" y="195"/>
  </person>
 </frame>
 <frame number="00000276">
  <person id="0021">
   <leftEye x="481" y="199"/>
   <rightEye x="505" y="199"/>
  </person>
 </frame>
 <frame number="00000277">
  <person id="0021">
   <leftEye x="479" y="202"/>
   <rightEye x="503" y="202"/>
  </person>
 </frame>
 <frame number="00000278">
  <person id="0021">
   <leftEye x="477" y="203"/>
   <rightEye x="501" y="203"/>
  </person>
 </frame>
 <frame number="00000279">
  <person id="0021">
   <leftEye x="475" y="204"/>
   <rightEye x="500" y="204"/>
  </person>
 </frame>
 <frame number="00000280">
  <person id="0021">
   <leftEye x="473" y="205"/>
   <rightEye x="501" y="205"/>
  </person>
 </frame>
 <frame number="00000281">
  <person id="0021">
   <leftEye x="473" y="204"/>
   <rightEye x="502" y="204"/>
  </person>
 </frame>
 <frame number="00000282">
  <person id="0021">
   <leftEye x="475" y="204"/>
   <rightEye x="503" y="204"/>
  </person>
 </frame>
 <frame number="00000283">
  <person id="0021">
   <leftEye x="476" y="204"/>
   <rightEye x="505" y="204"/>
  </person>
 </frame>
 <frame number="00000284">
  <person id="0021">
   <leftEye x="478" y="205"/>
   <rightEye x="507" y="205"/>
  </person>
 </frame>
 <frame number="00000285">
  <person id="0021">
   <leftEye x="481" y="208"/>
   <rightEye x="510" y="208"/>
  </person>
 </frame>
 <frame number="00000286">
  <person id="0021">
   <leftEye x="484" y="212"/>
   <rightEye x="513" y="212"/>
  </person>
 </frame>
 <frame number="00000287">
  <person id="0021">
   <leftEye x="487" y="219"/>
   <rightEye x="517" y="219"/>
  </person>
 </frame>
 <frame number="00000288">
  <person id="0021">
   <leftEye x="490" y="227"/>
   <rightEye x="521" y="227"/>
  </person>
 </frame>
 <frame number="00000289">
  <person id="0021">
   <leftEye x="494" y="236"/>
   <rightEye x="525" y="236"/>
  </person>
 </frame>
 <frame number="00000290">
  <person id="0021">
   <leftEye x="498" y="245"/>
   <rightEye x="531" y="246"/>
  </person>
 </frame>
 <frame number="00000291">
  <person id="0021">
   <leftEye x="504" y="252"/>
   <rightEye x="538" y="254"/>
  </person>
 </frame>
 <frame number="00000292">
  <person id="0021">
   <leftEye x="510" y="257"/>
   <rightEye x="545" y="259"/>
  </person>
 </frame>
 <frame number="00000293">
  <person id="0021">
   <leftEye x="517" y="261"/>
   <rightEye x="553" y="263"/>
  </person>
 </frame>
 <frame number="00000294">
  <person id="0021">
   <leftEye x="523" y="264"/>
   <rightEye x="561" y="266"/>
  </person>
 </frame>
 <frame number="00000295">
  <person id="0021">
   <leftEye x="529" y="266"/>
   <rightEye x="568" y="268"/>
  </person>
 </frame>
 <frame number="00000296">
  <person id="0021">
   <leftEye x="534" y="267"/>
   <rightEye x="574" y="269"/>
  </person>
 </frame>
 <frame number="00000297">
  <person id="0021">
   <leftEye x="538" y="266"/>
   <rightEye x="579" y="269"/>
  </person>
 </frame>
 <frame number="00000298">
  <person id="0021">
   <leftEye x="542" y="266"/>
   <rightEye x="584" y="269"/>
  </person>
 </frame>
 <frame number="00000299">
  <person id="0021">
   <leftEye x="545" y="267"/>
   <rightEye x="588" y="270"/>
  </person>
 </frame>
 <frame number="00000300">
  <person id="0021">
   <leftEye x="548" y="271"/>
   <rightEye x="593" y="273"/>
  </person>
 </frame>
 <frame number="00000301">
  <person id="0021">
   <leftEye x="551" y="278"/>
   <rightEye x="598" y="280"/>
  </person>
 </frame>
 <frame number="00000302">
  <person id="0021">
   <leftEye x="554" y="289"/>
   <rightEye x="603" y="290"/>
  </person>
 </frame>
 <frame number="00000303">
  <person id="0021">
   <leftEye x="558" y="303"/>
   <rightEye x="608" y="304"/>
  </person>
 </frame>
 <frame number="00000304">
  <person id="0021">
   <leftEye x="561" y="321"/>
   <rightEye x="612" y="322"/>
  </person>
 </frame>
 <frame number="00000305">
  <person id="0021">
   <leftEye x="564" y="342"/>
   <rightEye x="618" y="342"/>
  </person>
 </frame>
 <frame number="00000306">
  <person id="0021">
   <leftEye x="567" y="362"/>
   <rightEye x="623" y="362"/>
  </person>
 </frame>
 <frame number="00000307">
  <person id="0021">
   <leftEye x="570" y="382"/>
   <rightEye x="628" y="382"/>
  </person>
 </frame>
 <frame number="00000308">
  <person id="0021">
   <leftEye x="573" y="400"/>
   <rightEye x="633" y="400"/>
  </person>
 </frame>
 <frame number="00000309">
  <person id="0021">
   <leftEye x="577" y="417"/>
   <rightEye x="641" y="416"/>
  </person>
 </frame>
 <frame number="00000310">
  <person id="0021">
   <leftEye x="582" y="433"/>
   <rightEye x="650" y="432"/>
  </person>
 </frame>
 <frame number="00000311">
  <person id="0021">
   <leftEye x="589" y="447"/>
   <rightEye x="661" y="446"/>
  </person>
 </frame>
 <frame number="00000312">
  <person id="0021">
   <leftEye x="598" y="461"/>
   <rightEye x="675" y="460"/>
  </person>
 </frame>
 <frame number="00000313">
  <person id="0021">
   <leftEye x="610" y="476"/>
   <rightEye x="690" y="473"/>
  </person>
 </frame>
 <frame number="00000314"/>
 <frame number="00000315"/>
 <frame number="00000316"/>
 <frame number="00000317"/>
 <frame number="00000318"/>
 <frame number="00000319"/>
 <frame number="00000320"/>
 <frame number="00000321"/>
 <frame number="00000322"/>
 <frame number="00000323"/>
 <frame number="00000432"/>
 <frame number="00000433"/>
 <frame number="00000434"/>
 <frame number="00000435"/>
 <frame number="00000436"/>
 <frame number="00000437"/>
 <frame number="00000438"/>
 <frame number="00000439"/>
 <frame number="00000440"/>
 <frame number="00000441"/>
 <frame number="00000442"/>
 <frame number="00000443"/>
 <frame number="00000444"/>
 <frame number="00000445"/>
 <frame number="00000446"/>
 <frame number="00000447"/>
 <frame number="00000448"/>
 <frame number="00000449"/>
 <frame number="00000450"/>
 <frame number="00000451"/>
 <frame number="00000452"/>
 <frame number="00000453"/>
 <frame number="00000454"/>
 <frame number="00000455"/>
 <frame number="00000456"/>
 <frame number="00000457"/>
 <frame number="00000458"/>
 <frame number="00000459"/>
 <frame number="00000460"/>
 <frame number="00000461"/>
 <frame number="00000462"/>
 <frame number="00000463"/>
 <frame number="00000464"/>
 <frame number="00000465"/>
 <frame number="00000466"/>
 <frame number="00000467"/>
 <frame number="00000468"/>
 <frame number="00000469"/>
 <frame number="00000470"/>
 <frame number="00000471"/>
 <frame number="00000472"/>
 <frame number="00000473"/>
 <frame number="00000474"/>
 <frame number="00000475"/>
 <frame number="00000476"/>
 <frame number="00000477"/>
 <frame number="00000478"/>
 <frame number="00000479"/>
 <frame number="00000480"/>
 <frame number="00000481"/>
 <frame number="00000482"/>
 <frame number="00000483"/>
 <frame number="00000484"/>
 <frame number="00000485"/>
 <frame number="00000486"/>
 <frame number="00000487"/>
 <frame number="00000488"/>
 <frame number="00000489"/>
 <frame number="00000490"/>
 <frame number="00000491"/>
 <frame number="00000492"/>
 <frame number="00000493"/>
 <frame number="00000494"/>
 <frame number="00000495"/>
 <frame number="00000496">
  <person id="0022">
   <leftEye x="498" y="180"/>
   <rightEye x="514" y="180"/>
  </person>
 </frame>
 <frame number="00000497">
  <person id="0022">
   <leftEye x="496" y="179"/>
   <rightEye x="512" y="179"/>
  </person>
 </frame>
 <frame number="00000498">
  <person id="0022">
   <leftEye x="494" y="178"/>
   <rightEye x="510" y="178"/>
  </person>
 </frame>
 <frame number="00000499">
  <person id="0022">
   <leftEye x="492" y="178"/>
   <rightEye x="508" y="178"/>
  </person>
 </frame>
 <frame number="00000500">
  <person id="0022">
   <leftEye x="491" y="178"/>
   <rightEye x="506" y="178"/>
  </person>
 </frame>
 <frame number="00000501">
  <person id="0022">
   <leftEye x="489" y="178"/>
   <rightEye x="504" y="178"/>
  </person>
 </frame>
 <frame number="00000502">
  <person id="0022">
   <leftEye x="487" y="178"/>
   <rightEye x="502" y="178"/>
  </person>
 </frame>
 <frame number="00000503">
  <person id="0022">
   <leftEye x="485" y="179"/>
   <rightEye x="501" y="179"/>
  </person>
 </frame>
 <frame number="00000504">
  <person id="0022">
   <leftEye x="483" y="180"/>
   <rightEye x="500" y="180"/>
  </person>
 </frame>
 <frame number="00000505">
  <person id="0022">
   <leftEye x="482" y="181"/>
   <rightEye x="500" y="181"/>
  </person>
 </frame>
 <frame number="00000506">
  <person id="0022">
   <leftEye x="481" y="183"/>
   <rightEye x="499" y="183"/>
  </person>
 </frame>
 <frame number="00000507">
  <person id="0022">
   <leftEye x="480" y="186"/>
   <rightEye x="498" y="186"/>
  </person>
 </frame>
 <frame number="00000508">
  <person id="0022">
   <leftEye x="478" y="189"/>
   <rightEye x="497" y="189"/>
  </person>
 </frame>
 <frame number="00000509">
  <person id="0022">
   <leftEye x="477" y="192"/>
   <rightEye x="496" y="192"/>
  </person>
 </frame>
 <frame number="00000510">
  <person id="0022">
   <leftEye x="475" y="194"/>
   <rightEye x="495" y="194"/>
  </person>
 </frame>
 <frame number="00000511">
  <person id="0022">
   <leftEye x="473" y="196"/>
   <rightEye x="493" y="196"/>
  </person>
 </frame>
 <frame number="00000512">
  <person id="0022">
   <leftEye x="471" y="196"/>
   <rightEye x="491" y="196"/>
  </person>
 </frame>
 <frame number="00000513">
  <person id="0022">
   <leftEye x="470" y="197"/>
   <rightEye x="490" y="196"/>
  </person>
 </frame>
 <frame number="00000514">
  <person id="0022">
   <leftEye x="469" y="197"/>
   <rightEye x="489" y="195"/>
  </person>
 </frame>
 <frame number="00000515">
  <person id="0022">
   <leftEye x="469" y="196"/>
   <rightEye x="489" y="194"/>
  </person>
 </frame>
 <frame number="00000516">
  <person id="0022">
   <leftEye x="469" y="195"/>
   <rightEye x="490" y="193"/>
  </person>
 </frame>
 <frame number="00000517">
  <person id="0022">
   <leftEye x="470" y="195"/>
   <rightEye x="492" y="193"/>
  </person>
 </frame>
 <frame number="00000518">
  <person id="0022">
   <leftEye x="472" y="195"/>
   <rightEye x="493" y="193"/>
  </person>
 </frame>
 <frame number="00000519">
  <person id="0022">
   <leftEye x="473" y="196"/>
   <rightEye x="495" y="194"/>
  </person>
 </frame>
 <frame number="00000520">
  <person id="0022">
   <leftEye x="475" y="198"/>
   <rightEye x="497" y="197"/>
  </person>
 </frame>
 <frame number="00000521">
  <person id="0022">
   <leftEye x="477" y="201"/>
   <rightEye x="499" y="201"/>
  </person>
 </frame>
 <frame number="00000522">
  <person id="0022">
   <leftEye x="479" y="205"/>
   <rightEye x="501" y="206"/>
  </person>
 </frame>
 <frame number="00000523">
  <person id="0022">
   <leftEye x="481" y="209"/>
   <rightEye x="504" y="211"/>
  </person>
 </frame>
 <frame number="00000524">
  <person id="0022">
   <leftEye x="484" y="214"/>
   <rightEye x="507" y="216"/>
  </person>
 </frame>
 <frame number="00000525">
  <person id="0022">
   <leftEye x="487" y="218"/>
   <rightEye x="511" y="220"/>
  </person>
 </frame>
 <frame number="00000526">
  <person id="0022">
   <leftEye x="491" y="221"/>
   <rightEye x="515" y="224"/>
  </person>
 </frame>
 <frame number="00000527">
  <person id="0022">
   <leftEye x="495" y="224"/>
   <rightEye x="520" y="226"/>
  </person>
 </frame>
 <frame number="00000528">
  <person id="0022">
   <leftEye x="499" y="226"/>
   <rightEye x="525" y="227"/>
  </person>
 </frame>
 <frame number="00000529">
  <person id="0022">
   <leftEye x="503" y="227"/>
   <rightEye x="529" y="228"/>
  </person>
 </frame>
 <frame number="00000530">
  <person id="0022">
   <leftEye x="507" y="227"/>
   <rightEye x="533" y="228"/>
  </person>
 </frame>
 <frame number="00000531">
  <person id="0022">
   <leftEye x="509" y="227"/>
   <rightEye x="537" y="228"/>
  </person>
 </frame>
 <frame number="00000532">
  <person id="0022">
   <leftEye x="511" y="228"/>
   <rightEye x="540" y="229"/>
  </person>
 </frame>
 <frame number="00000533">
  <person id="0022">
   <leftEye x="513" y="229"/>
   <rightEye x="543" y="231"/>
  </person>
 </frame>
 <frame number="00000534">
  <person id="0022">
   <leftEye x="515" y="232"/>
   <rightEye x="546" y="234"/>
  </person>
 </frame>
 <frame number="00000535">
  <person id="0022">
   <leftEye x="518" y="237"/>
   <rightEye x="549" y="239"/>
  </person>
 </frame>
 <frame number="00000536">
  <person id="0022">
   <leftEye x="521" y="244"/>
   <rightEye x="552" y="245"/>
  </person>
 </frame>
 <frame number="00000537">
  <person id="0022">
   <leftEye x="523" y="253"/>
   <rightEye x="555" y="254"/>
  </person>
 </frame>
 <frame number="00000538">
  <person id="0022">
   <leftEye x="525" y="263"/>
   <rightEye x="557" y="264"/>
  </person>
 </frame>
 <frame number="00000539">
  <person id="0022">
   <leftEye x="527" y="273"/>
   <rightEye x="559" y="274"/>
  </person>
 </frame>
 <frame number="00000540">
  <person id="0022">
   <leftEye x="527" y="282"/>
   <rightEye x="560" y="283"/>
  </person>
 </frame>
 <frame number="00000541">
  <person id="0022">
   <leftEye x="527" y="289"/>
   <rightEye x="561" y="290"/>
  </person>
 </frame>
 <frame number="00000542">
  <person id="0022">
   <leftEye x="527" y="294"/>
   <rightEye x="562" y="295"/>
  </person>
 </frame>
 <frame number="00000543">
  <person id="0022">
   <leftEye x="527" y="298"/>
   <rightEye x="563" y="299"/>
  </person>
 </frame>
 <frame number="00000544">
  <person id="0022">
   <leftEye x="527" y="302"/>
   <rightEye x="564" y="302"/>
  </person>
 </frame>
 <frame number="00000545">
  <person id="0022">
   <leftEye x="527" y="305"/>
   <rightEye x="565" y="305"/>
  </person>
 </frame>
 <frame number="00000546">
  <person id="0022">
   <leftEye x="528" y="308"/>
   <rightEye x="567" y="307"/>
  </person>
 </frame>
 <frame number="00000547">
  <person id="0022">
   <leftEye x="530" y="312"/>
   <rightEye x="570" y="310"/>
  </person>
 </frame>
 <frame number="00000548">
  <person id="0022">
   <leftEye x="533" y="317"/>
   <rightEye x="574" y="314"/>
  </person>
 </frame>
 <frame number="00000549">
  <person id="0022">
   <leftEye x="536" y="322"/>
   <rightEye x="579" y="320"/>
  </person>
 </frame>
 <frame number="00000550">
  <person id="0022">
   <leftEye x="539" y="330"/>
   <rightEye x="584" y="328"/>
  </person>
 </frame>
 <frame number="00000551">
  <person id="0022">
   <leftEye x="543" y="340"/>
   <rightEye x="590" y="339"/>
  </person>
 </frame>
 <frame number="00000552">
  <person id="0022">
   <leftEye x="548" y="354"/>
   <rightEye x="596" y="353"/>
  </person>
 </frame>
 <frame number="00000553">
  <person id="0022">
   <leftEye x="553" y="371"/>
   <rightEye x="603" y="371"/>
  </person>
 </frame>
 <frame number="00000554">
  <person id="0022">
   <leftEye x="559" y="391"/>
   <rightEye x="610" y="391"/>
  </person>
 </frame>
 <frame number="00000555">
  <person id="0022">
   <leftEye x="566" y="414"/>
   <rightEye x="618" y="413"/>
  </person>
 </frame>
 <frame number="00000556">
  <person id="0022">
   <leftEye x="574" y="437"/>
   <rightEye x="628" y="436"/>
  </person>
 </frame>
 <frame number="00000557">
  <person id="0022">
   <leftEye x="584" y="459"/>
   <rightEye x="640" y="457"/>
  </person>
 </frame>
 <frame number="00000558">
  <person id="0022">
   <leftEye x="596" y="478"/>
   <rightEye x="654" y="476"/>
  </person>
 </frame>
 <frame number="00000559">
  <person id="0022">
   <leftEye x="609" y="495"/>
   <rightEye x="669" y="493"/>
  </person>
 </frame>
 <frame number="00000560"/>
 <frame number="00000561"/>
 <frame number="00000562"/>
 <frame number="00000563"/>
 <frame number="00000564"/>
 <frame number="00000565"/>
 <frame number="00000566"/>
 <frame number="00000567"/>
 <frame number="00000568"/>
 <frame number="00000569"/>
 <frame number="00000570"/>
 <frame number="00000571"/>
 <frame number="00000572"/>
 <frame number="00000633"/>
 <frame number="00000634"/>
 <frame number="00000635"/>
 <frame number="00000636"/>
 <frame number="00000637"/>
 <frame number="00000638"/>
 <frame number="00000639"/>
 <frame number="00000640"/>
 <frame number="00000641"/>
 <frame number="00000642"/>
 <frame number="00000643"/>
 <frame number="00000644"/>
 <frame number="00000645"/>
 <frame number="00000646"/>
 <frame number="00000647"/>
 <frame number="00000648"/>
 <frame number="00000649"/>
 <frame number="00000650"/>
 <frame number="00000651"/>
 <frame number="00000652"/>
 <frame number="00000653"/>
 <frame number="00000654"/>
 <frame number="00000655"/>
 <frame number="00000656"/>
 <frame number="00000657"/>
 <frame number="00000658"/>
 <frame number="00000659"/>
 <frame number="00000660"/>
 <frame number="00000661"/>
 <frame number="00000662"/>
 <frame number="00000663"/>
 <frame number="00000664"/>
 <frame number="00000665"/>
 <frame number="00000666"/>
 <frame number="00000667"/>
 <frame number="00000668"/>
 <frame number="00000669"/>
 <frame number="00000670"/>
 <frame number="00000671"/>
 <frame number="00000672"/>
 <frame number="00000673"/>
 <frame number="00000674"/>
 <frame number="00000675"/>
 <frame number="00000676"/>
 <frame number="00000677"/>
 <frame number="00000678"/>
 <frame number="00000679"/>
 <frame number="00000680"/>
 <frame number="00000681"/>
 <frame number="00000682"/>
 <frame number="00000683"/>
 <frame number="00000684"/>
 <frame number="00000685"/>
 <frame number="00000686"/>
 <frame number="00000687"/>
 <frame number="00000688"/>
 <frame number="00000689"/>
 <frame number="00000690"/>
 <frame number="00000691"/>
 <frame number="00000692">
  <person id="0002">
   <leftEye x="521" y="167"/>
   <rightEye x="537" y="168"/>
  </person>
 </frame>
 <frame number="00000693">
  <person id="0002">
   <leftEye x="517" y="166"/>
   <rightEye x="533" y="167"/>
  </person>
 </frame>
 <frame number="00000694">
  <person id="0002">
   <leftEye x="514" y="165"/>
   <rightEye x="530" y="166"/>
  </person>
 </frame>
 <frame number="00000695">
  <person id="0002">
   <leftEye x="511" y="164"/>
   <rightEye x="527" y="165"/>
  </person>
 </frame>
 <frame number="00000696">
  <person id="0002">
   <leftEye x="508" y="162"/>
   <rightEye x="525" y="163"/>
  </person>
 </frame>
 <frame number="00000697">
  <person id="0002">
   <leftEye x="506" y="161"/>
   <rightEye x="523" y="162"/>
  </person>
 </frame>
 <frame number="00000698">
  <person id="0002">
   <leftEye x="504" y="161"/>
   <rightEye x="521" y="161"/>
  </person>
 </frame>
 <frame number="00000699">
  <person id="0002">
   <leftEye x="503" y="161"/>
   <rightEye x="521" y="161"/>
  </person>
 </frame>
 <frame number="00000700">
  <person id="0002">
   <leftEye x="503" y="162"/>
   <rightEye x="521" y="162"/>
  </person>
 </frame>
 <frame number="00000701">
  <person id="0002">
   <leftEye x="502" y="165"/>
   <rightEye x="521" y="165"/>
  </person>
 </frame>
 <frame number="00000702">
  <person id="0002">
   <leftEye x="502" y="168"/>
   <rightEye x="521" y="168"/>
  </person>
 </frame>
 <frame number="00000703">
  <person id="0002">
   <leftEye x="503" y="171"/>
   <rightEye x="522" y="171"/>
  </person>
 </frame>
 <frame number="00000704">
  <person id="0002">
   <leftEye x="503" y="174"/>
   <rightEye x="523" y="174"/>
  </person>
 </frame>
 <frame number="00000705">
  <person id="0002">
   <leftEye x="504" y="177"/>
   <rightEye x="524" y="177"/>
  </person>
 </frame>
 <frame number="00000706">
  <person id="0002">
   <leftEye x="506" y="179"/>
   <rightEye x="526" y="179"/>
  </person>
 </frame>
 <frame number="00000707">
  <person id="0002">
   <leftEye x="508" y="181"/>
   <rightEye x="528" y="181"/>
  </person>
 </frame>
 <frame number="00000708">
  <person id="0002">
   <leftEye x="511" y="182"/>
   <rightEye x="531" y="182"/>
  </person>
 </frame>
 <frame number="00000709">
  <person id="0002">
   <leftEye x="514" y="183"/>
   <rightEye x="535" y="183"/>
  </person>
 </frame>
 <frame number="00000710">
  <person id="0002">
   <leftEye x="517" y="183"/>
   <rightEye x="539" y="183"/>
  </person>
 </frame>
 <frame number="00000711">
  <person id="0002">
   <leftEye x="521" y="182"/>
   <rightEye x="543" y="182"/>
  </person>
 </frame>
 <frame number="00000712">
  <person id="0002">
   <leftEye x="525" y="181"/>
   <rightEye x="547" y="181"/>
  </person>
 </frame>
 <frame number="00000713">
  <person id="0002">
   <leftEye x="528" y="180"/>
   <rightEye x="551" y="180"/>
  </person>
 </frame>
 <frame number="00000714">
  <person id="0002">
   <leftEye x="531" y="179"/>
   <rightEye x="554" y="180"/>
  </person>
 </frame>
 <frame number="00000715">
  <person id="0002">
   <leftEye x="534" y="178"/>
   <rightEye x="557" y="180"/>
  </person>
 </frame>
 <frame number="00000716">
  <person id="0002">
   <leftEye x="536" y="179"/>
   <rightEye x="560" y="180"/>
  </person>
 </frame>
 <frame number="00000717">
  <person id="0002">
   <leftEye x="538" y="181"/>
   <rightEye x="562" y="182"/>
  </person>
 </frame>
 <frame number="00000718">
  <person id="0002">
   <leftEye x="540" y="184"/>
   <rightEye x="566" y="185"/>
  </person>
 </frame>
 <frame number="00000719">
  <person id="0002">
   <leftEye x="540" y="184"/>
   <rightEye x="566" y="185"/>
  </person>
 </frame>
 <frame number="00000720">
  <person id="0002">
   <leftEye x="543" y="194"/>
   <rightEye x="569" y="194"/>
  </person>
 </frame>
 <frame number="00000721">
  <person id="0002">
   <leftEye x="546" y="200"/>
   <rightEye x="571" y="200"/>
  </person>
 </frame>
 <frame number="00000722">
  <person id="0002">
   <leftEye x="546" y="200"/>
   <rightEye x="571" y="200"/>
  </person>
 </frame>
 <frame number="00000723">
  <person id="0002">
   <leftEye x="547" y="206"/>
   <rightEye x="573" y="206"/>
  </person>
 </frame>
 <frame number="00000724">
  <person id="0002">
   <leftEye x="548" y="210"/>
   <rightEye x="575" y="210"/>
  </person>
 </frame>
 <frame number="00000725">
  <person id="0002">
   <leftEye x="550" y="213"/>
   <rightEye x="578" y="213"/>
  </person>
 </frame>
 <frame number="00000726">
  <person id="0002">
   <leftEye x="552" y="215"/>
   <rightEye x="580" y="215"/>
  </person>
 </frame>
 <frame number="00000727">
  <person id="0002">
   <leftEye x="553" y="215"/>
   <rightEye x="582" y="215"/>
  </person>
 </frame>
 <frame number="00000728">
  <person id="0002">
   <leftEye x="554" y="215"/>
   <rightEye x="584" y="215"/>
  </person>
 </frame>
 <frame number="00000729">
  <person id="0002">
   <leftEye x="555" y="214"/>
   <rightEye x="587" y="214"/>
  </person>
 </frame>
 <frame number="00000730">
  <person id="0002">
   <leftEye x="558" y="213"/>
   <rightEye x="590" y="213"/>
  </person>
 </frame>
 <frame number="00000731">
  <person id="0002">
   <leftEye x="562" y="213"/>
   <rightEye x="594" y="213"/>
  </person>
 </frame>
 <frame number="00000732">
  <person id="0002">
   <leftEye x="565" y="216"/>
   <rightEye x="598" y="216"/>
  </person>
 </frame>
 <frame number="00000733">
  <person id="0002">
   <leftEye x="568" y="220"/>
   <rightEye x="602" y="220"/>
  </person>
 </frame>
 <frame number="00000734">
  <person id="0002">
   <leftEye x="572" y="226"/>
   <rightEye x="606" y="226"/>
  </person>
 </frame>
 <frame number="00000735">
  <person id="0002">
   <leftEye x="576" y="233"/>
   <rightEye x="611" y="233"/>
  </person>
 </frame>
 <frame number="00000736">
  <person id="0002">
   <leftEye x="580" y="242"/>
   <rightEye x="616" y="243"/>
  </person>
 </frame>
 <frame number="00000737">
  <person id="0002">
   <leftEye x="585" y="252"/>
   <rightEye x="621" y="254"/>
  </person>
 </frame>
 <frame number="00000738">
  <person id="0002">
   <leftEye x="590" y="263"/>
   <rightEye x="628" y="264"/>
  </person>
 </frame>
 <frame number="00000739">
  <person id="0002">
   <leftEye x="597" y="273"/>
   <rightEye x="636" y="274"/>
  </person>
 </frame>
 <frame number="00000740">
  <person id="0002">
   <leftEye x="605" y="282"/>
   <rightEye x="645" y="283"/>
  </person>
 </frame>
 <frame number="00000741">
  <person id="0002">
   <leftEye x="613" y="289"/>
   <rightEye x="655" y="290"/>
  </person>
 </frame>
 <frame number="00000742">
  <person id="0002">
   <leftEye x="622" y="294"/>
   <rightEye x="666" y="295"/>
  </person>
 </frame>
 <frame number="00000743">
  <person id="0002">
   <leftEye x="632" y="298"/>
   <rightEye x="677" y="299"/>
  </person>
 </frame>
 <frame number="00000744">
  <person id="0002">
   <leftEye x="641" y="300"/>
   <rightEye x="687" y="302"/>
  </person>
 </frame>
 <frame number="00000745">
  <person id="0002">
   <leftEye x="650" y="302"/>
   <rightEye x="698" y="304"/>
  </person>
 </frame>
 <frame number="00000746">
  <person id="0002">
   <leftEye x="659" y="305"/>
   <rightEye x="709" y="307"/>
  </person>
 </frame>
 <frame number="00000747">
  <person id="0002">
   <leftEye x="667" y="311"/>
   <rightEye x="720" y="312"/>
  </person>
 </frame>
 <frame number="00000748">
  <person id="0002">
   <leftEye x="676" y="321"/>
   <rightEye x="731" y="322"/>
  </person>
 </frame>
 <frame number="00000749">
  <person id="0002">
   <leftEye x="685" y="336"/>
   <rightEye x="742" y="336"/>
  </person>
 </frame>
 <frame number="00000750">
  <person id="0002">
   <leftEye x="695" y="355"/>
   <rightEye x="754" y="356"/>
  </person>
 </frame>
 <frame number="00000751">
  <person id="0002">
   <leftEye x="705" y="379"/>
   <rightEye x="766" y="380"/>
  </person>
 </frame>
 <frame number="00000752">
  <person id="0002">
   <leftEye x="715" y="408"/>
   <rightEye x="779" y="409"/>
  </person>
 </frame>
 <frame number="00000753">
  <person id="0002">
   <leftEye x="728" y="441"/>
   <rightEye x="791" y="441"/>
  </person>
 </frame>
 <frame number="00000754"/>
 <frame number="00000755"/>
 <frame number="00000756"/>
 <frame number="00000757"/>
 <frame number="00000758"/>
 <frame number="00000759"/>
 <frame number="00000760"/>
 <frame number="00000761"/>
 <frame number="00000762"/>
 <frame number="00000763"/>
 <frame number="00000764"/>
 <frame number="00000818"/>
 <frame number="00000819"/>
 <frame number="00000820"/>
 <frame number="00000821"/>
 <frame number="00000822"/>
 <frame number="00000823"/>
 <frame number="00000824"/>
 <frame number="00000825"/>
 <frame number="00000826"/>
 <frame number="00000827"/>
 <frame number="00000828"/>
 <frame number="00000829"/>
 <frame number="00000830"/>
 <frame number="00000831"/>
 <frame number="00000832"/>
 <frame number="00000833"/>
 <frame number="00000834"/>
 <frame number="00000835"/>
 <frame number="00000836"/>
 <frame number="00000837"/>
 <frame number="00000838"/>
 <frame number="00000839"/>
 <frame number="00000840"/>
 <frame number="00000841"/>
 <frame number="00000842"/>
 <frame number="00000843"/>
 <frame number="00000844"/>
 <frame number="00000845"/>
 <frame number="00000846"/>
 <frame number="00000847"/>
 <frame number="00000848"/>
 <frame number="00000849"/>
 <frame number="00000850"/>
 <frame number="00000851"/>
 <frame number="00000852"/>
 <frame number="00000853"/>
 <frame number="00000854"/>
 <frame number="00000855"/>
 <frame number="00000856"/>
 <frame number="00000857"/>
 <frame number="00000858"/>
 <frame number="00000859"/>
 <frame number="00000860"/>
 <frame number="00000861"/>
 <frame number="00000862"/>
 <frame number="00000863"/>
 <frame number="00000864"/>
 <frame number="00000865"/>
 <frame number="00000866"/>
 <frame number="00000867"/>
 <frame number="00000868"/>
 <frame number="00000869"/>
 <frame number="00000870"/>
 <frame number="00000871"/>
 <frame number="00000872"/>
 <frame number="00000873"/>
 <frame number="00000874"/>
 <frame number="00000875"/>
 <frame number="00000876"/>
 <frame number="00000877"/>
 <frame number="00000878"/>
 <frame number="00000879"/>
 <frame number="00000880"/>
 <frame number="00000881"/>
 <frame number="00000882"/>
 <frame number="00000883"/>
 <frame number="00000884"/>
 <frame number="00000885"/>
 <frame number="00000886"/>
 <frame number="00000887"/>
 <frame number="00000888"/>
 <frame number="00000889"/>
 <frame number="00000890"/>
 <frame number="00000891"/>
 <frame number="00000892"/>
 <frame number="00000893"/>
 <frame number="00000894"/>
 <frame number="00000895"/>
 <frame number="00000896"/>
 <frame number="00000897"/>
 <frame number="00000898"/>
 <frame number="00000899">
  <person id="0015">
   <leftEye x="544" y="157"/>
   <rightEye x="560" y="157"/>
  </person>
 </frame>
 <frame number="00000900">
  <person id="0015">
   <leftEye x="544" y="161"/>
   <rightEye x="560" y="161"/>
  </person>
 </frame>
 <frame number="00000901">
  <person id="0015">
   <leftEye x="543" y="165"/>
   <rightEye x="560" y="165"/>
  </person>
 </frame>
 <frame number="00000902">
  <person id="0015">
   <leftEye x="543" y="168"/>
   <rightEye x="560" y="168"/>
  </person>
 </frame>
 <frame number="00000903">
  <person id="0015">
   <leftEye x="543" y="171"/>
   <rightEye x="560" y="171"/>
  </person>
 </frame>
 <frame number="00000904">
  <person id="0015">
   <leftEye x="544" y="173"/>
   <rightEye x="561" y="173"/>
  </person>
 </frame>
 <frame number="00000905">
  <person id="0015">
   <leftEye x="545" y="174"/>
   <rightEye x="563" y="174"/>
  </person>
 </frame>
 <frame number="00000906">
  <person id="0015">
   <leftEye x="546" y="174"/>
   <rightEye x="564" y="174"/>
  </person>
 </frame>
 <frame number="00000907">
  <person id="0015">
   <leftEye x="546" y="173"/>
   <rightEye x="565" y="173"/>
  </person>
 </frame>
 <frame number="00000908">
  <person id="0015">
   <leftEye x="546" y="172"/>
   <rightEye x="566" y="172"/>
  </person>
 </frame>
 <frame number="00000909">
  <person id="0015">
   <leftEye x="546" y="171"/>
   <rightEye x="566" y="171"/>
  </person>
 </frame>
 <frame number="00000910">
  <person id="0015">
   <leftEye x="546" y="170"/>
   <rightEye x="566" y="170"/>
  </person>
 </frame>
 <frame number="00000911">
  <person id="0015">
   <leftEye x="546" y="170"/>
   <rightEye x="566" y="170"/>
  </person>
 </frame>
 <frame number="00000912">
  <person id="0015">
   <leftEye x="546" y="170"/>
   <rightEye x="566" y="170"/>
  </person>
 </frame>
 <frame number="00000913">
  <person id="0015">
   <leftEye x="545" y="172"/>
   <rightEye x="566" y="172"/>
  </person>
 </frame>
 <frame number="00000914">
  <person id="0015">
   <leftEye x="545" y="174"/>
   <rightEye x="566" y="174"/>
  </person>
 </frame>
 <frame number="00000915">
  <person id="0015">
   <leftEye x="545" y="178"/>
   <rightEye x="566" y="178"/>
  </person>
 </frame>
 <frame number="00000916">
  <person id="0015">
   <leftEye x="544" y="182"/>
   <rightEye x="566" y="182"/>
  </person>
 </frame>
 <frame number="00000917">
  <person id="0015">
   <leftEye x="543" y="187"/>
   <rightEye x="566" y="187"/>
  </person>
 </frame>
 <frame number="00000918">
  <person id="0015">
   <leftEye x="543" y="192"/>
   <rightEye x="566" y="191"/>
  </person>
 </frame>
 <frame number="00000919">
  <person id="0015">
   <leftEye x="542" y="196"/>
   <rightEye x="566" y="195"/>
  </person>
 </frame>
 <frame number="00000920">
  <person id="0015">
   <leftEye x="542" y="199"/>
   <rightEye x="566" y="198"/>
  </person>
 </frame>
 <frame number="00000921">
  <person id="0015">
   <leftEye x="542" y="200"/>
   <rightEye x="566" y="200"/>
  </person>
 </frame>
 <frame number="00000922">
  <person id="0015">
   <leftEye x="541" y="200"/>
   <rightEye x="566" y="200"/>
  </person>
 </frame>
 <frame number="00000923">
  <person id="0015">
   <leftEye x="541" y="200"/>
   <rightEye x="568" y="199"/>
  </person>
 </frame>
 <frame number="00000924">
  <person id="0015">
   <leftEye x="542" y="199"/>
   <rightEye x="569" y="198"/>
  </person>
 </frame>
 <frame number="00000925">
  <person id="0015">
   <leftEye x="544" y="199"/>
   <rightEye x="570" y="198"/>
  </person>
 </frame>
 <frame number="00000926">
  <person id="0015">
   <leftEye x="546" y="199"/>
   <rightEye x="572" y="198"/>
  </person>
 </frame>
 <frame number="00000927">
  <person id="0015">
   <leftEye x="548" y="199"/>
   <rightEye x="575" y="198"/>
  </person>
 </frame>
 <frame number="00000928">
  <person id="0015">
   <leftEye x="550" y="201"/>
   <rightEye x="578" y="200"/>
  </person>
 </frame>
 <frame number="00000929">
  <person id="0015">
   <leftEye x="552" y="205"/>
   <rightEye x="581" y="204"/>
  </person>
 </frame>
 <frame number="00000930">
  <person id="0015">
   <leftEye x="555" y="211"/>
   <rightEye x="585" y="210"/>
  </person>
 </frame>
 <frame number="00000931">
  <person id="0015">
   <leftEye x="559" y="218"/>
   <rightEye x="589" y="217"/>
  </person>
 </frame>
 <frame number="00000932">
  <person id="0015">
   <leftEye x="564" y="225"/>
   <rightEye x="594" y="225"/>
  </person>
 </frame>
 <frame number="00000933">
  <person id="0015">
   <leftEye x="567" y="234"/>
   <rightEye x="600" y="234"/>
  </person>
 </frame>
 <frame number="00000934">
  <person id="0015">
   <leftEye x="572" y="242"/>
   <rightEye x="606" y="242"/>
  </person>
 </frame>
 <frame number="00000935">
  <person id="0015">
   <leftEye x="578" y="248"/>
   <rightEye x="612" y="248"/>
  </person>
 </frame>
 <frame number="00000936">
  <person id="0015">
   <leftEye x="584" y="253"/>
   <rightEye x="619" y="253"/>
  </person>
 </frame>
 <frame number="00000937">
  <person id="0015">
   <leftEye x="591" y="256"/>
   <rightEye x="626" y="256"/>
  </person>
 </frame>
 <frame number="00000938">
  <person id="0015">
   <leftEye x="598" y="259"/>
   <rightEye x="633" y="259"/>
  </person>
 </frame>
 <frame number="00000939">
  <person id="0015">
   <leftEye x="604" y="261"/>
   <rightEye x="640" y="261"/>
  </person>
 </frame>
 <frame number="00000940">
  <person id="0015">
   <leftEye x="610" y="263"/>
   <rightEye x="646" y="263"/>
  </person>
 </frame>
 <frame number="00000941">
  <person id="0015">
   <leftEye x="616" y="266"/>
   <rightEye x="652" y="266"/>
  </person>
 </frame>
 <frame number="00000942">
  <person id="0015">
   <leftEye x="621" y="269"/>
   <rightEye x="659" y="269"/>
  </person>
 </frame>
 <frame number="00000943">
  <person id="0015">
   <leftEye x="626" y="273"/>
   <rightEye x="665" y="273"/>
  </person>
 </frame>
 <frame number="00000944">
  <person id="0015">
   <leftEye x="631" y="279"/>
   <rightEye x="670" y="279"/>
  </person>
 </frame>
 <frame number="00000945">
  <person id="0015">
   <leftEye x="635" y="288"/>
   <rightEye x="675" y="287"/>
  </person>
 </frame>
 <frame number="00000946">
  <person id="0015">
   <leftEye x="639" y="300"/>
   <rightEye x="681" y="298"/>
  </person>
 </frame>
 <frame number="00000947">
  <person id="0015">
   <leftEye x="645" y="315"/>
   <rightEye x="688" y="313"/>
  </person>
 </frame>
 <frame number="00000948">
  <person id="0015">
   <leftEye x="649" y="333"/>
   <rightEye x="695" y="331"/>
  </person>
 </frame>
 <frame number="00000949">
  <person id="0015">
   <leftEye x="653" y="353"/>
   <rightEye x="702" y="350"/>
  </person>
 </frame>
 <frame number="00000950">
  <person id="0015">
   <leftEye x="662" y="373"/>
   <rightEye x="710" y="370"/>
  </person>
 </frame>
 <frame number="00000951">
  <person id="0015">
   <leftEye x="667" y="392"/>
   <rightEye x="719" y="386"/>
  </person>
 </frame>
 <frame number="00000952">
  <person id="0015">
   <leftEye x="666" y="392"/>
   <rightEye x="719" y="386"/>
  </person>
 </frame>
 <frame number="00000953">
  <person id="0015">
   <leftEye x="682" y="418"/>
   <rightEye x="739" y="412"/>
  </person>
 </frame>
 <frame number="00000954">
  <person id="0015">
   <leftEye x="682" y="418"/>
   <rightEye x="740" y="412"/>
  </person>
 </frame>
 <frame number="00000955">
  <person id="0015">
   <leftEye x="694" y="432"/>
   <rightEye x="756" y="424"/>
  </person>
 </frame>
 <frame number="00000956">
  <person id="0015">
   <leftEye x="707" y="445"/>
   <rightEye x="770" y="437"/>
  </person>
 </frame>
 <frame number="00000957"/>
 <frame number="00000958"/>
 <frame number="00000959"/>
 <frame number="00000960"/>
 <frame number="00000961"/>
 <frame number="00000962"/>
 <frame number="00000963"/>
 <frame number="00000964"/>
 <frame number="00000965"/>
 <frame number="00000966"/>
 <frame number="00000967"/>
 <frame number="00000968"/>
 <frame number="00001028"/>
 <frame number="00001029"/>
 <frame number="00001030"/>
 <frame number="00001031"/>
 <frame number="00001032"/>
 <frame number="00001033"/>
 <frame number="00001034"/>
 <frame number="00001035"/>
 <frame number="00001036"/>
 <frame number="00001037"/>
 <frame number="00001038"/>
 <frame number="00001039"/>
 <frame number="00001040"/>
 <frame number="00001041"/>
 <frame number="00001042"/>
 <frame number="00001043"/>
 <frame number="00001044"/>
 <frame number="00001045"/>
 <frame number="00001046"/>
 <frame number="00001047"/>
 <frame number="00001048"/>
 <frame number="00001049"/>
 <frame number="00001050"/>
 <frame number="00001051"/>
 <frame number="00001052"/>
 <frame number="00001053"/>
 <frame number="00001054"/>
 <frame number="00001055"/>
 <frame number="00001056"/>
 <frame number="00001057"/>
 <frame number="00001058"/>
 <frame number="00001059"/>
 <frame number="00001060"/>
 <frame number="00001061"/>
 <frame number="00001062"/>
 <frame number="00001063"/>
 <frame number="00001064"/>
 <frame number="00001065"/>
 <frame number="00001066"/>
 <frame number="00001067"/>
 <frame number="00001068"/>
 <frame number="00001069"/>
 <frame number="00001070"/>
 <frame number="00001071"/>
 <frame number="00001072"/>
 <frame number="00001073"/>
 <frame number="00001074"/>
 <frame number="00001075"/>
 <frame number="00001076"/>
 <frame number="00001077"/>
 <frame number="00001078"/>
 <frame number="00001079"/>
 <frame number="00001080"/>
 <frame number="00001081"/>
 <frame number="00001082"/>
 <frame number="00001083"/>
 <frame number="00001084">
  <person id="0003">
   <leftEye x="558" y="173"/>
   <rightEye x="574" y="174"/>
  </person>
 </frame>
 <frame number="00001085">
  <person id="0003">
   <leftEye x="554" y="173"/>
   <rightEye x="569" y="174"/>
  </person>
 </frame>
 <frame number="00001086">
  <person id="0003">
   <leftEye x="550" y="173"/>
   <rightEye x="566" y="174"/>
  </person>
 </frame>
 <frame number="00001087">
  <person id="0003">
   <leftEye x="547" y="174"/>
   <rightEye x="562" y="175"/>
  </person>
 </frame>
 <frame number="00001088">
  <person id="0003">
   <leftEye x="543" y="176"/>
   <rightEye x="558" y="177"/>
  </person>
 </frame>
 <frame number="00001089">
  <person id="0003">
   <leftEye x="539" y="178"/>
   <rightEye x="555" y="179"/>
  </person>
 </frame>
 <frame number="00001090">
  <person id="0003">
   <leftEye x="536" y="180"/>
   <rightEye x="552" y="181"/>
  </person>
 </frame>
 <frame number="00001091">
  <person id="0003">
   <leftEye x="533" y="182"/>
   <rightEye x="549" y="183"/>
  </person>
 </frame>
 <frame number="00001092">
  <person id="0003">
   <leftEye x="530" y="184"/>
   <rightEye x="546" y="185"/>
  </person>
 </frame>
 <frame number="00001093">
  <person id="0003">
   <leftEye x="527" y="185"/>
   <rightEye x="543" y="187"/>
  </person>
 </frame>
 <frame number="00001094">
  <person id="0003">
   <leftEye x="524" y="186"/>
   <rightEye x="540" y="188"/>
  </person>
 </frame>
 <frame number="00001095">
  <person id="0003">
   <leftEye x="521" y="186"/>
   <rightEye x="538" y="188"/>
  </person>
 </frame>
 <frame number="00001096">
  <person id="0003">
   <leftEye x="519" y="186"/>
   <rightEye x="535" y="187"/>
  </person>
 </frame>
 <frame number="00001097">
  <person id="0003">
   <leftEye x="517" y="186"/>
   <rightEye x="533" y="187"/>
  </person>
 </frame>
 <frame number="00001098">
  <person id="0003">
   <leftEye x="516" y="186"/>
   <rightEye x="532" y="187"/>
  </person>
 </frame>
 <frame number="00001099">
  <person id="0003">
   <leftEye x="515" y="186"/>
   <rightEye x="531" y="187"/>
  </person>
 </frame>
 <frame number="00001100">
  <person id="0003">
   <leftEye x="514" y="186"/>
   <rightEye x="531" y="187"/>
  </person>
 </frame>
 <frame number="00001101">
  <person id="0003">
   <leftEye x="514" y="187"/>
   <rightEye x="531" y="188"/>
  </person>
 </frame>
 <frame number="00001102">
  <person id="0003">
   <leftEye x="514" y="188"/>
   <rightEye x="531" y="190"/>
  </person>
 </frame>
 <frame number="00001103">
  <person id="0003">
   <leftEye x="514" y="190"/>
   <rightEye x="531" y="192"/>
  </person>
 </frame>
 <frame number="00001104">
  <person id="0003">
   <leftEye x="514" y="193"/>
   <rightEye x="532" y="195"/>
  </person>
 </frame>
 <frame number="00001105">
  <person id="0003">
   <leftEye x="514" y="197"/>
   <rightEye x="532" y="199"/>
  </person>
 </frame>
 <frame number="00001106">
  <person id="0003">
   <leftEye x="514" y="200"/>
   <rightEye x="533" y="202"/>
  </person>
 </frame>
 <frame number="00001107">
  <person id="0003">
   <leftEye x="515" y="203"/>
   <rightEye x="534" y="205"/>
  </person>
 </frame>
 <frame number="00001108">
  <person id="0003">
   <leftEye x="516" y="206"/>
   <rightEye x="536" y="207"/>
  </person>
 </frame>
 <frame number="00001109">
  <person id="0003">
   <leftEye x="518" y="207"/>
   <rightEye x="538" y="208"/>
  </person>
 </frame>
 <frame number="00001110">
  <person id="0003">
   <leftEye x="520" y="207"/>
   <rightEye x="540" y="208"/>
  </person>
 </frame>
 <frame number="00001111">
  <person id="0003">
   <leftEye x="521" y="207"/>
   <rightEye x="541" y="208"/>
  </person>
 </frame>
 <frame number="00001112">
  <person id="0003">
   <leftEye x="522" y="206"/>
   <rightEye x="542" y="207"/>
  </person>
 </frame>
 <frame number="00001113">
  <person id="0003">
   <leftEye x="522" y="206"/>
   <rightEye x="543" y="207"/>
  </person>
 </frame>
 <frame number="00001114">
  <person id="0003">
   <leftEye x="522" y="206"/>
   <rightEye x="544" y="207"/>
  </person>
 </frame>
 <frame number="00001115">
  <person id="0003">
   <leftEye x="522" y="208"/>
   <rightEye x="545" y="209"/>
  </person>
 </frame>
 <frame number="00001116">
  <person id="0003">
   <leftEye x="522" y="210"/>
   <rightEye x="545" y="211"/>
  </person>
 </frame>
 <frame number="00001117">
  <person id="0003">
   <leftEye x="522" y="213"/>
   <rightEye x="545" y="214"/>
  </person>
 </frame>
 <frame number="00001118">
  <person id="0003">
   <leftEye x="522" y="218"/>
   <rightEye x="546" y="218"/>
  </person>
 </frame>
 <frame number="00001119">
  <person id="0003">
   <leftEye x="521" y="222"/>
   <rightEye x="546" y="223"/>
  </person>
 </frame>
 <frame number="00001120">
  <person id="0003">
   <leftEye x="520" y="227"/>
   <rightEye x="546" y="228"/>
  </person>
 </frame>
 <frame number="00001121">
  <person id="0003">
   <leftEye x="519" y="231"/>
   <rightEye x="546" y="232"/>
  </person>
 </frame>
 <frame number="00001122">
  <person id="0003">
   <leftEye x="518" y="235"/>
   <rightEye x="545" y="236"/>
  </person>
 </frame>
 <frame number="00001123">
  <person id="0003">
   <leftEye x="518" y="239"/>
   <rightEye x="545" y="240"/>
  </person>
 </frame>
 <frame number="00001124">
  <person id="0003">
   <leftEye x="517" y="241"/>
   <rightEye x="545" y="242"/>
  </person>
 </frame>
 <frame number="00001125">
  <person id="0003">
   <leftEye x="517" y="242"/>
   <rightEye x="544" y="243"/>
  </person>
 </frame>
 <frame number="00001126">
  <person id="0003">
   <leftEye x="518" y="243"/>
   <rightEye x="544" y="244"/>
  </person>
 </frame>
 <frame number="00001127">
  <person id="0003">
   <leftEye x="519" y="244"/>
   <rightEye x="546" y="245"/>
  </person>
 </frame>
 <frame number="00001128">
  <person id="0003">
   <leftEye x="521" y="245"/>
   <rightEye x="549" y="247"/>
  </person>
 </frame>
 <frame number="00001129">
  <person id="0003">
   <leftEye x="523" y="247"/>
   <rightEye x="552" y="249"/>
  </person>
 </frame>
 <frame number="00001130">
  <person id="0003">
   <leftEye x="525" y="251"/>
   <rightEye x="556" y="252"/>
  </person>
 </frame>
 <frame number="00001131">
  <person id="0003">
   <leftEye x="527" y="255"/>
   <rightEye x="560" y="257"/>
  </person>
 </frame>
 <frame number="00001132">
  <person id="0003">
   <leftEye x="529" y="260"/>
   <rightEye x="562" y="262"/>
  </person>
 </frame>
 <frame number="00001133">
  <person id="0003">
   <leftEye x="532" y="267"/>
   <rightEye x="564" y="269"/>
  </person>
 </frame>
 <frame number="00001134">
  <person id="0003">
   <leftEye x="535" y="274"/>
   <rightEye x="567" y="276"/>
  </person>
 </frame>
 <frame number="00001135">
  <person id="0003">
   <leftEye x="538" y="282"/>
   <rightEye x="571" y="284"/>
  </person>
 </frame>
 <frame number="00001136">
  <person id="0003">
   <leftEye x="541" y="290"/>
   <rightEye x="576" y="292"/>
  </person>
 </frame>
 <frame number="00001137">
  <person id="0003">
   <leftEye x="545" y="297"/>
   <rightEye x="581" y="299"/>
  </person>
 </frame>
 <frame number="00001138">
  <person id="0003">
   <leftEye x="550" y="303"/>
   <rightEye x="586" y="304"/>
  </person>
 </frame>
 <frame number="00001139">
  <person id="0003">
   <leftEye x="555" y="307"/>
   <rightEye x="592" y="308"/>
  </person>
 </frame>
 <frame number="00001140">
  <person id="0003">
   <leftEye x="559" y="309"/>
   <rightEye x="597" y="311"/>
  </person>
 </frame>
 <frame number="00001141">
  <person id="0003">
   <leftEye x="564" y="311"/>
   <rightEye x="602" y="313"/>
  </person>
 </frame>
 <frame number="00001142">
  <person id="0003">
   <leftEye x="568" y="313"/>
   <rightEye x="608" y="315"/>
  </person>
 </frame>
 <frame number="00001143">
  <person id="0003">
   <leftEye x="572" y="316"/>
   <rightEye x="613" y="319"/>
  </person>
 </frame>
 <frame number="00001144">
  <person id="0003">
   <leftEye x="575" y="321"/>
   <rightEye x="617" y="323"/>
  </person>
 </frame>
 <frame number="00001145">
  <person id="0003">
   <leftEye x="577" y="328"/>
   <rightEye x="621" y="330"/>
  </person>
 </frame>
 <frame number="00001146">
  <person id="0003">
   <leftEye x="581" y="336"/>
   <rightEye x="625" y="338"/>
  </person>
 </frame>
 <frame number="00001147">
  <person id="0003">
   <leftEye x="584" y="346"/>
   <rightEye x="629" y="348"/>
  </person>
 </frame>
 <frame number="00001148">
  <person id="0003">
   <leftEye x="586" y="358"/>
   <rightEye x="633" y="359"/>
  </person>
 </frame>
 <frame number="00001149">
  <person id="0003">
   <leftEye x="588" y="371"/>
   <rightEye x="638" y="371"/>
  </person>
 </frame>
 <frame number="00001150">
  <person id="0003">
   <leftEye x="591" y="384"/>
   <rightEye x="642" y="384"/>
  </person>
 </frame>
 <frame number="00001151">
  <person id="0003">
   <leftEye x="593" y="398"/>
   <rightEye x="646" y="398"/>
  </person>
 </frame>
 <frame number="00001152">
  <person id="0003">
   <leftEye x="596" y="412"/>
   <rightEye x="651" y="412"/>
  </person>
 </frame>
 <frame number="00001153">
  <person id="0003">
   <leftEye x="600" y="425"/>
   <rightEye x="655" y="425"/>
  </person>
 </frame>
 <frame number="00001154">
  <person id="0003">
   <leftEye x="603" y="437"/>
   <rightEye x="661" y="437"/>
  </person>
 </frame>
 <frame number="00001155">
  <person id="0003">
   <leftEye x="607" y="448"/>
   <rightEye x="667" y="448"/>
  </person>
 </frame>
 <frame number="00001156">
  <person id="0003">
   <leftEye x="612" y="459"/>
   <rightEye x="675" y="459"/>
  </person>
 </frame>
 <frame number="00001157">
  <person id="0003">
   <leftEye x="619" y="471"/>
   <rightEye x="683" y="471"/>
  </person>
 </frame>
 <frame number="00001158">
  <person id="0003">
   <leftEye x="625" y="484"/>
   <rightEye x="692" y="484"/>
  </person>
 </frame>
 <frame number="00001159"/>
 <frame number="00001160"/>
 <frame number="00001161"/>
 <frame number="00001162"/>
 <frame number="00001163"/>
 <frame number="00001164"/>
 <frame number="00001165"/>
 <frame number="00001166"/>
 <frame number="00001167"/>
 <frame number="00001168"/>
 <frame number="00001169"/>
 <frame number="00001170"/>
 <frame number="00001171"/>
 <frame number="00001172"/>
</dataset>
