<!DOCTYPE GroundTruth>
<dataset name="P2E_S2_C2">
 <frame number="00000000"/>
 <frame number="00000001"/>
 <frame number="00000002"/>
 <frame number="00000003"/>
 <frame number="00000004"/>
 <frame number="00000005"/>
 <frame number="00000006"/>
 <frame number="00000007"/>
 <frame number="00000008"/>
 <frame number="00000009"/>
 <frame number="00000010"/>
 <frame number="00000011"/>
 <frame number="00000012"/>
 <frame number="00000013"/>
 <frame number="00000014"/>
 <frame number="00000015"/>
 <frame number="00000016"/>
 <frame number="00000017"/>
 <frame number="00000018"/>
 <frame number="00000019"/>
 <frame number="00000020"/>
 <frame number="00000021"/>
 <frame number="00000022"/>
 <frame number="00000023"/>
 <frame number="00000024"/>
 <frame number="00000025"/>
 <frame number="00000026"/>
 <frame number="00000027"/>
 <frame number="00000028"/>
 <frame number="00000029"/>
 <frame number="00000030"/>
 <frame number="00000031"/>
 <frame number="00000032"/>
 <frame number="00000033"/>
 <frame number="00000034"/>
 <frame number="00000035"/>
 <frame number="00000036"/>
 <frame number="00000037"/>
 <frame number="00000038"/>
 <frame number="00000039"/>
 <frame number="00000040"/>
 <frame number="00000041"/>
 <frame number="00000042"/>
 <frame number="00000043"/>
 <frame number="00000044"/>
 <frame number="00000045"/>
 <frame number="00000046"/>
 <frame number="00000047"/>
 <frame number="00000048"/>
 <frame number="00000049"/>
 <frame number="00000050"/>
 <frame number="00000051"/>
 <frame number="00000052"/>
 <frame number="00000053"/>
 <frame number="00000054"/>
 <frame number="00000055"/>
 <frame number="00000056"/>
 <frame number="00000057"/>
 <frame number="00000058"/>
 <frame number="00000059"/>
 <frame number="00000060"/>
 <frame number="00000061"/>
 <frame number="00000062"/>
 <frame number="00000063"/>
 <frame number="00000064"/>
 <frame number="00000065"/>
 <frame number="00000066"/>
 <frame number="00000067"/>
 <frame number="00000068"/>
 <frame number="00000069"/>
 <frame number="00000070"/>
 <frame number="00000071"/>
 <frame number="00000072"/>
 <frame number="00000073"/>
 <frame number="00000074"/>
 <frame number="00000075"/>
 <frame number="00000076"/>
 <frame number="00000077"/>
 <frame number="00000078"/>
 <frame number="00000079"/>
 <frame number="00000080"/>
 <frame number="00000081"/>
 <frame number="00000082"/>
 <frame number="00000083"/>
 <frame number="00000084"/>
 <frame number="00000085"/>
 <frame number="00000086"/>
 <frame number="00000087"/>
 <frame number="00000088"/>
 <frame number="00000089"/>
 <frame number="00000090"/>
 <frame number="00000091"/>
 <frame number="00000092"/>
 <frame number="00000093"/>
 <frame number="00000094"/>
 <frame number="00000095"/>
 <frame number="00000096"/>
 <frame number="00000097"/>
 <frame number="00000098"/>
 <frame number="00000099"/>
 <frame number="00000179"/>
 <frame number="00000180"/>
 <frame number="00000181"/>
 <frame number="00000182"/>
 <frame number="00000183"/>
 <frame number="00000184"/>
 <frame number="00000185"/>
 <frame number="00000186"/>
 <frame number="00000187"/>
 <frame number="00000188"/>
 <frame number="00000189"/>
 <frame number="00000190"/>
 <frame number="00000191"/>
 <frame number="00000192"/>
 <frame number="00000193"/>
 <frame number="00000194"/>
 <frame number="00000195"/>
 <frame number="00000196"/>
 <frame number="00000197"/>
 <frame number="00000198"/>
 <frame number="00000199"/>
 <frame number="00000200"/>
 <frame number="00000201"/>
 <frame number="00000202"/>
 <frame number="00000203"/>
 <frame number="00000204"/>
 <frame number="00000205"/>
 <frame number="00000206"/>
 <frame number="00000207"/>
 <frame number="00000208"/>
 <frame number="00000209"/>
 <frame number="00000210"/>
 <frame number="00000211"/>
 <frame number="00000212"/>
 <frame number="00000213"/>
 <frame number="00000214"/>
 <frame number="00000215"/>
 <frame number="00000216"/>
 <frame number="00000217"/>
 <frame number="00000218"/>
 <frame number="00000219"/>
 <frame number="00000220"/>
 <frame number="00000221"/>
 <frame number="00000222"/>
 <frame number="00000223"/>
 <frame number="00000224"/>
 <frame number="00000225">
  <person id="0022">
   <leftEye x="486" y="163"/>
   <rightEye x="502" y="163"/>
  </person>
 </frame>
 <frame number="00000226">
  <person id="0022">
   <leftEye x="481" y="166"/>
   <rightEye x="497" y="166"/>
  </person>
 </frame>
 <frame number="00000227">
  <person id="0022">
   <leftEye x="477" y="169"/>
   <rightEye x="493" y="169"/>
  </person>
 </frame>
 <frame number="00000228">
  <person id="0022">
   <leftEye x="473" y="173"/>
   <rightEye x="489" y="173"/>
  </person>
 </frame>
 <frame number="00000229">
  <person id="0022">
   <leftEye x="469" y="176"/>
   <rightEye x="485" y="176"/>
  </person>
 </frame>
 <frame number="00000230">
  <person id="0022">
   <leftEye x="465" y="179"/>
   <rightEye x="481" y="179"/>
  </person>
 </frame>
 <frame number="00000231">
  <person id="0022">
   <leftEye x="461" y="180"/>
   <rightEye x="478" y="180"/>
  </person>
 </frame>
 <frame number="00000232">
  <person id="0022">
   <leftEye x="458" y="179"/>
   <rightEye x="475" y="179"/>
  </person>
 </frame>
 <frame number="00000233">
  <person id="0022">
   <leftEye x="455" y="179"/>
   <rightEye x="472" y="179"/>
  </person>
 </frame>
 <frame number="00000234">
  <person id="0022">
   <leftEye x="451" y="178"/>
   <rightEye x="469" y="179"/>
  </person>
 </frame>
 <frame number="00000235">
  <person id="0022">
   <leftEye x="448" y="178"/>
   <rightEye x="466" y="178"/>
  </person>
 </frame>
 <frame number="00000236">
  <person id="0022">
   <leftEye x="445" y="178"/>
   <rightEye x="463" y="178"/>
  </person>
 </frame>
 <frame number="00000237">
  <person id="0022">
   <leftEye x="442" y="178"/>
   <rightEye x="460" y="178"/>
  </person>
 </frame>
 <frame number="00000238">
  <person id="0022">
   <leftEye x="439" y="178"/>
   <rightEye x="457" y="178"/>
  </person>
 </frame>
 <frame number="00000239">
  <person id="0022">
   <leftEye x="436" y="179"/>
   <rightEye x="454" y="179"/>
  </person>
 </frame>
 <frame number="00000240">
  <person id="0022">
   <leftEye x="433" y="181"/>
   <rightEye x="451" y="181"/>
  </person>
 </frame>
 <frame number="00000241">
  <person id="0022">
   <leftEye x="429" y="184"/>
   <rightEye x="449" y="184"/>
  </person>
 </frame>
 <frame number="00000242">
  <person id="0022">
   <leftEye x="426" y="187"/>
   <rightEye x="447" y="187"/>
  </person>
 </frame>
 <frame number="00000243">
  <person id="0022">
   <leftEye x="423" y="191"/>
   <rightEye x="444" y="191"/>
  </person>
 </frame>
 <frame number="00000244">
  <person id="0022">
   <leftEye x="420" y="195"/>
   <rightEye x="441" y="195"/>
  </person>
 </frame>
 <frame number="00000245">
  <person id="0022">
   <leftEye x="416" y="198"/>
   <rightEye x="437" y="198"/>
  </person>
 </frame>
 <frame number="00000246">
  <person id="0022">
   <leftEye x="412" y="200"/>
   <rightEye x="433" y="200"/>
  </person>
 </frame>
 <frame number="00000247">
  <person id="0022">
   <leftEye x="407" y="201"/>
   <rightEye x="429" y="201"/>
  </person>
 </frame>
 <frame number="00000248">
  <person id="0022">
   <leftEye x="402" y="201"/>
   <rightEye x="425" y="201"/>
  </person>
 </frame>
 <frame number="00000249">
  <person id="0022">
   <leftEye x="398" y="201"/>
   <rightEye x="421" y="201"/>
  </person>
 </frame>
 <frame number="00000250">
  <person id="0022">
   <leftEye x="394" y="201"/>
   <rightEye x="417" y="201"/>
  </person>
 </frame>
 <frame number="00000251">
  <person id="0022">
   <leftEye x="391" y="201"/>
   <rightEye x="414" y="200"/>
  </person>
 </frame>
 <frame number="00000252">
  <person id="0022">
   <leftEye x="388" y="201"/>
   <rightEye x="411" y="200"/>
  </person>
 </frame>
 <frame number="00000253">
  <person id="0022">
   <leftEye x="384" y="202"/>
   <rightEye x="409" y="201"/>
  </person>
 </frame>
 <frame number="00000254">
  <person id="0022">
   <leftEye x="382" y="204"/>
   <rightEye x="407" y="203"/>
  </person>
 </frame>
 <frame number="00000255">
  <person id="0022">
   <leftEye x="380" y="209"/>
   <rightEye x="406" y="207"/>
  </person>
 </frame>
 <frame number="00000256">
  <person id="0022">
   <leftEye x="379" y="214"/>
   <rightEye x="405" y="213"/>
  </person>
 </frame>
 <frame number="00000257">
  <person id="0022">
   <leftEye x="378" y="221"/>
   <rightEye x="404" y="220"/>
  </person>
 </frame>
 <frame number="00000258">
  <person id="0022">
   <leftEye x="377" y="229"/>
   <rightEye x="404" y="227"/>
  </person>
 </frame>
 <frame number="00000259">
  <person id="0022">
   <leftEye x="376" y="235"/>
   <rightEye x="404" y="234"/>
  </person>
 </frame>
 <frame number="00000260">
  <person id="0022">
   <leftEye x="376" y="240"/>
   <rightEye x="404" y="239"/>
  </person>
 </frame>
 <frame number="00000261">
  <person id="0022">
   <leftEye x="376" y="243"/>
   <rightEye x="405" y="242"/>
  </person>
 </frame>
 <frame number="00000262">
  <person id="0022">
   <leftEye x="376" y="245"/>
   <rightEye x="406" y="244"/>
  </person>
 </frame>
 <frame number="00000263">
  <person id="0022">
   <leftEye x="376" y="246"/>
   <rightEye x="407" y="245"/>
  </person>
 </frame>
 <frame number="00000264">
  <person id="0022">
   <leftEye x="376" y="246"/>
   <rightEye x="408" y="246"/>
  </person>
 </frame>
 <frame number="00000265">
  <person id="0022">
   <leftEye x="376" y="246"/>
   <rightEye x="408" y="246"/>
  </person>
 </frame>
 <frame number="00000266">
  <person id="0022">
   <leftEye x="375" y="246"/>
   <rightEye x="408" y="247"/>
  </person>
 </frame>
 <frame number="00000267">
  <person id="0022">
   <leftEye x="374" y="247"/>
   <rightEye x="407" y="248"/>
  </person>
 </frame>
 <frame number="00000268">
  <person id="0022">
   <leftEye x="372" y="250"/>
   <rightEye x="406" y="250"/>
  </person>
 </frame>
 <frame number="00000269">
  <person id="0022">
   <leftEye x="369" y="255"/>
   <rightEye x="404" y="255"/>
  </person>
 </frame>
 <frame number="00000270">
  <person id="0022">
   <leftEye x="366" y="263"/>
   <rightEye x="402" y="262"/>
  </person>
 </frame>
 <frame number="00000271">
  <person id="0022">
   <leftEye x="363" y="273"/>
   <rightEye x="399" y="271"/>
  </person>
 </frame>
 <frame number="00000272">
  <person id="0022">
   <leftEye x="359" y="285"/>
   <rightEye x="396" y="282"/>
  </person>
 </frame>
 <frame number="00000273">
  <person id="0022">
   <leftEye x="354" y="298"/>
   <rightEye x="393" y="295"/>
  </person>
 </frame>
 <frame number="00000274">
  <person id="0022">
   <leftEye x="349" y="310"/>
   <rightEye x="389" y="307"/>
  </person>
 </frame>
 <frame number="00000275">
  <person id="0022">
   <leftEye x="343" y="318"/>
   <rightEye x="384" y="316"/>
  </person>
 </frame>
 <frame number="00000276">
  <person id="0022">
   <leftEye x="337" y="323"/>
   <rightEye x="379" y="321"/>
  </person>
 </frame>
 <frame number="00000277">
  <person id="0022">
   <leftEye x="330" y="327"/>
   <rightEye x="373" y="325"/>
  </person>
 </frame>
 <frame number="00000278">
  <person id="0022">
   <leftEye x="323" y="331"/>
   <rightEye x="368" y="329"/>
  </person>
 </frame>
 <frame number="00000279">
  <person id="0022">
   <leftEye x="317" y="336"/>
   <rightEye x="363" y="333"/>
  </person>
 </frame>
 <frame number="00000280">
  <person id="0022">
   <leftEye x="311" y="342"/>
   <rightEye x="359" y="338"/>
  </person>
 </frame>
 <frame number="00000281">
  <person id="0022">
   <leftEye x="305" y="348"/>
   <rightEye x="355" y="343"/>
  </person>
 </frame>
 <frame number="00000282">
  <person id="0022">
   <leftEye x="300" y="354"/>
   <rightEye x="352" y="349"/>
  </person>
 </frame>
 <frame number="00000283">
  <person id="0022">
   <leftEye x="295" y="363"/>
   <rightEye x="349" y="358"/>
  </person>
 </frame>
 <frame number="00000284">
  <person id="0022">
   <leftEye x="289" y="375"/>
   <rightEye x="346" y="370"/>
  </person>
 </frame>
 <frame number="00000285">
  <person id="0022">
   <leftEye x="283" y="391"/>
   <rightEye x="343" y="387"/>
  </person>
 </frame>
 <frame number="00000286">
  <person id="0022">
   <leftEye x="277" y="414"/>
   <rightEye x="339" y="411"/>
  </person>
 </frame>
 <frame number="00000287">
  <person id="0022">
   <leftEye x="272" y="440"/>
   <rightEye x="335" y="439"/>
  </person>
 </frame>
 <frame number="00000288">
  <person id="0022">
   <leftEye x="267" y="472"/>
   <rightEye x="332" y="472"/>
  </person>
 </frame>
 <frame number="00000289">
  <person id="0022">
   <leftEye x="263" y="508"/>
   <rightEye x="330" y="508"/>
  </person>
 </frame>
 <frame number="00000290"/>
 <frame number="00000291"/>
 <frame number="00000292"/>
 <frame number="00000293"/>
 <frame number="00000294"/>
 <frame number="00000295"/>
 <frame number="00000296"/>
 <frame number="00000297"/>
 <frame number="00000298"/>
 <frame number="00000299"/>
 <frame number="00000300"/>
 <frame number="00000301"/>
 <frame number="00000302"/>
 <frame number="00000359"/>
 <frame number="00000360"/>
 <frame number="00000361"/>
 <frame number="00000362"/>
 <frame number="00000363"/>
 <frame number="00000364"/>
 <frame number="00000365"/>
 <frame number="00000366"/>
 <frame number="00000367"/>
 <frame number="00000368"/>
 <frame number="00000369"/>
 <frame number="00000370"/>
 <frame number="00000371"/>
 <frame number="00000372"/>
 <frame number="00000373"/>
 <frame number="00000374"/>
 <frame number="00000375"/>
 <frame number="00000376"/>
 <frame number="00000377"/>
 <frame number="00000378"/>
 <frame number="00000379"/>
 <frame number="00000380"/>
 <frame number="00000381"/>
 <frame number="00000382"/>
 <frame number="00000383"/>
 <frame number="00000384"/>
 <frame number="00000385"/>
 <frame number="00000386"/>
 <frame number="00000387"/>
 <frame number="00000388"/>
 <frame number="00000389"/>
 <frame number="00000390"/>
 <frame number="00000391"/>
 <frame number="00000392"/>
 <frame number="00000393"/>
 <frame number="00000394"/>
 <frame number="00000395"/>
 <frame number="00000396"/>
 <frame number="00000397"/>
 <frame number="00000398"/>
 <frame number="00000399"/>
 <frame number="00000400"/>
 <frame number="00000401"/>
 <frame number="00000402"/>
 <frame number="00000403"/>
 <frame number="00000404">
  <person id="0015">
   <leftEye x="537" y="142"/>
   <rightEye x="553" y="142"/>
  </person>
 </frame>
 <frame number="00000405">
  <person id="0015">
   <leftEye x="531" y="143"/>
   <rightEye x="547" y="143"/>
  </person>
 </frame>
 <frame number="00000406">
  <person id="0015">
   <leftEye x="526" y="145"/>
   <rightEye x="542" y="145"/>
  </person>
 </frame>
 <frame number="00000407">
  <person id="0015">
   <leftEye x="521" y="146"/>
   <rightEye x="537" y="146"/>
  </person>
 </frame>
 <frame number="00000408">
  <person id="0015">
   <leftEye x="516" y="146"/>
   <rightEye x="532" y="146"/>
  </person>
 </frame>
 <frame number="00000409">
  <person id="0015">
   <leftEye x="511" y="146"/>
   <rightEye x="527" y="146"/>
  </person>
 </frame>
 <frame number="00000410">
  <person id="0015">
   <leftEye x="506" y="145"/>
   <rightEye x="523" y="145"/>
  </person>
 </frame>
 <frame number="00000411">
  <person id="0015">
   <leftEye x="502" y="144"/>
   <rightEye x="519" y="144"/>
  </person>
 </frame>
 <frame number="00000412">
  <person id="0015">
   <leftEye x="498" y="144"/>
   <rightEye x="515" y="144"/>
  </person>
 </frame>
 <frame number="00000413">
  <person id="0015">
   <leftEye x="494" y="144"/>
   <rightEye x="511" y="144"/>
  </person>
 </frame>
 <frame number="00000414">
  <person id="0015">
   <leftEye x="490" y="144"/>
   <rightEye x="507" y="144"/>
  </person>
 </frame>
 <frame number="00000415">
  <person id="0015">
   <leftEye x="487" y="145"/>
   <rightEye x="503" y="145"/>
  </person>
 </frame>
 <frame number="00000416">
  <person id="0015">
   <leftEye x="484" y="147"/>
   <rightEye x="500" y="147"/>
  </person>
 </frame>
 <frame number="00000417">
  <person id="0015">
   <leftEye x="481" y="150"/>
   <rightEye x="498" y="150"/>
  </person>
 </frame>
 <frame number="00000418">
  <person id="0015">
   <leftEye x="478" y="153"/>
   <rightEye x="495" y="153"/>
  </person>
 </frame>
 <frame number="00000419">
  <person id="0015">
   <leftEye x="475" y="156"/>
   <rightEye x="492" y="156"/>
  </person>
 </frame>
 <frame number="00000420">
  <person id="0015">
   <leftEye x="472" y="159"/>
   <rightEye x="490" y="159"/>
  </person>
 </frame>
 <frame number="00000421">
  <person id="0015">
   <leftEye x="470" y="161"/>
   <rightEye x="488" y="161"/>
  </person>
 </frame>
 <frame number="00000422">
  <person id="0015">
   <leftEye x="468" y="162"/>
   <rightEye x="486" y="162"/>
  </person>
 </frame>
 <frame number="00000423">
  <person id="0015">
   <leftEye x="466" y="163"/>
   <rightEye x="485" y="163"/>
  </person>
 </frame>
 <frame number="00000424">
  <person id="0015">
   <leftEye x="464" y="162"/>
   <rightEye x="484" y="162"/>
  </person>
 </frame>
 <frame number="00000425">
  <person id="0015">
   <leftEye x="462" y="161"/>
   <rightEye x="482" y="161"/>
  </person>
 </frame>
 <frame number="00000426">
  <person id="0015">
   <leftEye x="460" y="160"/>
   <rightEye x="480" y="160"/>
  </person>
 </frame>
 <frame number="00000427">
  <person id="0015">
   <leftEye x="459" y="159"/>
   <rightEye x="478" y="159"/>
  </person>
 </frame>
 <frame number="00000428">
  <person id="0015">
   <leftEye x="457" y="158"/>
   <rightEye x="476" y="158"/>
  </person>
 </frame>
 <frame number="00000429">
  <person id="0015">
   <leftEye x="455" y="158"/>
   <rightEye x="475" y="158"/>
  </person>
 </frame>
 <frame number="00000430">
  <person id="0015">
   <leftEye x="453" y="158"/>
   <rightEye x="474" y="158"/>
  </person>
 </frame>
 <frame number="00000431">
  <person id="0015">
   <leftEye x="451" y="159"/>
   <rightEye x="472" y="159"/>
  </person>
 </frame>
 <frame number="00000432">
  <person id="0015">
   <leftEye x="449" y="162"/>
   <rightEye x="470" y="162"/>
  </person>
 </frame>
 <frame number="00000433">
  <person id="0015">
   <leftEye x="447" y="165"/>
   <rightEye x="469" y="165"/>
  </person>
 </frame>
 <frame number="00000434">
  <person id="0015">
   <leftEye x="445" y="170"/>
   <rightEye x="468" y="170"/>
  </person>
 </frame>
 <frame number="00000435">
  <person id="0015">
   <leftEye x="444" y="175"/>
   <rightEye x="467" y="175"/>
  </person>
 </frame>
 <frame number="00000436">
  <person id="0015">
   <leftEye x="443" y="180"/>
   <rightEye x="466" y="180"/>
  </person>
 </frame>
 <frame number="00000437">
  <person id="0015">
   <leftEye x="443" y="180"/>
   <rightEye x="466" y="180"/>
  </person>
 </frame>
 <frame number="00000438">
  <person id="0015">
   <leftEye x="439" y="186"/>
   <rightEye x="462" y="186"/>
  </person>
 </frame>
 <frame number="00000439">
  <person id="0015">
   <leftEye x="437" y="188"/>
   <rightEye x="460" y="188"/>
  </person>
 </frame>
 <frame number="00000440">
  <person id="0015">
   <leftEye x="436" y="188"/>
   <rightEye x="460" y="188"/>
  </person>
 </frame>
 <frame number="00000441">
  <person id="0015">
   <leftEye x="435" y="188"/>
   <rightEye x="460" y="188"/>
  </person>
 </frame>
 <frame number="00000442">
  <person id="0015">
   <leftEye x="433" y="186"/>
   <rightEye x="459" y="186"/>
  </person>
 </frame>
 <frame number="00000443">
  <person id="0015">
   <leftEye x="433" y="186"/>
   <rightEye x="459" y="186"/>
  </person>
 </frame>
 <frame number="00000444">
  <person id="0015">
   <leftEye x="432" y="184"/>
   <rightEye x="459" y="184"/>
  </person>
 </frame>
 <frame number="00000445">
  <person id="0015">
   <leftEye x="432" y="184"/>
   <rightEye x="459" y="184"/>
  </person>
 </frame>
 <frame number="00000446">
  <person id="0015">
   <leftEye x="432" y="184"/>
   <rightEye x="459" y="183"/>
  </person>
 </frame>
 <frame number="00000447">
  <person id="0015">
   <leftEye x="432" y="184"/>
   <rightEye x="459" y="184"/>
  </person>
 </frame>
 <frame number="00000448">
  <person id="0015">
   <leftEye x="432" y="187"/>
   <rightEye x="459" y="187"/>
  </person>
 </frame>
 <frame number="00000449">
  <person id="0015">
   <leftEye x="432" y="191"/>
   <rightEye x="459" y="191"/>
  </person>
 </frame>
 <frame number="00000450">
  <person id="0015">
   <leftEye x="433" y="197"/>
   <rightEye x="460" y="197"/>
  </person>
 </frame>
 <frame number="00000451">
  <person id="0015">
   <leftEye x="434" y="204"/>
   <rightEye x="462" y="204"/>
  </person>
 </frame>
 <frame number="00000452">
  <person id="0015">
   <leftEye x="434" y="211"/>
   <rightEye x="463" y="211"/>
  </person>
 </frame>
 <frame number="00000453">
  <person id="0015">
   <leftEye x="434" y="217"/>
   <rightEye x="465" y="217"/>
  </person>
 </frame>
 <frame number="00000454">
  <person id="0015">
   <leftEye x="434" y="222"/>
   <rightEye x="467" y="222"/>
  </person>
 </frame>
 <frame number="00000455">
  <person id="0015">
   <leftEye x="436" y="226"/>
   <rightEye x="469" y="225"/>
  </person>
 </frame>
 <frame number="00000456">
  <person id="0015">
   <leftEye x="438" y="228"/>
   <rightEye x="471" y="227"/>
  </person>
 </frame>
 <frame number="00000457">
  <person id="0015">
   <leftEye x="439" y="230"/>
   <rightEye x="473" y="228"/>
  </person>
 </frame>
 <frame number="00000458">
  <person id="0015">
   <leftEye x="440" y="231"/>
   <rightEye x="475" y="229"/>
  </person>
 </frame>
 <frame number="00000459">
  <person id="0015">
   <leftEye x="441" y="231"/>
   <rightEye x="477" y="230"/>
  </person>
 </frame>
 <frame number="00000460">
  <person id="0015">
   <leftEye x="441" y="231"/>
   <rightEye x="477" y="230"/>
  </person>
 </frame>
 <frame number="00000461">
  <person id="0015">
   <leftEye x="440" y="232"/>
   <rightEye x="478" y="230"/>
  </person>
 </frame>
 <frame number="00000462">
  <person id="0015">
   <leftEye x="439" y="234"/>
   <rightEye x="479" y="232"/>
  </person>
 </frame>
 <frame number="00000463">
  <person id="0015">
   <leftEye x="437" y="238"/>
   <rightEye x="479" y="236"/>
  </person>
 </frame>
 <frame number="00000464">
  <person id="0015">
   <leftEye x="436" y="245"/>
   <rightEye x="479" y="243"/>
  </person>
 </frame>
 <frame number="00000465">
  <person id="0015">
   <leftEye x="436" y="255"/>
   <rightEye x="479" y="253"/>
  </person>
 </frame>
 <frame number="00000466">
  <person id="0015">
   <leftEye x="436" y="268"/>
   <rightEye x="480" y="266"/>
  </person>
 </frame>
 <frame number="00000467">
  <person id="0015">
   <leftEye x="435" y="283"/>
   <rightEye x="481" y="281"/>
  </person>
 </frame>
 <frame number="00000468">
  <person id="0015">
   <leftEye x="434" y="299"/>
   <rightEye x="481" y="296"/>
  </person>
 </frame>
 <frame number="00000469">
  <person id="0015">
   <leftEye x="431" y="314"/>
   <rightEye x="481" y="311"/>
  </person>
 </frame>
 <frame number="00000470">
  <person id="0015">
   <leftEye x="428" y="327"/>
   <rightEye x="481" y="323"/>
  </person>
 </frame>
 <frame number="00000471">
  <person id="0015">
   <leftEye x="426" y="337"/>
   <rightEye x="481" y="332"/>
  </person>
 </frame>
 <frame number="00000472">
  <person id="0015">
   <leftEye x="423" y="345"/>
   <rightEye x="482" y="340"/>
  </person>
 </frame>
 <frame number="00000473">
  <person id="0015">
   <leftEye x="421" y="353"/>
   <rightEye x="483" y="347"/>
  </person>
 </frame>
 <frame number="00000474">
  <person id="0015">
   <leftEye x="419" y="361"/>
   <rightEye x="485" y="355"/>
  </person>
 </frame>
 <frame number="00000475">
  <person id="0015">
   <leftEye x="418" y="370"/>
   <rightEye x="487" y="363"/>
  </person>
 </frame>
 <frame number="00000476">
  <person id="0015">
   <leftEye x="418" y="379"/>
   <rightEye x="491" y="372"/>
  </person>
 </frame>
 <frame number="00000477">
  <person id="0015">
   <leftEye x="418" y="392"/>
   <rightEye x="495" y="385"/>
  </person>
 </frame>
 <frame number="00000478">
  <person id="0015">
   <leftEye x="419" y="411"/>
   <rightEye x="500" y="403"/>
  </person>
 </frame>
 <frame number="00000479">
  <person id="0015">
   <leftEye x="420" y="432"/>
   <rightEye x="507" y="423"/>
  </person>
 </frame>
 <frame number="00000480"/>
 <frame number="00000481"/>
 <frame number="00000482"/>
 <frame number="00000483"/>
 <frame number="00000484"/>
 <frame number="00000485"/>
 <frame number="00000486"/>
 <frame number="00000487"/>
 <frame number="00000488"/>
 <frame number="00000489"/>
 <frame number="00000558"/>
 <frame number="00000559"/>
 <frame number="00000560"/>
 <frame number="00000561"/>
 <frame number="00000562"/>
 <frame number="00000563"/>
 <frame number="00000564"/>
 <frame number="00000565"/>
 <frame number="00000566"/>
 <frame number="00000567"/>
 <frame number="00000568"/>
 <frame number="00000569"/>
 <frame number="00000570"/>
 <frame number="00000571"/>
 <frame number="00000572"/>
 <frame number="00000573"/>
 <frame number="00000574"/>
 <frame number="00000575"/>
 <frame number="00000576"/>
 <frame number="00000577"/>
 <frame number="00000578"/>
 <frame number="00000579"/>
 <frame number="00000580"/>
 <frame number="00000581"/>
 <frame number="00000582"/>
 <frame number="00000583"/>
 <frame number="00000584"/>
 <frame number="00000585"/>
 <frame number="00000586"/>
 <frame number="00000587"/>
 <frame number="00000588"/>
 <frame number="00000589"/>
 <frame number="00000590"/>
 <frame number="00000591"/>
 <frame number="00000592"/>
 <frame number="00000593"/>
 <frame number="00000594"/>
 <frame number="00000595"/>
 <frame number="00000596"/>
 <frame number="00000597"/>
 <frame number="00000598"/>
 <frame number="00000599"/>
 <frame number="00000600">
  <person id="0021">
   <leftEye x="510" y="147"/>
   <rightEye x="526" y="147"/>
  </person>
 </frame>
 <frame number="00000601">
  <person id="0021">
   <leftEye x="504" y="145"/>
   <rightEye x="519" y="145"/>
  </person>
 </frame>
 <frame number="00000602">
  <person id="0021">
   <leftEye x="499" y="144"/>
   <rightEye x="514" y="144"/>
  </person>
 </frame>
 <frame number="00000603">
  <person id="0021">
   <leftEye x="494" y="143"/>
   <rightEye x="509" y="143"/>
  </person>
 </frame>
 <frame number="00000604">
  <person id="0021">
   <leftEye x="490" y="143"/>
   <rightEye x="505" y="143"/>
  </person>
 </frame>
 <frame number="00000605">
  <person id="0021">
   <leftEye x="485" y="144"/>
   <rightEye x="501" y="144"/>
  </person>
 </frame>
 <frame number="00000606">
  <person id="0021">
   <leftEye x="480" y="146"/>
   <rightEye x="496" y="146"/>
  </person>
 </frame>
 <frame number="00000607">
  <person id="0021">
   <leftEye x="476" y="150"/>
   <rightEye x="491" y="150"/>
  </person>
 </frame>
 <frame number="00000608">
  <person id="0021">
   <leftEye x="471" y="153"/>
   <rightEye x="487" y="153"/>
  </person>
 </frame>
 <frame number="00000609">
  <person id="0021">
   <leftEye x="467" y="156"/>
   <rightEye x="483" y="156"/>
  </person>
 </frame>
 <frame number="00000610">
  <person id="0021">
   <leftEye x="463" y="158"/>
   <rightEye x="480" y="158"/>
  </person>
 </frame>
 <frame number="00000611">
  <person id="0021">
   <leftEye x="460" y="159"/>
   <rightEye x="477" y="160"/>
  </person>
 </frame>
 <frame number="00000612">
  <person id="0021">
   <leftEye x="456" y="159"/>
   <rightEye x="473" y="160"/>
  </person>
 </frame>
 <frame number="00000613">
  <person id="0021">
   <leftEye x="453" y="159"/>
   <rightEye x="470" y="160"/>
  </person>
 </frame>
 <frame number="00000614">
  <person id="0021">
   <leftEye x="449" y="158"/>
   <rightEye x="467" y="159"/>
  </person>
 </frame>
 <frame number="00000615">
  <person id="0021">
   <leftEye x="445" y="157"/>
   <rightEye x="463" y="158"/>
  </person>
 </frame>
 <frame number="00000616">
  <person id="0021">
   <leftEye x="441" y="155"/>
   <rightEye x="459" y="156"/>
  </person>
 </frame>
 <frame number="00000617">
  <person id="0021">
   <leftEye x="436" y="154"/>
   <rightEye x="455" y="155"/>
  </person>
 </frame>
 <frame number="00000618">
  <person id="0021">
   <leftEye x="432" y="153"/>
   <rightEye x="450" y="154"/>
  </person>
 </frame>
 <frame number="00000619">
  <person id="0021">
   <leftEye x="427" y="153"/>
   <rightEye x="445" y="153"/>
  </person>
 </frame>
 <frame number="00000620">
  <person id="0021">
   <leftEye x="422" y="154"/>
   <rightEye x="441" y="154"/>
  </person>
 </frame>
 <frame number="00000621">
  <person id="0021">
   <leftEye x="418" y="156"/>
   <rightEye x="437" y="157"/>
  </person>
 </frame>
 <frame number="00000622">
  <person id="0021">
   <leftEye x="413" y="159"/>
   <rightEye x="432" y="160"/>
  </person>
 </frame>
 <frame number="00000623">
  <person id="0021">
   <leftEye x="408" y="163"/>
   <rightEye x="427" y="163"/>
  </person>
 </frame>
 <frame number="00000624">
  <person id="0021">
   <leftEye x="402" y="167"/>
   <rightEye x="422" y="167"/>
  </person>
 </frame>
 <frame number="00000625">
  <person id="0021">
   <leftEye x="397" y="171"/>
   <rightEye x="417" y="171"/>
  </person>
 </frame>
 <frame number="00000626">
  <person id="0021">
   <leftEye x="392" y="173"/>
   <rightEye x="412" y="173"/>
  </person>
 </frame>
 <frame number="00000627">
  <person id="0021">
   <leftEye x="386" y="174"/>
   <rightEye x="406" y="174"/>
  </person>
 </frame>
 <frame number="00000628">
  <person id="0021">
   <leftEye x="380" y="175"/>
   <rightEye x="401" y="175"/>
  </person>
 </frame>
 <frame number="00000629">
  <person id="0021">
   <leftEye x="376" y="175"/>
   <rightEye x="397" y="175"/>
  </person>
 </frame>
 <frame number="00000630">
  <person id="0021">
   <leftEye x="372" y="174"/>
   <rightEye x="393" y="174"/>
  </person>
 </frame>
 <frame number="00000631">
  <person id="0021">
   <leftEye x="368" y="173"/>
   <rightEye x="390" y="173"/>
  </person>
 </frame>
 <frame number="00000632">
  <person id="0021">
   <leftEye x="365" y="173"/>
   <rightEye x="388" y="173"/>
  </person>
 </frame>
 <frame number="00000633">
  <person id="0021">
   <leftEye x="363" y="173"/>
   <rightEye x="386" y="173"/>
  </person>
 </frame>
 <frame number="00000634">
  <person id="0021">
   <leftEye x="362" y="173"/>
   <rightEye x="385" y="173"/>
  </person>
 </frame>
 <frame number="00000635">
  <person id="0021">
   <leftEye x="361" y="175"/>
   <rightEye x="384" y="175"/>
  </person>
 </frame>
 <frame number="00000636">
  <person id="0021">
   <leftEye x="360" y="178"/>
   <rightEye x="384" y="178"/>
  </person>
 </frame>
 <frame number="00000637">
  <person id="0021">
   <leftEye x="360" y="183"/>
   <rightEye x="385" y="183"/>
  </person>
 </frame>
 <frame number="00000638">
  <person id="0021">
   <leftEye x="360" y="189"/>
   <rightEye x="386" y="189"/>
  </person>
 </frame>
 <frame number="00000639">
  <person id="0021">
   <leftEye x="361" y="195"/>
   <rightEye x="388" y="195"/>
  </person>
 </frame>
 <frame number="00000640">
  <person id="0021">
   <leftEye x="363" y="201"/>
   <rightEye x="390" y="201"/>
  </person>
 </frame>
 <frame number="00000641">
  <person id="0021">
   <leftEye x="365" y="206"/>
   <rightEye x="393" y="206"/>
  </person>
 </frame>
 <frame number="00000642">
  <person id="0021">
   <leftEye x="367" y="209"/>
   <rightEye x="396" y="209"/>
  </person>
 </frame>
 <frame number="00000643">
  <person id="0021">
   <leftEye x="369" y="211"/>
   <rightEye x="399" y="211"/>
  </person>
 </frame>
 <frame number="00000644">
  <person id="0021">
   <leftEye x="371" y="211"/>
   <rightEye x="401" y="211"/>
  </person>
 </frame>
 <frame number="00000645">
  <person id="0021">
   <leftEye x="372" y="210"/>
   <rightEye x="402" y="210"/>
  </person>
 </frame>
 <frame number="00000646">
  <person id="0021">
   <leftEye x="372" y="209"/>
   <rightEye x="403" y="209"/>
  </person>
 </frame>
 <frame number="00000647">
  <person id="0021">
   <leftEye x="372" y="207"/>
   <rightEye x="403" y="207"/>
  </person>
 </frame>
 <frame number="00000648">
  <person id="0021">
   <leftEye x="371" y="205"/>
   <rightEye x="402" y="205"/>
  </person>
 </frame>
 <frame number="00000649">
  <person id="0021">
   <leftEye x="369" y="206"/>
   <rightEye x="401" y="205"/>
  </person>
 </frame>
 <frame number="00000650">
  <person id="0021">
   <leftEye x="367" y="209"/>
   <rightEye x="399" y="208"/>
  </person>
 </frame>
 <frame number="00000651">
  <person id="0021">
   <leftEye x="364" y="214"/>
   <rightEye x="396" y="213"/>
  </person>
 </frame>
 <frame number="00000652">
  <person id="0021">
   <leftEye x="360" y="221"/>
   <rightEye x="393" y="220"/>
  </person>
 </frame>
 <frame number="00000653">
  <person id="0021">
   <leftEye x="356" y="231"/>
   <rightEye x="390" y="230"/>
  </person>
 </frame>
 <frame number="00000654">
  <person id="0021">
   <leftEye x="351" y="241"/>
   <rightEye x="387" y="240"/>
  </person>
 </frame>
 <frame number="00000655">
  <person id="0021">
   <leftEye x="346" y="251"/>
   <rightEye x="383" y="249"/>
  </person>
 </frame>
 <frame number="00000656">
  <person id="0021">
   <leftEye x="340" y="260"/>
   <rightEye x="378" y="258"/>
  </person>
 </frame>
 <frame number="00000657">
  <person id="0021">
   <leftEye x="334" y="267"/>
   <rightEye x="372" y="265"/>
  </person>
 </frame>
 <frame number="00000658">
  <person id="0021">
   <leftEye x="328" y="272"/>
   <rightEye x="368" y="270"/>
  </person>
 </frame>
 <frame number="00000659">
  <person id="0021">
   <leftEye x="327" y="272"/>
   <rightEye x="368" y="270"/>
  </person>
 </frame>
 <frame number="00000660">
  <person id="0021">
   <leftEye x="315" y="278"/>
   <rightEye x="356" y="277"/>
  </person>
 </frame>
 <frame number="00000661">
  <person id="0021">
   <leftEye x="308" y="279"/>
   <rightEye x="352" y="277"/>
  </person>
 </frame>
 <frame number="00000662">
  <person id="0021">
   <leftEye x="304" y="278"/>
   <rightEye x="349" y="275"/>
  </person>
 </frame>
 <frame number="00000663">
  <person id="0021">
   <leftEye x="301" y="278"/>
   <rightEye x="348" y="275"/>
  </person>
 </frame>
 <frame number="00000664">
  <person id="0021">
   <leftEye x="299" y="280"/>
   <rightEye x="347" y="278"/>
  </person>
 </frame>
 <frame number="00000665">
  <person id="0021">
   <leftEye x="297" y="285"/>
   <rightEye x="347" y="283"/>
  </person>
 </frame>
 <frame number="00000666">
  <person id="0021">
   <leftEye x="295" y="294"/>
   <rightEye x="347" y="292"/>
  </person>
 </frame>
 <frame number="00000667">
  <person id="0021">
   <leftEye x="293" y="307"/>
   <rightEye x="347" y="306"/>
  </person>
 </frame>
 <frame number="00000668">
  <person id="0021">
   <leftEye x="292" y="324"/>
   <rightEye x="348" y="323"/>
  </person>
 </frame>
 <frame number="00000669">
  <person id="0021">
   <leftEye x="290" y="345"/>
   <rightEye x="349" y="344"/>
  </person>
 </frame>
 <frame number="00000670">
  <person id="0021">
   <leftEye x="289" y="367"/>
   <rightEye x="351" y="366"/>
  </person>
 </frame>
 <frame number="00000671">
  <person id="0021">
   <leftEye x="289" y="390"/>
   <rightEye x="354" y="389"/>
  </person>
 </frame>
 <frame number="00000672">
  <person id="0021">
   <leftEye x="289" y="411"/>
   <rightEye x="358" y="411"/>
  </person>
 </frame>
 <frame number="00000673">
  <person id="0021">
   <leftEye x="290" y="430"/>
   <rightEye x="361" y="431"/>
  </person>
 </frame>
 <frame number="00000674">
  <person id="0021">
   <leftEye x="289" y="430"/>
   <rightEye x="361" y="431"/>
  </person>
 </frame>
 <frame number="00000675">
  <person id="0021">
   <leftEye x="288" y="449"/>
   <rightEye x="363" y="449"/>
  </person>
 </frame>
 <frame number="00000676">
  <person id="0021">
   <leftEye x="287" y="470"/>
   <rightEye x="367" y="470"/>
  </person>
 </frame>
 <frame number="00000677"/>
 <frame number="00000678"/>
 <frame number="00000679"/>
 <frame number="00000680"/>
 <frame number="00000681"/>
 <frame number="00000682"/>
 <frame number="00000683"/>
 <frame number="00000684"/>
 <frame number="00000685"/>
 <frame number="00000686"/>
 <frame number="00000687"/>
 <frame number="00000688"/>
 <frame number="00000767"/>
 <frame number="00000768"/>
 <frame number="00000769"/>
 <frame number="00000770"/>
 <frame number="00000771"/>
 <frame number="00000772"/>
 <frame number="00000773"/>
 <frame number="00000774"/>
 <frame number="00000775"/>
 <frame number="00000776"/>
 <frame number="00000777"/>
 <frame number="00000778"/>
 <frame number="00000779"/>
 <frame number="00000780"/>
 <frame number="00000781"/>
 <frame number="00000782"/>
 <frame number="00000783"/>
 <frame number="00000784"/>
 <frame number="00000785"/>
 <frame number="00000786"/>
 <frame number="00000787"/>
 <frame number="00000788"/>
 <frame number="00000789"/>
 <frame number="00000790"/>
 <frame number="00000791"/>
 <frame number="00000792"/>
 <frame number="00000793"/>
 <frame number="00000794"/>
 <frame number="00000795"/>
 <frame number="00000796"/>
 <frame number="00000797"/>
 <frame number="00000798"/>
 <frame number="00000799"/>
 <frame number="00000800"/>
 <frame number="00000801"/>
 <frame number="00000802"/>
 <frame number="00000803"/>
 <frame number="00000804"/>
 <frame number="00000805"/>
 <frame number="00000806"/>
 <frame number="00000807"/>
 <frame number="00000808">
  <person id="0002">
   <leftEye x="523" y="155"/>
   <rightEye x="539" y="155"/>
  </person>
 </frame>
 <frame number="00000809">
  <person id="0002">
   <leftEye x="517" y="157"/>
   <rightEye x="532" y="157"/>
  </person>
 </frame>
 <frame number="00000810">
  <person id="0002">
   <leftEye x="510" y="159"/>
   <rightEye x="525" y="160"/>
  </person>
 </frame>
 <frame number="00000811">
  <person id="0002">
   <leftEye x="503" y="161"/>
   <rightEye x="519" y="163"/>
  </person>
 </frame>
 <frame number="00000812">
  <person id="0002">
   <leftEye x="496" y="163"/>
   <rightEye x="513" y="165"/>
  </person>
 </frame>
 <frame number="00000813">
  <person id="0002">
   <leftEye x="489" y="165"/>
   <rightEye x="507" y="167"/>
  </person>
 </frame>
 <frame number="00000814">
  <person id="0002">
   <leftEye x="483" y="165"/>
   <rightEye x="501" y="167"/>
  </person>
 </frame>
 <frame number="00000815">
  <person id="0002">
   <leftEye x="477" y="164"/>
   <rightEye x="495" y="166"/>
  </person>
 </frame>
 <frame number="00000816">
  <person id="0002">
   <leftEye x="473" y="162"/>
   <rightEye x="491" y="164"/>
  </person>
 </frame>
 <frame number="00000817">
  <person id="0002">
   <leftEye x="468" y="160"/>
   <rightEye x="487" y="161"/>
  </person>
 </frame>
 <frame number="00000818">
  <person id="0002">
   <leftEye x="464" y="158"/>
   <rightEye x="483" y="159"/>
  </person>
 </frame>
 <frame number="00000819">
  <person id="0002">
   <leftEye x="460" y="157"/>
   <rightEye x="479" y="158"/>
  </person>
 </frame>
 <frame number="00000820">
  <person id="0002">
   <leftEye x="456" y="158"/>
   <rightEye x="476" y="158"/>
  </person>
 </frame>
 <frame number="00000821">
  <person id="0002">
   <leftEye x="453" y="160"/>
   <rightEye x="473" y="160"/>
  </person>
 </frame>
 <frame number="00000822">
  <person id="0002">
   <leftEye x="449" y="164"/>
   <rightEye x="470" y="164"/>
  </person>
 </frame>
 <frame number="00000823">
  <person id="0002">
   <leftEye x="445" y="169"/>
   <rightEye x="466" y="169"/>
  </person>
 </frame>
 <frame number="00000824">
  <person id="0002">
   <leftEye x="442" y="173"/>
   <rightEye x="463" y="174"/>
  </person>
 </frame>
 <frame number="00000825">
  <person id="0002">
   <leftEye x="439" y="177"/>
   <rightEye x="460" y="178"/>
  </person>
 </frame>
 <frame number="00000826">
  <person id="0002">
   <leftEye x="436" y="181"/>
   <rightEye x="458" y="181"/>
  </person>
 </frame>
 <frame number="00000827">
  <person id="0002">
   <leftEye x="434" y="183"/>
   <rightEye x="456" y="183"/>
  </person>
 </frame>
 <frame number="00000828">
  <person id="0002">
   <leftEye x="432" y="183"/>
   <rightEye x="455" y="183"/>
  </person>
 </frame>
 <frame number="00000829">
  <person id="0002">
   <leftEye x="430" y="183"/>
   <rightEye x="454" y="183"/>
  </person>
 </frame>
 <frame number="00000830">
  <person id="0002">
   <leftEye x="429" y="182"/>
   <rightEye x="453" y="182"/>
  </person>
 </frame>
 <frame number="00000831">
  <person id="0002">
   <leftEye x="428" y="182"/>
   <rightEye x="452" y="182"/>
  </person>
 </frame>
 <frame number="00000832">
  <person id="0002">
   <leftEye x="426" y="181"/>
   <rightEye x="451" y="181"/>
  </person>
 </frame>
 <frame number="00000833">
  <person id="0002">
   <leftEye x="425" y="180"/>
   <rightEye x="450" y="180"/>
  </person>
 </frame>
 <frame number="00000834">
  <person id="0002">
   <leftEye x="424" y="181"/>
   <rightEye x="449" y="181"/>
  </person>
 </frame>
 <frame number="00000835">
  <person id="0002">
   <leftEye x="423" y="184"/>
   <rightEye x="449" y="184"/>
  </person>
 </frame>
 <frame number="00000836">
  <person id="0002">
   <leftEye x="422" y="188"/>
   <rightEye x="449" y="188"/>
  </person>
 </frame>
 <frame number="00000837">
  <person id="0002">
   <leftEye x="421" y="193"/>
   <rightEye x="449" y="193"/>
  </person>
 </frame>
 <frame number="00000838">
  <person id="0002">
   <leftEye x="421" y="200"/>
   <rightEye x="450" y="200"/>
  </person>
 </frame>
 <frame number="00000839">
  <person id="0002">
   <leftEye x="420" y="206"/>
   <rightEye x="451" y="206"/>
  </person>
 </frame>
 <frame number="00000840">
  <person id="0002">
   <leftEye x="419" y="212"/>
   <rightEye x="451" y="212"/>
  </person>
 </frame>
 <frame number="00000841">
  <person id="0002">
   <leftEye x="419" y="219"/>
   <rightEye x="450" y="219"/>
  </person>
 </frame>
 <frame number="00000842">
  <person id="0002">
   <leftEye x="418" y="225"/>
   <rightEye x="450" y="225"/>
  </person>
 </frame>
 <frame number="00000843">
  <person id="0002">
   <leftEye x="416" y="228"/>
   <rightEye x="449" y="228"/>
  </person>
 </frame>
 <frame number="00000844">
  <person id="0002">
   <leftEye x="415" y="229"/>
   <rightEye x="449" y="229"/>
  </person>
 </frame>
 <frame number="00000845">
  <person id="0002">
   <leftEye x="415" y="229"/>
   <rightEye x="449" y="229"/>
  </person>
 </frame>
 <frame number="00000846">
  <person id="0002">
   <leftEye x="415" y="228"/>
   <rightEye x="449" y="227"/>
  </person>
 </frame>
 <frame number="00000847">
  <person id="0002">
   <leftEye x="414" y="226"/>
   <rightEye x="450" y="225"/>
  </person>
 </frame>
 <frame number="00000848">
  <person id="0002">
   <leftEye x="413" y="226"/>
   <rightEye x="451" y="225"/>
  </person>
 </frame>
 <frame number="00000849">
  <person id="0002">
   <leftEye x="413" y="228"/>
   <rightEye x="452" y="228"/>
  </person>
 </frame>
 <frame number="00000850">
  <person id="0002">
   <leftEye x="413" y="234"/>
   <rightEye x="452" y="234"/>
  </person>
 </frame>
 <frame number="00000851">
  <person id="0002">
   <leftEye x="412" y="243"/>
   <rightEye x="452" y="243"/>
  </person>
 </frame>
 <frame number="00000852">
  <person id="0002">
   <leftEye x="411" y="253"/>
   <rightEye x="453" y="253"/>
  </person>
 </frame>
 <frame number="00000853">
  <person id="0002">
   <leftEye x="409" y="265"/>
   <rightEye x="453" y="265"/>
  </person>
 </frame>
 <frame number="00000854">
  <person id="0002">
   <leftEye x="407" y="279"/>
   <rightEye x="452" y="279"/>
  </person>
 </frame>
 <frame number="00000855">
  <person id="0002">
   <leftEye x="405" y="292"/>
   <rightEye x="452" y="292"/>
  </person>
 </frame>
 <frame number="00000856">
  <person id="0002">
   <leftEye x="404" y="304"/>
   <rightEye x="452" y="304"/>
  </person>
 </frame>
 <frame number="00000857">
  <person id="0002">
   <leftEye x="403" y="316"/>
   <rightEye x="454" y="315"/>
  </person>
 </frame>
 <frame number="00000858">
  <person id="0002">
   <leftEye x="402" y="325"/>
   <rightEye x="456" y="324"/>
  </person>
 </frame>
 <frame number="00000859">
  <person id="0002">
   <leftEye x="401" y="334"/>
   <rightEye x="458" y="333"/>
  </person>
 </frame>
 <frame number="00000860">
  <person id="0002">
   <leftEye x="400" y="342"/>
   <rightEye x="461" y="342"/>
  </person>
 </frame>
 <frame number="00000861">
  <person id="0002">
   <leftEye x="400" y="349"/>
   <rightEye x="463" y="349"/>
  </person>
 </frame>
 <frame number="00000862">
  <person id="0002">
   <leftEye x="399" y="355"/>
   <rightEye x="465" y="355"/>
  </person>
 </frame>
 <frame number="00000863">
  <person id="0002">
   <leftEye x="396" y="363"/>
   <rightEye x="466" y="363"/>
  </person>
 </frame>
 <frame number="00000864">
  <person id="0002">
   <leftEye x="393" y="374"/>
   <rightEye x="467" y="374"/>
  </person>
 </frame>
 <frame number="00000865">
  <person id="0002">
   <leftEye x="389" y="393"/>
   <rightEye x="468" y="393"/>
  </person>
 </frame>
 <frame number="00000866">
  <person id="0002">
   <leftEye x="384" y="419"/>
   <rightEye x="470" y="420"/>
  </person>
 </frame>
 <frame number="00000867">
  <person id="0002">
   <leftEye x="378" y="449"/>
   <rightEye x="472" y="449"/>
  </person>
 </frame>
 <frame number="00000868"/>
 <frame number="00000869"/>
 <frame number="00000870"/>
 <frame number="00000871"/>
 <frame number="00000872"/>
 <frame number="00000873"/>
 <frame number="00000874"/>
 <frame number="00000875"/>
 <frame number="00000876"/>
 <frame number="00000934"/>
 <frame number="00000935"/>
 <frame number="00000936"/>
 <frame number="00000937"/>
 <frame number="00000938"/>
 <frame number="00000939"/>
 <frame number="00000940"/>
 <frame number="00000941"/>
 <frame number="00000942"/>
 <frame number="00000943"/>
 <frame number="00000944"/>
 <frame number="00000945"/>
 <frame number="00000946"/>
 <frame number="00000947"/>
 <frame number="00000948"/>
 <frame number="00000949"/>
 <frame number="00000950"/>
 <frame number="00000951"/>
 <frame number="00000952"/>
 <frame number="00000953"/>
 <frame number="00000954"/>
 <frame number="00000955"/>
 <frame number="00000956"/>
 <frame number="00000957"/>
 <frame number="00000958"/>
 <frame number="00000959"/>
 <frame number="00000960"/>
 <frame number="00000961"/>
 <frame number="00000962"/>
 <frame number="00000963"/>
 <frame number="00000964"/>
 <frame number="00000965"/>
 <frame number="00000966"/>
 <frame number="00000967"/>
 <frame number="00000968"/>
 <frame number="00000969"/>
 <frame number="00000970"/>
 <frame number="00000971"/>
 <frame number="00000972"/>
 <frame number="00000973"/>
 <frame number="00000974"/>
 <frame number="00000975"/>
 <frame number="00000976">
  <person id="0003">
   <leftEye x="531" y="164"/>
   <rightEye x="547" y="165"/>
  </person>
 </frame>
 <frame number="00000977">
  <person id="0003">
   <leftEye x="526" y="163"/>
   <rightEye x="541" y="164"/>
  </person>
 </frame>
 <frame number="00000978">
  <person id="0003">
   <leftEye x="520" y="162"/>
   <rightEye x="536" y="163"/>
  </person>
 </frame>
 <frame number="00000979">
  <person id="0003">
   <leftEye x="515" y="162"/>
   <rightEye x="531" y="163"/>
  </person>
 </frame>
 <frame number="00000980">
  <person id="0003">
   <leftEye x="510" y="163"/>
   <rightEye x="526" y="164"/>
  </person>
 </frame>
 <frame number="00000981">
  <person id="0003">
   <leftEye x="504" y="164"/>
   <rightEye x="521" y="165"/>
  </person>
 </frame>
 <frame number="00000982">
  <person id="0003">
   <leftEye x="499" y="166"/>
   <rightEye x="515" y="167"/>
  </person>
 </frame>
 <frame number="00000983">
  <person id="0003">
   <leftEye x="494" y="169"/>
   <rightEye x="511" y="169"/>
  </person>
 </frame>
 <frame number="00000984">
  <person id="0003">
   <leftEye x="489" y="171"/>
   <rightEye x="506" y="172"/>
  </person>
 </frame>
 <frame number="00000985">
  <person id="0003">
   <leftEye x="483" y="173"/>
   <rightEye x="500" y="174"/>
  </person>
 </frame>
 <frame number="00000986">
  <person id="0003">
   <leftEye x="478" y="175"/>
   <rightEye x="495" y="176"/>
  </person>
 </frame>
 <frame number="00000987">
  <person id="0003">
   <leftEye x="473" y="177"/>
   <rightEye x="490" y="178"/>
  </person>
 </frame>
 <frame number="00000988">
  <person id="0003">
   <leftEye x="467" y="178"/>
   <rightEye x="485" y="179"/>
  </person>
 </frame>
 <frame number="00000989">
  <person id="0003">
   <leftEye x="462" y="178"/>
   <rightEye x="481" y="179"/>
  </person>
 </frame>
 <frame number="00000990">
  <person id="0003">
   <leftEye x="458" y="178"/>
   <rightEye x="476" y="179"/>
  </person>
 </frame>
 <frame number="00000991">
  <person id="0003">
   <leftEye x="454" y="178"/>
   <rightEye x="472" y="179"/>
  </person>
 </frame>
 <frame number="00000992">
  <person id="0003">
   <leftEye x="450" y="178"/>
   <rightEye x="468" y="179"/>
  </person>
 </frame>
 <frame number="00000993">
  <person id="0003">
   <leftEye x="447" y="178"/>
   <rightEye x="465" y="179"/>
  </person>
 </frame>
 <frame number="00000994">
  <person id="0003">
   <leftEye x="444" y="178"/>
   <rightEye x="462" y="180"/>
  </person>
 </frame>
 <frame number="00000995">
  <person id="0003">
   <leftEye x="441" y="180"/>
   <rightEye x="459" y="181"/>
  </person>
 </frame>
 <frame number="00000996">
  <person id="0003">
   <leftEye x="438" y="182"/>
   <rightEye x="457" y="183"/>
  </person>
 </frame>
 <frame number="00000997">
  <person id="0003">
   <leftEye x="436" y="184"/>
   <rightEye x="455" y="185"/>
  </person>
 </frame>
 <frame number="00000998">
  <person id="0003">
   <leftEye x="434" y="187"/>
   <rightEye x="453" y="188"/>
  </person>
 </frame>
 <frame number="00000999">
  <person id="0003">
   <leftEye x="432" y="190"/>
   <rightEye x="451" y="192"/>
  </person>
 </frame>
 <frame number="00001000">
  <person id="0003">
   <leftEye x="430" y="194"/>
   <rightEye x="450" y="195"/>
  </person>
 </frame>
 <frame number="00001001">
  <person id="0003">
   <leftEye x="429" y="197"/>
   <rightEye x="449" y="198"/>
  </person>
 </frame>
 <frame number="00001002">
  <person id="0003">
   <leftEye x="428" y="198"/>
   <rightEye x="448" y="199"/>
  </person>
 </frame>
 <frame number="00001003">
  <person id="0003">
   <leftEye x="426" y="199"/>
   <rightEye x="448" y="200"/>
  </person>
 </frame>
 <frame number="00001004">
  <person id="0003">
   <leftEye x="425" y="199"/>
   <rightEye x="448" y="200"/>
  </person>
 </frame>
 <frame number="00001005">
  <person id="0003">
   <leftEye x="424" y="199"/>
   <rightEye x="447" y="200"/>
  </person>
 </frame>
 <frame number="00001006">
  <person id="0003">
   <leftEye x="423" y="199"/>
   <rightEye x="447" y="199"/>
  </person>
 </frame>
 <frame number="00001007">
  <person id="0003">
   <leftEye x="422" y="198"/>
   <rightEye x="445" y="199"/>
  </person>
 </frame>
 <frame number="00001008">
  <person id="0003">
   <leftEye x="421" y="198"/>
   <rightEye x="444" y="199"/>
  </person>
 </frame>
 <frame number="00001009">
  <person id="0003">
   <leftEye x="419" y="199"/>
   <rightEye x="443" y="200"/>
  </person>
 </frame>
 <frame number="00001010">
  <person id="0003">
   <leftEye x="418" y="201"/>
   <rightEye x="442" y="201"/>
  </person>
 </frame>
 <frame number="00001011">
  <person id="0003">
   <leftEye x="416" y="204"/>
   <rightEye x="441" y="204"/>
  </person>
 </frame>
 <frame number="00001012">
  <person id="0003">
   <leftEye x="414" y="207"/>
   <rightEye x="440" y="207"/>
  </person>
 </frame>
 <frame number="00001013">
  <person id="0003">
   <leftEye x="415" y="211"/>
   <rightEye x="439" y="211"/>
  </person>
 </frame>
 <frame number="00001014">
  <person id="0003">
   <leftEye x="413" y="215"/>
   <rightEye x="438" y="215"/>
  </person>
 </frame>
 <frame number="00001015">
  <person id="0003">
   <leftEye x="413" y="215"/>
   <rightEye x="438" y="215"/>
  </person>
 </frame>
 <frame number="00001016">
  <person id="0003">
   <leftEye x="407" y="222"/>
   <rightEye x="435" y="222"/>
  </person>
 </frame>
 <frame number="00001017">
  <person id="0003">
   <leftEye x="405" y="226"/>
   <rightEye x="433" y="226"/>
  </person>
 </frame>
 <frame number="00001018">
  <person id="0003">
   <leftEye x="403" y="229"/>
   <rightEye x="431" y="229"/>
  </person>
 </frame>
 <frame number="00001019">
  <person id="0003">
   <leftEye x="400" y="231"/>
   <rightEye x="429" y="231"/>
  </person>
 </frame>
 <frame number="00001020">
  <person id="0003">
   <leftEye x="397" y="231"/>
   <rightEye x="427" y="231"/>
  </person>
 </frame>
 <frame number="00001021">
  <person id="0003">
   <leftEye x="395" y="231"/>
   <rightEye x="425" y="231"/>
  </person>
 </frame>
 <frame number="00001022">
  <person id="0003">
   <leftEye x="393" y="232"/>
   <rightEye x="423" y="232"/>
  </person>
 </frame>
 <frame number="00001023">
  <person id="0003">
   <leftEye x="392" y="232"/>
   <rightEye x="422" y="232"/>
  </person>
 </frame>
 <frame number="00001024">
  <person id="0003">
   <leftEye x="391" y="233"/>
   <rightEye x="422" y="233"/>
  </person>
 </frame>
 <frame number="00001025">
  <person id="0003">
   <leftEye x="390" y="235"/>
   <rightEye x="422" y="235"/>
  </person>
 </frame>
 <frame number="00001026">
  <person id="0003">
   <leftEye x="389" y="238"/>
   <rightEye x="422" y="238"/>
  </person>
 </frame>
 <frame number="00001027">
  <person id="0003">
   <leftEye x="388" y="242"/>
   <rightEye x="421" y="242"/>
  </person>
 </frame>
 <frame number="00001028">
  <person id="0003">
   <leftEye x="388" y="247"/>
   <rightEye x="420" y="247"/>
  </person>
 </frame>
 <frame number="00001029">
  <person id="0003">
   <leftEye x="387" y="253"/>
   <rightEye x="420" y="253"/>
  </person>
 </frame>
 <frame number="00001030">
  <person id="0003">
   <leftEye x="387" y="259"/>
   <rightEye x="421" y="259"/>
  </person>
 </frame>
 <frame number="00001031">
  <person id="0003">
   <leftEye x="386" y="266"/>
   <rightEye x="422" y="266"/>
  </person>
 </frame>
 <frame number="00001032">
  <person id="0003">
   <leftEye x="386" y="273"/>
   <rightEye x="422" y="273"/>
  </person>
 </frame>
 <frame number="00001033">
  <person id="0003">
   <leftEye x="386" y="279"/>
   <rightEye x="423" y="279"/>
  </person>
 </frame>
 <frame number="00001034">
  <person id="0003">
   <leftEye x="386" y="283"/>
   <rightEye x="424" y="283"/>
  </person>
 </frame>
 <frame number="00001035">
  <person id="0003">
   <leftEye x="386" y="286"/>
   <rightEye x="426" y="286"/>
  </person>
 </frame>
 <frame number="00001036">
  <person id="0003">
   <leftEye x="386" y="288"/>
   <rightEye x="426" y="288"/>
  </person>
 </frame>
 <frame number="00001037">
  <person id="0003">
   <leftEye x="386" y="290"/>
   <rightEye x="426" y="290"/>
  </person>
 </frame>
 <frame number="00001038">
  <person id="0003">
   <leftEye x="386" y="292"/>
   <rightEye x="427" y="292"/>
  </person>
 </frame>
 <frame number="00001039">
  <person id="0003">
   <leftEye x="385" y="295"/>
   <rightEye x="427" y="295"/>
  </person>
 </frame>
 <frame number="00001040">
  <person id="0003">
   <leftEye x="383" y="299"/>
   <rightEye x="426" y="299"/>
  </person>
 </frame>
 <frame number="00001041">
  <person id="0003">
   <leftEye x="382" y="304"/>
   <rightEye x="425" y="304"/>
  </person>
 </frame>
 <frame number="00001042">
  <person id="0003">
   <leftEye x="380" y="311"/>
   <rightEye x="425" y="311"/>
  </person>
 </frame>
 <frame number="00001043">
  <person id="0003">
   <leftEye x="378" y="320"/>
   <rightEye x="425" y="320"/>
  </person>
 </frame>
 <frame number="00001044">
  <person id="0003">
   <leftEye x="377" y="330"/>
   <rightEye x="424" y="330"/>
  </person>
 </frame>
 <frame number="00001045">
  <person id="0003">
   <leftEye x="375" y="341"/>
   <rightEye x="424" y="341"/>
  </person>
 </frame>
 <frame number="00001046">
  <person id="0003">
   <leftEye x="372" y="353"/>
   <rightEye x="424" y="352"/>
  </person>
 </frame>
 <frame number="00001047">
  <person id="0003">
   <leftEye x="370" y="364"/>
   <rightEye x="422" y="363"/>
  </person>
 </frame>
 <frame number="00001048">
  <person id="0003">
   <leftEye x="367" y="376"/>
   <rightEye x="420" y="375"/>
  </person>
 </frame>
 <frame number="00001049">
  <person id="0003">
   <leftEye x="364" y="386"/>
   <rightEye x="418" y="386"/>
  </person>
 </frame>
 <frame number="00001050">
  <person id="0003">
   <leftEye x="362" y="394"/>
   <rightEye x="416" y="394"/>
  </person>
 </frame>
 <frame number="00001051">
  <person id="0003">
   <leftEye x="358" y="400"/>
   <rightEye x="415" y="401"/>
  </person>
 </frame>
 <frame number="00001052">
  <person id="0003">
   <leftEye x="356" y="407"/>
   <rightEye x="415" y="407"/>
  </person>
 </frame>
 <frame number="00001053">
  <person id="0003">
   <leftEye x="355" y="414"/>
   <rightEye x="415" y="415"/>
  </person>
 </frame>
 <frame number="00001054">
  <person id="0003">
   <leftEye x="354" y="423"/>
   <rightEye x="417" y="424"/>
  </person>
 </frame>
 <frame number="00001055">
  <person id="0003">
   <leftEye x="353" y="434"/>
   <rightEye x="419" y="435"/>
  </person>
 </frame>
 <frame number="00001056">
  <person id="0003">
   <leftEye x="354" y="447"/>
   <rightEye x="422" y="449"/>
  </person>
 </frame>
 <frame number="00001057">
  <person id="0003">
   <leftEye x="355" y="463"/>
   <rightEye x="426" y="465"/>
  </person>
 </frame>
 <frame number="00001058">
  <person id="0003">
   <leftEye x="358" y="481"/>
   <rightEye x="429" y="483"/>
  </person>
 </frame>
 <frame number="00001059"/>
 <frame number="00001060"/>
 <frame number="00001061"/>
 <frame number="00001062"/>
 <frame number="00001063"/>
 <frame number="00001064"/>
 <frame number="00001065"/>
 <frame number="00001066"/>
 <frame number="00001067"/>
 <frame number="00001068"/>
 <frame number="00001069"/>
 <frame number="00001070"/>
 <frame number="00001071"/>
 <frame number="00001072"/>
 <frame number="00001073"/>
</dataset>
