<!DOCTYPE GroundTruth>
<dataset name="P2E_S1_C1">
 <frame number="00000000"/>
 <frame number="00000001"/>
 <frame number="00000002"/>
 <frame number="00000003"/>
 <frame number="00000004"/>
 <frame number="00000005"/>
 <frame number="00000006"/>
 <frame number="00000007"/>
 <frame number="00000008"/>
 <frame number="00000009"/>
 <frame number="00000010"/>
 <frame number="00000011"/>
 <frame number="00000012"/>
 <frame number="00000013"/>
 <frame number="00000014"/>
 <frame number="00000015"/>
 <frame number="00000016"/>
 <frame number="00000017"/>
 <frame number="00000018"/>
 <frame number="00000019"/>
 <frame number="00000020"/>
 <frame number="00000021"/>
 <frame number="00000022"/>
 <frame number="00000023"/>
 <frame number="00000024"/>
 <frame number="00000025"/>
 <frame number="00000026"/>
 <frame number="00000027"/>
 <frame number="00000028"/>
 <frame number="00000029"/>
 <frame number="00000030"/>
 <frame number="00000031"/>
 <frame number="00000032"/>
 <frame number="00000033"/>
 <frame number="00000034"/>
 <frame number="00000035"/>
 <frame number="00000036"/>
 <frame number="00000037"/>
 <frame number="00000038"/>
 <frame number="00000039"/>
 <frame number="00000040"/>
 <frame number="00000041"/>
 <frame number="00000042"/>
 <frame number="00000043"/>
 <frame number="00000044"/>
 <frame number="00000045"/>
 <frame number="00000046"/>
 <frame number="00000047"/>
 <frame number="00000048"/>
 <frame number="00000049"/>
 <frame number="00000050"/>
 <frame number="00000051"/>
 <frame number="00000052"/>
 <frame number="00000053"/>
 <frame number="00000054"/>
 <frame number="00000055"/>
 <frame number="00000056"/>
 <frame number="00000057"/>
 <frame number="00000058"/>
 <frame number="00000059"/>
 <frame number="00000060"/>
 <frame number="00000061"/>
 <frame number="00000062"/>
 <frame number="00000063"/>
 <frame number="00000064"/>
 <frame number="00000065"/>
 <frame number="00000066"/>
 <frame number="00000067"/>
 <frame number="00000068"/>
 <frame number="00000069"/>
 <frame number="00000070"/>
 <frame number="00000071"/>
 <frame number="00000072"/>
 <frame number="00000073"/>
 <frame number="00000074"/>
 <frame number="00000075"/>
 <frame number="00000076"/>
 <frame number="00000077"/>
 <frame number="00000078"/>
 <frame number="00000079"/>
 <frame number="00000080"/>
 <frame number="00000081"/>
 <frame number="00000082"/>
 <frame number="00000083"/>
 <frame number="00000084"/>
 <frame number="00000085"/>
 <frame number="00000086"/>
 <frame number="00000087"/>
 <frame number="00000088"/>
 <frame number="00000089"/>
 <frame number="00000090"/>
 <frame number="00000091"/>
 <frame number="00000092"/>
 <frame number="00000093"/>
 <frame number="00000094"/>
 <frame number="00000095"/>
 <frame number="00000096"/>
 <frame number="00000097"/>
 <frame number="00000098"/>
 <frame number="00000099"/>
 <frame number="00000127"/>
 <frame number="00000128"/>
 <frame number="00000129"/>
 <frame number="00000130"/>
 <frame number="00000131"/>
 <frame number="00000132"/>
 <frame number="00000133"/>
 <frame number="00000134"/>
 <frame number="00000135"/>
 <frame number="00000136"/>
 <frame number="00000137"/>
 <frame number="00000138"/>
 <frame number="00000139"/>
 <frame number="00000140"/>
 <frame number="00000141"/>
 <frame number="00000142"/>
 <frame number="00000143"/>
 <frame number="00000144"/>
 <frame number="00000145"/>
 <frame number="00000146"/>
 <frame number="00000147"/>
 <frame number="00000148"/>
 <frame number="00000149"/>
 <frame number="00000150"/>
 <frame number="00000151"/>
 <frame number="00000152"/>
 <frame number="00000153"/>
 <frame number="00000154"/>
 <frame number="00000155"/>
 <frame number="00000156"/>
 <frame number="00000157"/>
 <frame number="00000158"/>
 <frame number="00000159"/>
 <frame number="00000160"/>
 <frame number="00000161"/>
 <frame number="00000162"/>
 <frame number="00000163"/>
 <frame number="00000164"/>
 <frame number="00000165"/>
 <frame number="00000166"/>
 <frame number="00000167"/>
 <frame number="00000168"/>
 <frame number="00000169"/>
 <frame number="00000170"/>
 <frame number="00000171"/>
 <frame number="00000172"/>
 <frame number="00000173"/>
 <frame number="00000174"/>
 <frame number="00000175"/>
 <frame number="00000176"/>
 <frame number="00000177"/>
 <frame number="00000178"/>
 <frame number="00000179"/>
 <frame number="00000180"/>
 <frame number="00000181">
  <person id="0015">
   <leftEye x="747" y="160"/>
   <rightEye x="763" y="161"/>
  </person>
 </frame>
 <frame number="00000182">
  <person id="0015">
   <leftEye x="745" y="159"/>
   <rightEye x="761" y="160"/>
  </person>
 </frame>
 <frame number="00000183">
  <person id="0015">
   <leftEye x="743" y="159"/>
   <rightEye x="759" y="160"/>
  </person>
 </frame>
 <frame number="00000184">
  <person id="0015">
   <leftEye x="741" y="159"/>
   <rightEye x="756" y="160"/>
  </person>
 </frame>
 <frame number="00000185">
  <person id="0015">
   <leftEye x="739" y="160"/>
   <rightEye x="754" y="161"/>
  </person>
 </frame>
 <frame number="00000186">
  <person id="0015">
   <leftEye x="738" y="162"/>
   <rightEye x="752" y="162"/>
  </person>
 </frame>
 <frame number="00000187">
  <person id="0015">
   <leftEye x="736" y="164"/>
   <rightEye x="750" y="164"/>
  </person>
 </frame>
 <frame number="00000188">
  <person id="0015">
   <leftEye x="734" y="166"/>
   <rightEye x="749" y="166"/>
  </person>
 </frame>
 <frame number="00000189">
  <person id="0015">
   <leftEye x="732" y="168"/>
   <rightEye x="748" y="168"/>
  </person>
 </frame>
 <frame number="00000190">
  <person id="0015">
   <leftEye x="731" y="169"/>
   <rightEye x="747" y="169"/>
  </person>
 </frame>
 <frame number="00000191">
  <person id="0015">
   <leftEye x="730" y="169"/>
   <rightEye x="746" y="169"/>
  </person>
 </frame>
 <frame number="00000192">
  <person id="0015">
   <leftEye x="729" y="168"/>
   <rightEye x="745" y="168"/>
  </person>
 </frame>
 <frame number="00000193">
  <person id="0015">
   <leftEye x="728" y="167"/>
   <rightEye x="744" y="167"/>
  </person>
 </frame>
 <frame number="00000194">
  <person id="0015">
   <leftEye x="728" y="167"/>
   <rightEye x="744" y="167"/>
  </person>
 </frame>
 <frame number="00000195">
  <person id="0015">
   <leftEye x="728" y="166"/>
   <rightEye x="744" y="166"/>
  </person>
 </frame>
 <frame number="00000196">
  <person id="0015">
   <leftEye x="729" y="165"/>
   <rightEye x="745" y="165"/>
  </person>
 </frame>
 <frame number="00000197">
  <person id="0015">
   <leftEye x="730" y="165"/>
   <rightEye x="746" y="165"/>
  </person>
 </frame>
 <frame number="00000198">
  <person id="0015">
   <leftEye x="731" y="166"/>
   <rightEye x="748" y="166"/>
  </person>
 </frame>
 <frame number="00000199">
  <person id="0015">
   <leftEye x="733" y="168"/>
   <rightEye x="750" y="168"/>
  </person>
 </frame>
 <frame number="00000200">
  <person id="0015">
   <leftEye x="735" y="170"/>
   <rightEye x="752" y="170"/>
  </person>
 </frame>
 <frame number="00000201">
  <person id="0015">
   <leftEye x="737" y="173"/>
   <rightEye x="754" y="173"/>
  </person>
 </frame>
 <frame number="00000202">
  <person id="0015">
   <leftEye x="740" y="177"/>
   <rightEye x="757" y="177"/>
  </person>
 </frame>
 <frame number="00000203">
  <person id="0015">
   <leftEye x="742" y="180"/>
   <rightEye x="760" y="180"/>
  </person>
 </frame>
 <frame number="00000204">
  <person id="0015">
   <leftEye x="745" y="183"/>
   <rightEye x="763" y="183"/>
  </person>
 </frame>
 <frame number="00000205">
  <person id="0015">
   <leftEye x="748" y="186"/>
   <rightEye x="766" y="186"/>
  </person>
 </frame>
 <frame number="00000206">
  <person id="0015">
   <leftEye x="752" y="189"/>
   <rightEye x="771" y="189"/>
  </person>
 </frame>
 <frame number="00000207">
  <person id="0015">
   <leftEye x="757" y="190"/>
   <rightEye x="775" y="190"/>
  </person>
 </frame>
 <frame number="00000208">
  <person id="0015">
   <leftEye x="761" y="190"/>
   <rightEye x="779" y="190"/>
  </person>
 </frame>
 <frame number="00000209">
  <person id="0015">
   <leftEye x="764" y="190"/>
   <rightEye x="783" y="190"/>
  </person>
 </frame>
 <frame number="00000210">
  <person id="0015">
   <leftEye x="768" y="190"/>
   <rightEye x="787" y="190"/>
  </person>
 </frame>
 <frame number="00000211">
  <person id="0015">
   <leftEye x="772" y="189"/>
   <rightEye x="791" y="189"/>
  </person>
 </frame>
 <frame number="00000212">
  <person id="0015">
   <leftEye x="776" y="189"/>
   <rightEye x="795" y="189"/>
  </person>
 </frame>
 <frame number="00000213"/>
 <frame number="00000214"/>
 <frame number="00000215"/>
 <frame number="00000216"/>
 <frame number="00000217"/>
 <frame number="00000218"/>
 <frame number="00000219"/>
 <frame number="00000220"/>
 <frame number="00000221"/>
 <frame number="00000222"/>
 <frame number="00000223"/>
 <frame number="00000224"/>
 <frame number="00000225"/>
 <frame number="00000226"/>
 <frame number="00000227"/>
 <frame number="00000228"/>
 <frame number="00000229"/>
 <frame number="00000230"/>
 <frame number="00000231"/>
 <frame number="00000232"/>
 <frame number="00000233"/>
 <frame number="00000234"/>
 <frame number="00000235"/>
 <frame number="00000236"/>
 <frame number="00000237"/>
 <frame number="00000238"/>
 <frame number="00000239"/>
 <frame number="00000240"/>
 <frame number="00000241"/>
 <frame number="00000242"/>
 <frame number="00000243"/>
 <frame number="00000244"/>
 <frame number="00000245"/>
 <frame number="00000246"/>
 <frame number="00000247"/>
 <frame number="00000248"/>
 <frame number="00000249"/>
 <frame number="00000250"/>
 <frame number="00000251"/>
 <frame number="00000252"/>
 <frame number="00000253"/>
 <frame number="00000254"/>
 <frame number="00000255"/>
 <frame number="00000256"/>
 <frame number="00000257"/>
 <frame number="00000258"/>
 <frame number="00000259"/>
 <frame number="00000260"/>
 <frame number="00000261"/>
 <frame number="00000262"/>
 <frame number="00000263"/>
 <frame number="00000264"/>
 <frame number="00000265"/>
 <frame number="00000266"/>
 <frame number="00000267"/>
 <frame number="00000268"/>
 <frame number="00000269"/>
 <frame number="00000270"/>
 <frame number="00000333"/>
 <frame number="00000334"/>
 <frame number="00000335"/>
 <frame number="00000336"/>
 <frame number="00000337"/>
 <frame number="00000338"/>
 <frame number="00000339"/>
 <frame number="00000340"/>
 <frame number="00000341"/>
 <frame number="00000342"/>
 <frame number="00000343"/>
 <frame number="00000344"/>
 <frame number="00000345"/>
 <frame number="00000346"/>
 <frame number="00000347"/>
 <frame number="00000348"/>
 <frame number="00000349"/>
 <frame number="00000350"/>
 <frame number="00000351"/>
 <frame number="00000352"/>
 <frame number="00000353"/>
 <frame number="00000354"/>
 <frame number="00000355"/>
 <frame number="00000356"/>
 <frame number="00000357"/>
 <frame number="00000358"/>
 <frame number="00000359"/>
 <frame number="00000360"/>
 <frame number="00000361"/>
 <frame number="00000362"/>
 <frame number="00000363"/>
 <frame number="00000364"/>
 <frame number="00000365"/>
 <frame number="00000366"/>
 <frame number="00000367"/>
 <frame number="00000368"/>
 <frame number="00000369"/>
 <frame number="00000370"/>
 <frame number="00000371"/>
 <frame number="00000372"/>
 <frame number="00000373"/>
 <frame number="00000374"/>
 <frame number="00000375"/>
 <frame number="00000376"/>
 <frame number="00000377"/>
 <frame number="00000378"/>
 <frame number="00000379"/>
 <frame number="00000380"/>
 <frame number="00000381"/>
 <frame number="00000382"/>
 <frame number="00000383"/>
 <frame number="00000384"/>
 <frame number="00000385"/>
 <frame number="00000386"/>
 <frame number="00000387"/>
 <frame number="00000388"/>
 <frame number="00000389"/>
 <frame number="00000390">
  <person id="0021">
   <leftEye x="722" y="171"/>
   <rightEye x="738" y="171"/>
  </person>
 </frame>
 <frame number="00000391">
  <person id="0021">
   <leftEye x="719" y="170"/>
   <rightEye x="734" y="170"/>
  </person>
 </frame>
 <frame number="00000392">
  <person id="0021">
   <leftEye x="715" y="170"/>
   <rightEye x="731" y="170"/>
  </person>
 </frame>
 <frame number="00000393">
  <person id="0021">
   <leftEye x="712" y="169"/>
   <rightEye x="728" y="169"/>
  </person>
 </frame>
 <frame number="00000394">
  <person id="0021">
   <leftEye x="710" y="169"/>
   <rightEye x="726" y="169"/>
  </person>
 </frame>
 <frame number="00000395">
  <person id="0021">
   <leftEye x="708" y="168"/>
   <rightEye x="725" y="168"/>
  </person>
 </frame>
 <frame number="00000396">
  <person id="0021">
   <leftEye x="707" y="167"/>
   <rightEye x="724" y="167"/>
  </person>
 </frame>
 <frame number="00000397">
  <person id="0021">
   <leftEye x="707" y="166"/>
   <rightEye x="723" y="166"/>
  </person>
 </frame>
 <frame number="00000398">
  <person id="0021">
   <leftEye x="707" y="166"/>
   <rightEye x="723" y="166"/>
  </person>
 </frame>
 <frame number="00000399">
  <person id="0021">
   <leftEye x="707" y="167"/>
   <rightEye x="724" y="167"/>
  </person>
 </frame>
 <frame number="00000400">
  <person id="0021">
   <leftEye x="707" y="168"/>
   <rightEye x="724" y="168"/>
  </person>
 </frame>
 <frame number="00000401">
  <person id="0021">
   <leftEye x="707" y="171"/>
   <rightEye x="725" y="171"/>
  </person>
 </frame>
 <frame number="00000402">
  <person id="0021">
   <leftEye x="708" y="174"/>
   <rightEye x="726" y="174"/>
  </person>
 </frame>
 <frame number="00000403">
  <person id="0021">
   <leftEye x="710" y="177"/>
   <rightEye x="727" y="177"/>
  </person>
 </frame>
 <frame number="00000404">
  <person id="0021">
   <leftEye x="712" y="180"/>
   <rightEye x="729" y="180"/>
  </person>
 </frame>
 <frame number="00000405">
  <person id="0021">
   <leftEye x="715" y="182"/>
   <rightEye x="732" y="183"/>
  </person>
 </frame>
 <frame number="00000406">
  <person id="0021">
   <leftEye x="717" y="184"/>
   <rightEye x="735" y="185"/>
  </person>
 </frame>
 <frame number="00000407">
  <person id="0021">
   <leftEye x="720" y="185"/>
   <rightEye x="738" y="186"/>
  </person>
 </frame>
 <frame number="00000408">
  <person id="0021">
   <leftEye x="724" y="186"/>
   <rightEye x="742" y="187"/>
  </person>
 </frame>
 <frame number="00000409">
  <person id="0021">
   <leftEye x="728" y="186"/>
   <rightEye x="747" y="187"/>
  </person>
 </frame>
 <frame number="00000410">
  <person id="0021">
   <leftEye x="732" y="186"/>
   <rightEye x="750" y="187"/>
  </person>
 </frame>
 <frame number="00000411">
  <person id="0021">
   <leftEye x="735" y="186"/>
   <rightEye x="754" y="187"/>
  </person>
 </frame>
 <frame number="00000412">
  <person id="0021">
   <leftEye x="738" y="185"/>
   <rightEye x="757" y="187"/>
  </person>
 </frame>
 <frame number="00000413">
  <person id="0021">
   <leftEye x="741" y="184"/>
   <rightEye x="760" y="186"/>
  </person>
 </frame>
 <frame number="00000414">
  <person id="0021">
   <leftEye x="743" y="184"/>
   <rightEye x="762" y="185"/>
  </person>
 </frame>
 <frame number="00000415">
  <person id="0021">
   <leftEye x="745" y="184"/>
   <rightEye x="764" y="185"/>
  </person>
 </frame>
 <frame number="00000416">
  <person id="0021">
   <leftEye x="747" y="186"/>
   <rightEye x="767" y="187"/>
  </person>
 </frame>
 <frame number="00000417">
  <person id="0021">
   <leftEye x="749" y="189"/>
   <rightEye x="769" y="190"/>
  </person>
 </frame>
 <frame number="00000418">
  <person id="0021">
   <leftEye x="752" y="192"/>
   <rightEye x="772" y="193"/>
  </person>
 </frame>
 <frame number="00000419">
  <person id="0021">
   <leftEye x="755" y="197"/>
   <rightEye x="775" y="197"/>
  </person>
 </frame>
 <frame number="00000420">
  <person id="0021">
   <leftEye x="758" y="202"/>
   <rightEye x="778" y="202"/>
  </person>
 </frame>
 <frame number="00000421">
  <person id="0021">
   <leftEye x="760" y="206"/>
   <rightEye x="781" y="207"/>
  </person>
 </frame>
 <frame number="00000422">
  <person id="0021">
   <leftEye x="763" y="210"/>
   <rightEye x="784" y="211"/>
  </person>
 </frame>
 <frame number="00000423">
  <person id="0021">
   <leftEye x="766" y="213"/>
   <rightEye x="787" y="213"/>
  </person>
 </frame>
 <frame number="00000424">
  <person id="0021">
   <leftEye x="770" y="215"/>
   <rightEye x="791" y="215"/>
  </person>
 </frame>
 <frame number="00000425">
  <person id="0021">
   <leftEye x="775" y="216"/>
   <rightEye x="796" y="217"/>
  </person>
 </frame>
 <frame number="00000426"/>
 <frame number="00000427"/>
 <frame number="00000428"/>
 <frame number="00000429"/>
 <frame number="00000430"/>
 <frame number="00000431"/>
 <frame number="00000432"/>
 <frame number="00000433"/>
 <frame number="00000434"/>
 <frame number="00000435"/>
 <frame number="00000436"/>
 <frame number="00000437"/>
 <frame number="00000438"/>
 <frame number="00000439"/>
 <frame number="00000440"/>
 <frame number="00000441"/>
 <frame number="00000442"/>
 <frame number="00000443"/>
 <frame number="00000444"/>
 <frame number="00000445"/>
 <frame number="00000446"/>
 <frame number="00000447"/>
 <frame number="00000448"/>
 <frame number="00000449"/>
 <frame number="00000450"/>
 <frame number="00000451"/>
 <frame number="00000452"/>
 <frame number="00000453"/>
 <frame number="00000454"/>
 <frame number="00000455"/>
 <frame number="00000456"/>
 <frame number="00000457"/>
 <frame number="00000458"/>
 <frame number="00000459"/>
 <frame number="00000460"/>
 <frame number="00000461"/>
 <frame number="00000462"/>
 <frame number="00000463"/>
 <frame number="00000464"/>
 <frame number="00000465"/>
 <frame number="00000466"/>
 <frame number="00000467"/>
 <frame number="00000468"/>
 <frame number="00000469"/>
 <frame number="00000470"/>
 <frame number="00000471"/>
 <frame number="00000472"/>
 <frame number="00000473"/>
 <frame number="00000474"/>
 <frame number="00000475"/>
 <frame number="00000537"/>
 <frame number="00000538"/>
 <frame number="00000539"/>
 <frame number="00000540"/>
 <frame number="00000541"/>
 <frame number="00000542"/>
 <frame number="00000543"/>
 <frame number="00000544"/>
 <frame number="00000545"/>
 <frame number="00000546"/>
 <frame number="00000547"/>
 <frame number="00000548"/>
 <frame number="00000549"/>
 <frame number="00000550"/>
 <frame number="00000551"/>
 <frame number="00000552"/>
 <frame number="00000553"/>
 <frame number="00000554"/>
 <frame number="00000555"/>
 <frame number="00000556"/>
 <frame number="00000557"/>
 <frame number="00000558"/>
 <frame number="00000559"/>
 <frame number="00000560"/>
 <frame number="00000561"/>
 <frame number="00000562"/>
 <frame number="00000563"/>
 <frame number="00000564"/>
 <frame number="00000565"/>
 <frame number="00000566"/>
 <frame number="00000567"/>
 <frame number="00000568"/>
 <frame number="00000569"/>
 <frame number="00000570"/>
 <frame number="00000571"/>
 <frame number="00000572"/>
 <frame number="00000573"/>
 <frame number="00000574">
  <person id="0002">
   <leftEye x="748" y="165"/>
   <rightEye x="764" y="168"/>
  </person>
 </frame>
 <frame number="00000575">
  <person id="0002">
   <leftEye x="747" y="167"/>
   <rightEye x="762" y="169"/>
  </person>
 </frame>
 <frame number="00000576">
  <person id="0002">
   <leftEye x="745" y="169"/>
   <rightEye x="761" y="171"/>
  </person>
 </frame>
 <frame number="00000577">
  <person id="0002">
   <leftEye x="744" y="171"/>
   <rightEye x="760" y="173"/>
  </person>
 </frame>
 <frame number="00000578">
  <person id="0002">
   <leftEye x="743" y="172"/>
   <rightEye x="759" y="174"/>
  </person>
 </frame>
 <frame number="00000579">
  <person id="0002">
   <leftEye x="742" y="174"/>
   <rightEye x="758" y="176"/>
  </person>
 </frame>
 <frame number="00000580">
  <person id="0002">
   <leftEye x="742" y="175"/>
   <rightEye x="757" y="176"/>
  </person>
 </frame>
 <frame number="00000581">
  <person id="0002">
   <leftEye x="741" y="175"/>
   <rightEye x="756" y="176"/>
  </person>
 </frame>
 <frame number="00000582">
  <person id="0002">
   <leftEye x="740" y="174"/>
   <rightEye x="755" y="175"/>
  </person>
 </frame>
 <frame number="00000583">
  <person id="0002">
   <leftEye x="739" y="173"/>
   <rightEye x="755" y="174"/>
  </person>
 </frame>
 <frame number="00000584">
  <person id="0002">
   <leftEye x="739" y="172"/>
   <rightEye x="755" y="173"/>
  </person>
 </frame>
 <frame number="00000585">
  <person id="0002">
   <leftEye x="739" y="170"/>
   <rightEye x="755" y="171"/>
  </person>
 </frame>
 <frame number="00000586">
  <person id="0002">
   <leftEye x="739" y="169"/>
   <rightEye x="756" y="170"/>
  </person>
 </frame>
 <frame number="00000587">
  <person id="0002">
   <leftEye x="740" y="168"/>
   <rightEye x="757" y="169"/>
  </person>
 </frame>
 <frame number="00000588">
  <person id="0002">
   <leftEye x="741" y="168"/>
   <rightEye x="758" y="169"/>
  </person>
 </frame>
 <frame number="00000589">
  <person id="0002">
   <leftEye x="742" y="170"/>
   <rightEye x="759" y="171"/>
  </person>
 </frame>
 <frame number="00000590">
  <person id="0002">
   <leftEye x="744" y="172"/>
   <rightEye x="761" y="173"/>
  </person>
 </frame>
 <frame number="00000591">
  <person id="0002">
   <leftEye x="746" y="176"/>
   <rightEye x="763" y="177"/>
  </person>
 </frame>
 <frame number="00000592">
  <person id="0002">
   <leftEye x="747" y="180"/>
   <rightEye x="765" y="182"/>
  </person>
 </frame>
 <frame number="00000593">
  <person id="0002">
   <leftEye x="749" y="184"/>
   <rightEye x="767" y="186"/>
  </person>
 </frame>
 <frame number="00000594">
  <person id="0002">
   <leftEye x="752" y="188"/>
   <rightEye x="770" y="190"/>
  </person>
 </frame>
 <frame number="00000595">
  <person id="0002">
   <leftEye x="755" y="192"/>
   <rightEye x="774" y="193"/>
  </person>
 </frame>
 <frame number="00000596">
  <person id="0002">
   <leftEye x="759" y="194"/>
   <rightEye x="778" y="195"/>
  </person>
 </frame>
 <frame number="00000597">
  <person id="0002">
   <leftEye x="764" y="195"/>
   <rightEye x="783" y="196"/>
  </person>
 </frame>
 <frame number="00000598">
  <person id="0002">
   <leftEye x="768" y="195"/>
   <rightEye x="788" y="196"/>
  </person>
 </frame>
 <frame number="00000599">
  <person id="0002">
   <leftEye x="773" y="196"/>
   <rightEye x="793" y="197"/>
  </person>
 </frame>
 <frame number="00000600"/>
 <frame number="00000601"/>
 <frame number="00000602"/>
 <frame number="00000603"/>
 <frame number="00000604"/>
 <frame number="00000605"/>
 <frame number="00000606"/>
 <frame number="00000607"/>
 <frame number="00000608"/>
 <frame number="00000609"/>
 <frame number="00000610"/>
 <frame number="00000611"/>
 <frame number="00000612"/>
 <frame number="00000613"/>
 <frame number="00000614"/>
 <frame number="00000615"/>
 <frame number="00000616"/>
 <frame number="00000617"/>
 <frame number="00000618"/>
 <frame number="00000619"/>
 <frame number="00000620"/>
 <frame number="00000621"/>
 <frame number="00000622"/>
 <frame number="00000623"/>
 <frame number="00000624"/>
 <frame number="00000625"/>
 <frame number="00000626"/>
 <frame number="00000627"/>
 <frame number="00000628"/>
 <frame number="00000629"/>
 <frame number="00000630"/>
 <frame number="00000631"/>
 <frame number="00000632"/>
 <frame number="00000633"/>
 <frame number="00000634"/>
 <frame number="00000635"/>
 <frame number="00000636"/>
 <frame number="00000637"/>
 <frame number="00000638"/>
 <frame number="00000639"/>
 <frame number="00000640"/>
 <frame number="00000641"/>
 <frame number="00000642"/>
 <frame number="00000643"/>
 <frame number="00000644"/>
 <frame number="00000645"/>
 <frame number="00000646"/>
 <frame number="00000647"/>
 <frame number="00000648"/>
 <frame number="00000649"/>
 <frame number="00000650"/>
 <frame number="00000651"/>
 <frame number="00000652"/>
 <frame number="00000653"/>
 <frame number="00000719"/>
 <frame number="00000720"/>
 <frame number="00000721"/>
 <frame number="00000722"/>
 <frame number="00000723"/>
 <frame number="00000724"/>
 <frame number="00000725"/>
 <frame number="00000726"/>
 <frame number="00000727"/>
 <frame number="00000728"/>
 <frame number="00000729"/>
 <frame number="00000730"/>
 <frame number="00000731"/>
 <frame number="00000732"/>
 <frame number="00000733"/>
 <frame number="00000734"/>
 <frame number="00000735"/>
 <frame number="00000736"/>
 <frame number="00000737"/>
 <frame number="00000738"/>
 <frame number="00000739"/>
 <frame number="00000740"/>
 <frame number="00000741"/>
 <frame number="00000742"/>
 <frame number="00000743"/>
 <frame number="00000744"/>
 <frame number="00000745"/>
 <frame number="00000746"/>
 <frame number="00000747"/>
 <frame number="00000748"/>
 <frame number="00000749"/>
 <frame number="00000750"/>
 <frame number="00000751"/>
 <frame number="00000752"/>
 <frame number="00000753"/>
 <frame number="00000754"/>
 <frame number="00000755"/>
 <frame number="00000756"/>
 <frame number="00000757"/>
 <frame number="00000758"/>
 <frame number="00000759"/>
 <frame number="00000760"/>
 <frame number="00000761"/>
 <frame number="00000762"/>
 <frame number="00000763"/>
 <frame number="00000764"/>
 <frame number="00000765"/>
 <frame number="00000766"/>
 <frame number="00000767"/>
 <frame number="00000768"/>
 <frame number="00000769"/>
 <frame number="00000770"/>
 <frame number="00000771"/>
 <frame number="00000772"/>
 <frame number="00000773"/>
 <frame number="00000774"/>
 <frame number="00000775"/>
 <frame number="00000776"/>
 <frame number="00000777"/>
 <frame number="00000778">
  <person id="0022">
   <leftEye x="703" y="184"/>
   <rightEye x="719" y="185"/>
  </person>
 </frame>
 <frame number="00000779">
  <person id="0022">
   <leftEye x="703" y="183"/>
   <rightEye x="719" y="184"/>
  </person>
 </frame>
 <frame number="00000780">
  <person id="0022">
   <leftEye x="703" y="184"/>
   <rightEye x="719" y="185"/>
  </person>
 </frame>
 <frame number="00000781">
  <person id="0022">
   <leftEye x="703" y="186"/>
   <rightEye x="720" y="187"/>
  </person>
 </frame>
 <frame number="00000782">
  <person id="0022">
   <leftEye x="703" y="190"/>
   <rightEye x="720" y="190"/>
  </person>
 </frame>
 <frame number="00000783">
  <person id="0022">
   <leftEye x="703" y="194"/>
   <rightEye x="720" y="194"/>
  </person>
 </frame>
 <frame number="00000784">
  <person id="0022">
   <leftEye x="703" y="198"/>
   <rightEye x="721" y="198"/>
  </person>
 </frame>
 <frame number="00000785">
  <person id="0022">
   <leftEye x="703" y="201"/>
   <rightEye x="721" y="201"/>
  </person>
 </frame>
 <frame number="00000786">
  <person id="0022">
   <leftEye x="703" y="203"/>
   <rightEye x="721" y="203"/>
  </person>
 </frame>
 <frame number="00000787">
  <person id="0022">
   <leftEye x="704" y="205"/>
   <rightEye x="722" y="205"/>
  </person>
 </frame>
 <frame number="00000788">
  <person id="0022">
   <leftEye x="704" y="205"/>
   <rightEye x="722" y="205"/>
  </person>
 </frame>
 <frame number="00000789">
  <person id="0022">
   <leftEye x="705" y="205"/>
   <rightEye x="723" y="205"/>
  </person>
 </frame>
 <frame number="00000790">
  <person id="0022">
   <leftEye x="706" y="205"/>
   <rightEye x="724" y="205"/>
  </person>
 </frame>
 <frame number="00000791">
  <person id="0022">
   <leftEye x="707" y="205"/>
   <rightEye x="726" y="205"/>
  </person>
 </frame>
 <frame number="00000792">
  <person id="0022">
   <leftEye x="708" y="204"/>
   <rightEye x="728" y="204"/>
  </person>
 </frame>
 <frame number="00000793">
  <person id="0022">
   <leftEye x="710" y="204"/>
   <rightEye x="730" y="204"/>
  </person>
 </frame>
 <frame number="00000794">
  <person id="0022">
   <leftEye x="712" y="204"/>
   <rightEye x="732" y="204"/>
  </person>
 </frame>
 <frame number="00000795">
  <person id="0022">
   <leftEye x="715" y="205"/>
   <rightEye x="735" y="206"/>
  </person>
 </frame>
 <frame number="00000796">
  <person id="0022">
   <leftEye x="718" y="207"/>
   <rightEye x="738" y="208"/>
  </person>
 </frame>
 <frame number="00000797">
  <person id="0022">
   <leftEye x="720" y="211"/>
   <rightEye x="740" y="211"/>
  </person>
 </frame>
 <frame number="00000798">
  <person id="0022">
   <leftEye x="723" y="215"/>
   <rightEye x="743" y="215"/>
  </person>
 </frame>
 <frame number="00000799">
  <person id="0022">
   <leftEye x="725" y="220"/>
   <rightEye x="746" y="221"/>
  </person>
 </frame>
 <frame number="00000800">
  <person id="0022">
   <leftEye x="728" y="226"/>
   <rightEye x="750" y="227"/>
  </person>
 </frame>
 <frame number="00000801">
  <person id="0022">
   <leftEye x="731" y="233"/>
   <rightEye x="753" y="233"/>
  </person>
 </frame>
 <frame number="00000802">
  <person id="0022">
   <leftEye x="733" y="237"/>
   <rightEye x="755" y="237"/>
  </person>
 </frame>
 <frame number="00000803">
  <person id="0022">
   <leftEye x="737" y="240"/>
   <rightEye x="759" y="240"/>
  </person>
 </frame>
 <frame number="00000804">
  <person id="0022">
   <leftEye x="743" y="242"/>
   <rightEye x="766" y="242"/>
  </person>
 </frame>
 <frame number="00000805">
  <person id="0022">
   <leftEye x="749" y="243"/>
   <rightEye x="773" y="243"/>
  </person>
 </frame>
 <frame number="00000806">
  <person id="0022">
   <leftEye x="755" y="243"/>
   <rightEye x="779" y="244"/>
  </person>
 </frame>
 <frame number="00000807">
  <person id="0022">
   <leftEye x="761" y="243"/>
   <rightEye x="785" y="244"/>
  </person>
 </frame>
 <frame number="00000808">
  <person id="0022">
   <leftEye x="765" y="243"/>
   <rightEye x="789" y="244"/>
  </person>
 </frame>
 <frame number="00000809">
  <person id="0022">
   <leftEye x="767" y="244"/>
   <rightEye x="792" y="245"/>
  </person>
 </frame>
 <frame number="00000810"/>
 <frame number="00000811"/>
 <frame number="00000812"/>
 <frame number="00000813"/>
 <frame number="00000814"/>
 <frame number="00000815"/>
 <frame number="00000816"/>
 <frame number="00000817"/>
 <frame number="00000818"/>
 <frame number="00000819"/>
 <frame number="00000820"/>
 <frame number="00000821"/>
 <frame number="00000822"/>
 <frame number="00000823"/>
 <frame number="00000824"/>
 <frame number="00000825"/>
 <frame number="00000826"/>
 <frame number="00000827"/>
 <frame number="00000828"/>
 <frame number="00000829"/>
 <frame number="00000830"/>
 <frame number="00000831"/>
 <frame number="00000832"/>
 <frame number="00000833"/>
 <frame number="00000834"/>
 <frame number="00000835"/>
 <frame number="00000836"/>
 <frame number="00000837"/>
 <frame number="00000838"/>
 <frame number="00000839"/>
 <frame number="00000840"/>
 <frame number="00000841"/>
 <frame number="00000842"/>
 <frame number="00000843"/>
 <frame number="00000844"/>
 <frame number="00000845"/>
 <frame number="00000846"/>
 <frame number="00000847"/>
 <frame number="00000848"/>
 <frame number="00000849"/>
 <frame number="00000850"/>
 <frame number="00000909"/>
 <frame number="00000910"/>
 <frame number="00000911"/>
 <frame number="00000912"/>
 <frame number="00000913"/>
 <frame number="00000914"/>
 <frame number="00000915"/>
 <frame number="00000916"/>
 <frame number="00000917"/>
 <frame number="00000918"/>
 <frame number="00000919"/>
 <frame number="00000920"/>
 <frame number="00000921"/>
 <frame number="00000922"/>
 <frame number="00000923"/>
 <frame number="00000924"/>
 <frame number="00000925"/>
 <frame number="00000926"/>
 <frame number="00000927"/>
 <frame number="00000928"/>
 <frame number="00000929"/>
 <frame number="00000930"/>
 <frame number="00000931"/>
 <frame number="00000932"/>
 <frame number="00000933"/>
 <frame number="00000934"/>
 <frame number="00000935"/>
 <frame number="00000936"/>
 <frame number="00000937"/>
 <frame number="00000938"/>
 <frame number="00000939"/>
 <frame number="00000940"/>
 <frame number="00000941"/>
 <frame number="00000942"/>
 <frame number="00000943"/>
 <frame number="00000944"/>
 <frame number="00000945"/>
 <frame number="00000946">
  <person id="0003">
   <leftEye x="741" y="183"/>
   <rightEye x="757" y="184"/>
  </person>
 </frame>
 <frame number="00000947">
  <person id="0003">
   <leftEye x="740" y="184"/>
   <rightEye x="755" y="186"/>
  </person>
 </frame>
 <frame number="00000948">
  <person id="0003">
   <leftEye x="738" y="187"/>
   <rightEye x="753" y="189"/>
  </person>
 </frame>
 <frame number="00000949">
  <person id="0003">
   <leftEye x="737" y="189"/>
   <rightEye x="752" y="191"/>
  </person>
 </frame>
 <frame number="00000950">
  <person id="0003">
   <leftEye x="737" y="191"/>
   <rightEye x="752" y="193"/>
  </person>
 </frame>
 <frame number="00000951">
  <person id="0003">
   <leftEye x="736" y="193"/>
   <rightEye x="752" y="195"/>
  </person>
 </frame>
 <frame number="00000952">
  <person id="0003">
   <leftEye x="736" y="194"/>
   <rightEye x="752" y="196"/>
  </person>
 </frame>
 <frame number="00000953">
  <person id="0003">
   <leftEye x="736" y="194"/>
   <rightEye x="751" y="196"/>
  </person>
 </frame>
 <frame number="00000954">
  <person id="0003">
   <leftEye x="736" y="193"/>
   <rightEye x="751" y="195"/>
  </person>
 </frame>
 <frame number="00000955">
  <person id="0003">
   <leftEye x="735" y="192"/>
   <rightEye x="751" y="194"/>
  </person>
 </frame>
 <frame number="00000956">
  <person id="0003">
   <leftEye x="735" y="192"/>
   <rightEye x="750" y="194"/>
  </person>
 </frame>
 <frame number="00000957">
  <person id="0003">
   <leftEye x="734" y="192"/>
   <rightEye x="750" y="194"/>
  </person>
 </frame>
 <frame number="00000958">
  <person id="0003">
   <leftEye x="733" y="192"/>
   <rightEye x="749" y="194"/>
  </person>
 </frame>
 <frame number="00000959">
  <person id="0003">
   <leftEye x="733" y="193"/>
   <rightEye x="749" y="195"/>
  </person>
 </frame>
 <frame number="00000960">
  <person id="0003">
   <leftEye x="733" y="194"/>
   <rightEye x="749" y="196"/>
  </person>
 </frame>
 <frame number="00000961">
  <person id="0003">
   <leftEye x="732" y="196"/>
   <rightEye x="749" y="198"/>
  </person>
 </frame>
 <frame number="00000962">
  <person id="0003">
   <leftEye x="732" y="199"/>
   <rightEye x="749" y="201"/>
  </person>
 </frame>
 <frame number="00000963">
  <person id="0003">
   <leftEye x="732" y="202"/>
   <rightEye x="748" y="204"/>
  </person>
 </frame>
 <frame number="00000964">
  <person id="0003">
   <leftEye x="731" y="205"/>
   <rightEye x="748" y="207"/>
  </person>
 </frame>
 <frame number="00000965">
  <person id="0003">
   <leftEye x="731" y="208"/>
   <rightEye x="748" y="209"/>
  </person>
 </frame>
 <frame number="00000966">
  <person id="0003">
   <leftEye x="731" y="210"/>
   <rightEye x="748" y="211"/>
  </person>
 </frame>
 <frame number="00000967">
  <person id="0003">
   <leftEye x="731" y="211"/>
   <rightEye x="749" y="212"/>
  </person>
 </frame>
 <frame number="00000968">
  <person id="0003">
   <leftEye x="732" y="211"/>
   <rightEye x="750" y="212"/>
  </person>
 </frame>
 <frame number="00000969">
  <person id="0003">
   <leftEye x="733" y="211"/>
   <rightEye x="751" y="212"/>
  </person>
 </frame>
 <frame number="00000970">
  <person id="0003">
   <leftEye x="736" y="210"/>
   <rightEye x="754" y="212"/>
  </person>
 </frame>
 <frame number="00000971">
  <person id="0003">
   <leftEye x="738" y="210"/>
   <rightEye x="756" y="212"/>
  </person>
 </frame>
 <frame number="00000972">
  <person id="0003">
   <leftEye x="741" y="211"/>
   <rightEye x="759" y="213"/>
  </person>
 </frame>
 <frame number="00000973">
  <person id="0003">
   <leftEye x="745" y="212"/>
   <rightEye x="763" y="214"/>
  </person>
 </frame>
 <frame number="00000974">
  <person id="0003">
   <leftEye x="749" y="214"/>
   <rightEye x="768" y="217"/>
  </person>
 </frame>
 <frame number="00000975">
  <person id="0003">
   <leftEye x="753" y="217"/>
   <rightEye x="773" y="220"/>
  </person>
 </frame>
 <frame number="00000976">
  <person id="0003">
   <leftEye x="757" y="221"/>
   <rightEye x="777" y="223"/>
  </person>
 </frame>
 <frame number="00000977">
  <person id="0003">
   <leftEye x="762" y="226"/>
   <rightEye x="781" y="228"/>
  </person>
 </frame>
 <frame number="00000978">
  <person id="0003">
   <leftEye x="767" y="231"/>
   <rightEye x="787" y="233"/>
  </person>
 </frame>
 <frame number="00000979">
  <person id="0003">
   <leftEye x="772" y="236"/>
   <rightEye x="793" y="238"/>
  </person>
 </frame>
 <frame number="00000980"/>
 <frame number="00000981"/>
 <frame number="00000982"/>
 <frame number="00000983"/>
 <frame number="00000984"/>
 <frame number="00000985"/>
 <frame number="00000986"/>
 <frame number="00000987"/>
 <frame number="00000988"/>
 <frame number="00000989"/>
 <frame number="00000990"/>
 <frame number="00000991"/>
 <frame number="00000992"/>
 <frame number="00000993"/>
 <frame number="00000994"/>
 <frame number="00000995"/>
 <frame number="00000996"/>
 <frame number="00000997"/>
 <frame number="00000998"/>
 <frame number="00000999"/>
 <frame number="00001000"/>
 <frame number="00001001"/>
 <frame number="00001002"/>
 <frame number="00001003"/>
 <frame number="00001004"/>
 <frame number="00001005"/>
 <frame number="00001006"/>
 <frame number="00001007"/>
 <frame number="00001008"/>
 <frame number="00001009"/>
 <frame number="00001010"/>
 <frame number="00001011"/>
 <frame number="00001012"/>
 <frame number="00001013"/>
 <frame number="00001014"/>
 <frame number="00001015"/>
 <frame number="00001016"/>
 <frame number="00001017"/>
 <frame number="00001018"/>
 <frame number="00001019"/>
 <frame number="00001020"/>
 <frame number="00001021"/>
 <frame number="00001022"/>
 <frame number="00001023"/>
 <frame number="00001024"/>
 <frame number="00001025"/>
 <frame number="00001026"/>
 <frame number="00001027"/>
 <frame number="00001028"/>
 <frame number="00001029"/>
 <frame number="00001030"/>
 <frame number="00001031"/>
 <frame number="00001032"/>
</dataset>
