<!DOCTYPE GroundTruth>
<dataset name="P2E_S4_C3">
 <frame number="00000000"/>
 <frame number="00000001"/>
 <frame number="00000002"/>
 <frame number="00000003"/>
 <frame number="00000004"/>
 <frame number="00000005"/>
 <frame number="00000006"/>
 <frame number="00000007"/>
 <frame number="00000008"/>
 <frame number="00000009"/>
 <frame number="00000010"/>
 <frame number="00000011"/>
 <frame number="00000012"/>
 <frame number="00000013"/>
 <frame number="00000014"/>
 <frame number="00000015"/>
 <frame number="00000016"/>
 <frame number="00000017"/>
 <frame number="00000018"/>
 <frame number="00000019"/>
 <frame number="00000020"/>
 <frame number="00000021"/>
 <frame number="00000022"/>
 <frame number="00000023"/>
 <frame number="00000024"/>
 <frame number="00000025"/>
 <frame number="00000026"/>
 <frame number="00000027"/>
 <frame number="00000028"/>
 <frame number="00000029"/>
 <frame number="00000030"/>
 <frame number="00000031"/>
 <frame number="00000032"/>
 <frame number="00000033"/>
 <frame number="00000034"/>
 <frame number="00000035"/>
 <frame number="00000036"/>
 <frame number="00000037"/>
 <frame number="00000038"/>
 <frame number="00000039"/>
 <frame number="00000040"/>
 <frame number="00000041"/>
 <frame number="00000042"/>
 <frame number="00000043"/>
 <frame number="00000044"/>
 <frame number="00000045"/>
 <frame number="00000046"/>
 <frame number="00000047"/>
 <frame number="00000048"/>
 <frame number="00000049"/>
 <frame number="00000050"/>
 <frame number="00000051"/>
 <frame number="00000052"/>
 <frame number="00000053"/>
 <frame number="00000054"/>
 <frame number="00000055"/>
 <frame number="00000056"/>
 <frame number="00000057"/>
 <frame number="00000058"/>
 <frame number="00000059"/>
 <frame number="00000060"/>
 <frame number="00000061"/>
 <frame number="00000062"/>
 <frame number="00000063"/>
 <frame number="00000064"/>
 <frame number="00000065"/>
 <frame number="00000066"/>
 <frame number="00000067"/>
 <frame number="00000068"/>
 <frame number="00000069"/>
 <frame number="00000070"/>
 <frame number="00000071"/>
 <frame number="00000072"/>
 <frame number="00000073"/>
 <frame number="00000074"/>
 <frame number="00000075"/>
 <frame number="00000076"/>
 <frame number="00000077"/>
 <frame number="00000078"/>
 <frame number="00000079"/>
 <frame number="00000080"/>
 <frame number="00000081"/>
 <frame number="00000082"/>
 <frame number="00000083"/>
 <frame number="00000084"/>
 <frame number="00000085"/>
 <frame number="00000086"/>
 <frame number="00000087"/>
 <frame number="00000088"/>
 <frame number="00000089"/>
 <frame number="00000090"/>
 <frame number="00000091"/>
 <frame number="00000092"/>
 <frame number="00000093"/>
 <frame number="00000094"/>
 <frame number="00000095"/>
 <frame number="00000096"/>
 <frame number="00000097"/>
 <frame number="00000098"/>
 <frame number="00000099"/>
 <frame number="00000192"/>
 <frame number="00000193"/>
 <frame number="00000194"/>
 <frame number="00000195"/>
 <frame number="00000196"/>
 <frame number="00000197"/>
 <frame number="00000198"/>
 <frame number="00000199"/>
 <frame number="00000200"/>
 <frame number="00000201"/>
 <frame number="00000202"/>
 <frame number="00000203"/>
 <frame number="00000204"/>
 <frame number="00000205"/>
 <frame number="00000206"/>
 <frame number="00000207"/>
 <frame number="00000208"/>
 <frame number="00000209"/>
 <frame number="00000210"/>
 <frame number="00000211"/>
 <frame number="00000212"/>
 <frame number="00000213"/>
 <frame number="00000214"/>
 <frame number="00000215"/>
 <frame number="00000216"/>
 <frame number="00000217"/>
 <frame number="00000218"/>
 <frame number="00000219"/>
 <frame number="00000220"/>
 <frame number="00000221"/>
 <frame number="00000222"/>
 <frame number="00000223"/>
 <frame number="00000224"/>
 <frame number="00000225"/>
 <frame number="00000226"/>
 <frame number="00000227"/>
 <frame number="00000228"/>
 <frame number="00000229"/>
 <frame number="00000230"/>
 <frame number="00000231"/>
 <frame number="00000232"/>
 <frame number="00000233"/>
 <frame number="00000234"/>
 <frame number="00000235"/>
 <frame number="00000236"/>
 <frame number="00000237"/>
 <frame number="00000238"/>
 <frame number="00000239"/>
 <frame number="00000240"/>
 <frame number="00000241"/>
 <frame number="00000242"/>
 <frame number="00000243"/>
 <frame number="00000244"/>
 <frame number="00000245"/>
 <frame number="00000246">
  <person id="0021">
   <leftEye x="273" y="165"/>
   <rightEye x="289" y="165"/>
  </person>
 </frame>
 <frame number="00000247">
  <person id="0021">
   <leftEye x="266" y="164"/>
   <rightEye x="281" y="164"/>
  </person>
 </frame>
 <frame number="00000248">
  <person id="0021">
   <leftEye x="259" y="164"/>
   <rightEye x="274" y="164"/>
  </person>
 </frame>
 <frame number="00000249">
  <person id="0021">
   <leftEye x="253" y="163"/>
   <rightEye x="268" y="163"/>
  </person>
 </frame>
 <frame number="00000250">
  <person id="0021">
   <leftEye x="247" y="162"/>
   <rightEye x="262" y="162"/>
  </person>
 </frame>
 <frame number="00000251">
  <person id="0021">
   <leftEye x="241" y="162"/>
   <rightEye x="257" y="162"/>
  </person>
 </frame>
 <frame number="00000252">
  <person id="0021">
   <leftEye x="236" y="162"/>
   <rightEye x="252" y="162"/>
  </person>
 </frame>
 <frame number="00000253">
  <person id="0021">
   <leftEye x="231" y="163"/>
   <rightEye x="247" y="163"/>
  </person>
 </frame>
 <frame number="00000254">
  <person id="0021">
   <leftEye x="226" y="165"/>
   <rightEye x="242" y="165"/>
  </person>
 </frame>
 <frame number="00000255">
  <person id="0021">
   <leftEye x="222" y="168"/>
   <rightEye x="238" y="168"/>
  </person>
 </frame>
 <frame number="00000256">
  <person id="0021">
   <leftEye x="218" y="171"/>
   <rightEye x="234" y="171"/>
  </person>
 </frame>
 <frame number="00000257">
  <person id="0021">
   <leftEye x="214" y="175"/>
   <rightEye x="230" y="175"/>
  </person>
 </frame>
 <frame number="00000258">
  <person id="0021">
   <leftEye x="210" y="179"/>
   <rightEye x="226" y="179"/>
  </person>
 </frame>
 <frame number="00000259">
  <person id="0021">
   <leftEye x="206" y="182"/>
   <rightEye x="223" y="182"/>
  </person>
 </frame>
 <frame number="00000260">
  <person id="0021">
   <leftEye x="203" y="183"/>
   <rightEye x="220" y="183"/>
  </person>
 </frame>
 <frame number="00000261">
  <person id="0021">
   <leftEye x="200" y="183"/>
   <rightEye x="217" y="183"/>
  </person>
 </frame>
 <frame number="00000262">
  <person id="0021">
   <leftEye x="196" y="182"/>
   <rightEye x="214" y="182"/>
  </person>
 </frame>
 <frame number="00000263">
  <person id="0021">
   <leftEye x="192" y="181"/>
   <rightEye x="210" y="181"/>
  </person>
 </frame>
 <frame number="00000264">
  <person id="0021">
   <leftEye x="188" y="179"/>
   <rightEye x="206" y="179"/>
  </person>
 </frame>
 <frame number="00000265">
  <person id="0021">
   <leftEye x="184" y="177"/>
   <rightEye x="202" y="177"/>
  </person>
 </frame>
 <frame number="00000266">
  <person id="0021">
   <leftEye x="179" y="176"/>
   <rightEye x="197" y="176"/>
  </person>
 </frame>
 <frame number="00000267">
  <person id="0021">
   <leftEye x="174" y="175"/>
   <rightEye x="192" y="175"/>
  </person>
 </frame>
 <frame number="00000268">
  <person id="0021">
   <leftEye x="168" y="175"/>
   <rightEye x="187" y="175"/>
  </person>
 </frame>
 <frame number="00000269">
  <person id="0021">
   <leftEye x="162" y="177"/>
   <rightEye x="182" y="177"/>
  </person>
 </frame>
 <frame number="00000270">
  <person id="0021">
   <leftEye x="156" y="180"/>
   <rightEye x="176" y="180"/>
  </person>
 </frame>
 <frame number="00000271">
  <person id="0021">
   <leftEye x="150" y="185"/>
   <rightEye x="170" y="185"/>
  </person>
 </frame>
 <frame number="00000272">
  <person id="0021">
   <leftEye x="144" y="190"/>
   <rightEye x="163" y="190"/>
  </person>
 </frame>
 <frame number="00000273">
  <person id="0021">
   <leftEye x="137" y="196"/>
   <rightEye x="156" y="196"/>
  </person>
 </frame>
 <frame number="00000274">
  <person id="0021">
   <leftEye x="130" y="201"/>
   <rightEye x="149" y="201"/>
  </person>
 </frame>
 <frame number="00000275">
  <person id="0021">
   <leftEye x="122" y="205"/>
   <rightEye x="141" y="205"/>
  </person>
 </frame>
 <frame number="00000276">
  <person id="0021">
   <leftEye x="113" y="207"/>
   <rightEye x="133" y="207"/>
  </person>
 </frame>
 <frame number="00000277">
  <person id="0021">
   <leftEye x="104" y="209"/>
   <rightEye x="124" y="209"/>
  </person>
 </frame>
 <frame number="00000278">
  <person id="0021">
   <leftEye x="95" y="210"/>
   <rightEye x="115" y="210"/>
  </person>
 </frame>
 <frame number="00000279">
  <person id="0021">
   <leftEye x="87" y="210"/>
   <rightEye x="108" y="210"/>
  </person>
 </frame>
 <frame number="00000280">
  <person id="0021">
   <leftEye x="79" y="209"/>
   <rightEye x="101" y="209"/>
  </person>
 </frame>
 <frame number="00000281">
  <person id="0021">
   <leftEye x="71" y="209"/>
   <rightEye x="94" y="209"/>
  </person>
 </frame>
 <frame number="00000282">
  <person id="0021">
   <leftEye x="64" y="209"/>
   <rightEye x="87" y="209"/>
  </person>
 </frame>
 <frame number="00000283">
  <person id="0021">
   <leftEye x="58" y="210"/>
   <rightEye x="81" y="210"/>
  </person>
 </frame>
 <frame number="00000284">
  <person id="0021">
   <leftEye x="51" y="213"/>
   <rightEye x="74" y="213"/>
  </person>
 </frame>
 <frame number="00000285">
  <person id="0021">
   <leftEye x="44" y="218"/>
   <rightEye x="68" y="218"/>
  </person>
 </frame>
 <frame number="00000286">
  <person id="0021">
   <leftEye x="36" y="224"/>
   <rightEye x="61" y="224"/>
  </person>
 </frame>
 <frame number="00000287">
  <person id="0021">
   <leftEye x="29" y="232"/>
   <rightEye x="55" y="232"/>
  </person>
 </frame>
 <frame number="00000288">
  <person id="0021">
   <leftEye x="22" y="240"/>
   <rightEye x="49" y="240"/>
  </person>
 </frame>
 <frame number="00000289">
  <person id="0021">
   <leftEye x="15" y="248"/>
   <rightEye x="43" y="248"/>
  </person>
 </frame>
 <frame number="00000290">
  <person id="0021">
   <leftEye x="8" y="257"/>
   <rightEye x="37" y="257"/>
  </person>
 </frame>
 <frame number="00000291"/>
 <frame number="00000292"/>
 <frame number="00000293"/>
 <frame number="00000294"/>
 <frame number="00000295"/>
 <frame number="00000296"/>
 <frame number="00000297"/>
 <frame number="00000298"/>
 <frame number="00000299"/>
 <frame number="00000300"/>
 <frame number="00000301"/>
 <frame number="00000302"/>
 <frame number="00000303"/>
 <frame number="00000304"/>
 <frame number="00000305"/>
 <frame number="00000306"/>
 <frame number="00000307"/>
 <frame number="00000308"/>
 <frame number="00000309"/>
 <frame number="00000310"/>
 <frame number="00000311"/>
 <frame number="00000312"/>
 <frame number="00000313"/>
 <frame number="00000314"/>
 <frame number="00000315"/>
 <frame number="00000316"/>
 <frame number="00000317"/>
 <frame number="00000318"/>
 <frame number="00000319"/>
 <frame number="00000320"/>
 <frame number="00000321"/>
 <frame number="00000322"/>
 <frame number="00000323"/>
 <frame number="00000432"/>
 <frame number="00000433"/>
 <frame number="00000434"/>
 <frame number="00000435"/>
 <frame number="00000436"/>
 <frame number="00000437"/>
 <frame number="00000438"/>
 <frame number="00000439"/>
 <frame number="00000440"/>
 <frame number="00000441"/>
 <frame number="00000442"/>
 <frame number="00000443"/>
 <frame number="00000444"/>
 <frame number="00000445"/>
 <frame number="00000446"/>
 <frame number="00000447"/>
 <frame number="00000448"/>
 <frame number="00000449"/>
 <frame number="00000450"/>
 <frame number="00000451"/>
 <frame number="00000452"/>
 <frame number="00000453"/>
 <frame number="00000454"/>
 <frame number="00000455"/>
 <frame number="00000456"/>
 <frame number="00000457"/>
 <frame number="00000458"/>
 <frame number="00000459"/>
 <frame number="00000460"/>
 <frame number="00000461"/>
 <frame number="00000462"/>
 <frame number="00000463"/>
 <frame number="00000464"/>
 <frame number="00000465"/>
 <frame number="00000466"/>
 <frame number="00000467"/>
 <frame number="00000468"/>
 <frame number="00000469"/>
 <frame number="00000470"/>
 <frame number="00000471"/>
 <frame number="00000472"/>
 <frame number="00000473"/>
 <frame number="00000474"/>
 <frame number="00000475"/>
 <frame number="00000476"/>
 <frame number="00000477"/>
 <frame number="00000478"/>
 <frame number="00000479"/>
 <frame number="00000480"/>
 <frame number="00000481"/>
 <frame number="00000482"/>
 <frame number="00000483"/>
 <frame number="00000484"/>
 <frame number="00000485"/>
 <frame number="00000486"/>
 <frame number="00000487"/>
 <frame number="00000488"/>
 <frame number="00000489"/>
 <frame number="00000490"/>
 <frame number="00000491"/>
 <frame number="00000492"/>
 <frame number="00000493"/>
 <frame number="00000494">
  <person id="0022">
   <leftEye x="253" y="184"/>
   <rightEye x="269" y="182"/>
  </person>
 </frame>
 <frame number="00000495">
  <person id="0022">
   <leftEye x="248" y="184"/>
   <rightEye x="263" y="182"/>
  </person>
 </frame>
 <frame number="00000496">
  <person id="0022">
   <leftEye x="243" y="184"/>
   <rightEye x="258" y="182"/>
  </person>
 </frame>
 <frame number="00000497">
  <person id="0022">
   <leftEye x="239" y="183"/>
   <rightEye x="253" y="182"/>
  </person>
 </frame>
 <frame number="00000498">
  <person id="0022">
   <leftEye x="234" y="183"/>
   <rightEye x="248" y="182"/>
  </person>
 </frame>
 <frame number="00000499">
  <person id="0022">
   <leftEye x="229" y="183"/>
   <rightEye x="244" y="182"/>
  </person>
 </frame>
 <frame number="00000500">
  <person id="0022">
   <leftEye x="225" y="183"/>
   <rightEye x="240" y="182"/>
  </person>
 </frame>
 <frame number="00000501">
  <person id="0022">
   <leftEye x="220" y="183"/>
   <rightEye x="235" y="182"/>
  </person>
 </frame>
 <frame number="00000502">
  <person id="0022">
   <leftEye x="215" y="184"/>
   <rightEye x="231" y="183"/>
  </person>
 </frame>
 <frame number="00000503">
  <person id="0022">
   <leftEye x="211" y="185"/>
   <rightEye x="227" y="184"/>
  </person>
 </frame>
 <frame number="00000504">
  <person id="0022">
   <leftEye x="206" y="187"/>
   <rightEye x="222" y="186"/>
  </person>
 </frame>
 <frame number="00000505">
  <person id="0022">
   <leftEye x="202" y="189"/>
   <rightEye x="218" y="188"/>
  </person>
 </frame>
 <frame number="00000506">
  <person id="0022">
   <leftEye x="197" y="191"/>
   <rightEye x="213" y="191"/>
  </person>
 </frame>
 <frame number="00000507">
  <person id="0022">
   <leftEye x="193" y="194"/>
   <rightEye x="209" y="194"/>
  </person>
 </frame>
 <frame number="00000508">
  <person id="0022">
   <leftEye x="188" y="197"/>
   <rightEye x="204" y="197"/>
  </person>
 </frame>
 <frame number="00000509">
  <person id="0022">
   <leftEye x="183" y="199"/>
   <rightEye x="199" y="199"/>
  </person>
 </frame>
 <frame number="00000510">
  <person id="0022">
   <leftEye x="178" y="201"/>
   <rightEye x="194" y="200"/>
  </person>
 </frame>
 <frame number="00000511">
  <person id="0022">
   <leftEye x="172" y="202"/>
   <rightEye x="188" y="200"/>
  </person>
 </frame>
 <frame number="00000512">
  <person id="0022">
   <leftEye x="166" y="202"/>
   <rightEye x="182" y="200"/>
  </person>
 </frame>
 <frame number="00000513">
  <person id="0022">
   <leftEye x="160" y="202"/>
   <rightEye x="177" y="200"/>
  </person>
 </frame>
 <frame number="00000514">
  <person id="0022">
   <leftEye x="156" y="201"/>
   <rightEye x="173" y="199"/>
  </person>
 </frame>
 <frame number="00000515">
  <person id="0022">
   <leftEye x="152" y="201"/>
   <rightEye x="170" y="198"/>
  </person>
 </frame>
 <frame number="00000516">
  <person id="0022">
   <leftEye x="148" y="201"/>
   <rightEye x="167" y="198"/>
  </person>
 </frame>
 <frame number="00000517">
  <person id="0022">
   <leftEye x="145" y="201"/>
   <rightEye x="164" y="198"/>
  </person>
 </frame>
 <frame number="00000518">
  <person id="0022">
   <leftEye x="142" y="201"/>
   <rightEye x="161" y="199"/>
  </person>
 </frame>
 <frame number="00000519">
  <person id="0022">
   <leftEye x="139" y="203"/>
   <rightEye x="158" y="201"/>
  </person>
 </frame>
 <frame number="00000520">
  <person id="0022">
   <leftEye x="136" y="206"/>
   <rightEye x="155" y="205"/>
  </person>
 </frame>
 <frame number="00000521">
  <person id="0022">
   <leftEye x="132" y="210"/>
   <rightEye x="152" y="209"/>
  </person>
 </frame>
 <frame number="00000522">
  <person id="0022">
   <leftEye x="129" y="214"/>
   <rightEye x="149" y="215"/>
  </person>
 </frame>
 <frame number="00000523">
  <person id="0022">
   <leftEye x="126" y="218"/>
   <rightEye x="146" y="220"/>
  </person>
 </frame>
 <frame number="00000524">
  <person id="0022">
   <leftEye x="123" y="222"/>
   <rightEye x="143" y="224"/>
  </person>
 </frame>
 <frame number="00000525">
  <person id="0022">
   <leftEye x="120" y="225"/>
   <rightEye x="140" y="227"/>
  </person>
 </frame>
 <frame number="00000526">
  <person id="0022">
   <leftEye x="118" y="228"/>
   <rightEye x="138" y="229"/>
  </person>
 </frame>
 <frame number="00000527">
  <person id="0022">
   <leftEye x="115" y="229"/>
   <rightEye x="135" y="230"/>
  </person>
 </frame>
 <frame number="00000528">
  <person id="0022">
   <leftEye x="111" y="229"/>
   <rightEye x="131" y="230"/>
  </person>
 </frame>
 <frame number="00000529">
  <person id="0022">
   <leftEye x="106" y="229"/>
   <rightEye x="127" y="230"/>
  </person>
 </frame>
 <frame number="00000530">
  <person id="0022">
   <leftEye x="100" y="229"/>
   <rightEye x="122" y="230"/>
  </person>
 </frame>
 <frame number="00000531">
  <person id="0022">
   <leftEye x="94" y="230"/>
   <rightEye x="117" y="231"/>
  </person>
 </frame>
 <frame number="00000532">
  <person id="0022">
   <leftEye x="87" y="231"/>
   <rightEye x="111" y="232"/>
  </person>
 </frame>
 <frame number="00000533">
  <person id="0022">
   <leftEye x="81" y="234"/>
   <rightEye x="105" y="235"/>
  </person>
 </frame>
 <frame number="00000534">
  <person id="0022">
   <leftEye x="75" y="239"/>
   <rightEye x="100" y="239"/>
  </person>
 </frame>
 <frame number="00000535">
  <person id="0022">
   <leftEye x="75" y="239"/>
   <rightEye x="100" y="239"/>
  </person>
 </frame>
 <frame number="00000536">
  <person id="0022">
   <leftEye x="62" y="254"/>
   <rightEye x="86" y="254"/>
  </person>
 </frame>
 <frame number="00000537">
  <person id="0022">
   <leftEye x="53" y="264"/>
   <rightEye x="81" y="264"/>
  </person>
 </frame>
 <frame number="00000538">
  <person id="0022">
   <leftEye x="53" y="264"/>
   <rightEye x="81" y="264"/>
  </person>
 </frame>
 <frame number="00000539">
  <person id="0022">
   <leftEye x="45" y="274"/>
   <rightEye x="72" y="274"/>
  </person>
 </frame>
 <frame number="00000540">
  <person id="0022">
   <leftEye x="36" y="282"/>
   <rightEye x="62" y="282"/>
  </person>
 </frame>
 <frame number="00000541">
  <person id="0022">
   <leftEye x="24" y="289"/>
   <rightEye x="52" y="289"/>
  </person>
 </frame>
 <frame number="00000542">
  <person id="0022">
   <leftEye x="12" y="293"/>
   <rightEye x="39" y="293"/>
  </person>
 </frame>
 <frame number="00000543"/>
 <frame number="00000544"/>
 <frame number="00000545"/>
 <frame number="00000546"/>
 <frame number="00000547"/>
 <frame number="00000548"/>
 <frame number="00000549"/>
 <frame number="00000550"/>
 <frame number="00000551"/>
 <frame number="00000552"/>
 <frame number="00000553"/>
 <frame number="00000554"/>
 <frame number="00000555"/>
 <frame number="00000556"/>
 <frame number="00000557"/>
 <frame number="00000558"/>
 <frame number="00000559"/>
 <frame number="00000560"/>
 <frame number="00000561"/>
 <frame number="00000562"/>
 <frame number="00000563"/>
 <frame number="00000564"/>
 <frame number="00000565"/>
 <frame number="00000566"/>
 <frame number="00000567"/>
 <frame number="00000568"/>
 <frame number="00000569"/>
 <frame number="00000570"/>
 <frame number="00000571"/>
 <frame number="00000572"/>
 <frame number="00000633"/>
 <frame number="00000634"/>
 <frame number="00000635"/>
 <frame number="00000636"/>
 <frame number="00000637"/>
 <frame number="00000638"/>
 <frame number="00000639"/>
 <frame number="00000640"/>
 <frame number="00000641"/>
 <frame number="00000642"/>
 <frame number="00000643"/>
 <frame number="00000644"/>
 <frame number="00000645"/>
 <frame number="00000646"/>
 <frame number="00000647"/>
 <frame number="00000648"/>
 <frame number="00000649"/>
 <frame number="00000650"/>
 <frame number="00000651"/>
 <frame number="00000652"/>
 <frame number="00000653"/>
 <frame number="00000654"/>
 <frame number="00000655"/>
 <frame number="00000656"/>
 <frame number="00000657"/>
 <frame number="00000658"/>
 <frame number="00000659"/>
 <frame number="00000660"/>
 <frame number="00000661"/>
 <frame number="00000662"/>
 <frame number="00000663"/>
 <frame number="00000664"/>
 <frame number="00000665"/>
 <frame number="00000666"/>
 <frame number="00000667"/>
 <frame number="00000668"/>
 <frame number="00000669"/>
 <frame number="00000670"/>
 <frame number="00000671"/>
 <frame number="00000672"/>
 <frame number="00000673"/>
 <frame number="00000674"/>
 <frame number="00000675"/>
 <frame number="00000676"/>
 <frame number="00000677"/>
 <frame number="00000678"/>
 <frame number="00000679"/>
 <frame number="00000680"/>
 <frame number="00000681"/>
 <frame number="00000682"/>
 <frame number="00000683"/>
 <frame number="00000684"/>
 <frame number="00000685"/>
 <frame number="00000686"/>
 <frame number="00000687"/>
 <frame number="00000688"/>
 <frame number="00000689"/>
 <frame number="00000690">
  <person id="0002">
   <leftEye x="285" y="167"/>
   <rightEye x="301" y="167"/>
  </person>
 </frame>
 <frame number="00000691">
  <person id="0002">
   <leftEye x="279" y="169"/>
   <rightEye x="294" y="169"/>
  </person>
 </frame>
 <frame number="00000692">
  <person id="0002">
   <leftEye x="273" y="170"/>
   <rightEye x="288" y="170"/>
  </person>
 </frame>
 <frame number="00000693">
  <person id="0002">
   <leftEye x="266" y="170"/>
   <rightEye x="282" y="170"/>
  </person>
 </frame>
 <frame number="00000694">
  <person id="0002">
   <leftEye x="260" y="169"/>
   <rightEye x="276" y="169"/>
  </person>
 </frame>
 <frame number="00000695">
  <person id="0002">
   <leftEye x="254" y="168"/>
   <rightEye x="270" y="168"/>
  </person>
 </frame>
 <frame number="00000696">
  <person id="0002">
   <leftEye x="249" y="167"/>
   <rightEye x="265" y="167"/>
  </person>
 </frame>
 <frame number="00000697">
  <person id="0002">
   <leftEye x="244" y="166"/>
   <rightEye x="260" y="166"/>
  </person>
 </frame>
 <frame number="00000698">
  <person id="0002">
   <leftEye x="239" y="166"/>
   <rightEye x="255" y="166"/>
  </person>
 </frame>
 <frame number="00000699">
  <person id="0002">
   <leftEye x="234" y="166"/>
   <rightEye x="251" y="166"/>
  </person>
 </frame>
 <frame number="00000700">
  <person id="0002">
   <leftEye x="230" y="167"/>
   <rightEye x="247" y="167"/>
  </person>
 </frame>
 <frame number="00000701">
  <person id="0002">
   <leftEye x="227" y="169"/>
   <rightEye x="244" y="169"/>
  </person>
 </frame>
 <frame number="00000702">
  <person id="0002">
   <leftEye x="223" y="171"/>
   <rightEye x="241" y="171"/>
  </person>
 </frame>
 <frame number="00000703">
  <person id="0002">
   <leftEye x="220" y="174"/>
   <rightEye x="238" y="174"/>
  </person>
 </frame>
 <frame number="00000704">
  <person id="0002">
   <leftEye x="217" y="177"/>
   <rightEye x="236" y="177"/>
  </person>
 </frame>
 <frame number="00000705">
  <person id="0002">
   <leftEye x="214" y="180"/>
   <rightEye x="233" y="180"/>
  </person>
 </frame>
 <frame number="00000706">
  <person id="0002">
   <leftEye x="212" y="183"/>
   <rightEye x="231" y="183"/>
  </person>
 </frame>
 <frame number="00000707">
  <person id="0002">
   <leftEye x="209" y="185"/>
   <rightEye x="229" y="185"/>
  </person>
 </frame>
 <frame number="00000708">
  <person id="0002">
   <leftEye x="207" y="186"/>
   <rightEye x="227" y="186"/>
  </person>
 </frame>
 <frame number="00000709">
  <person id="0002">
   <leftEye x="206" y="186"/>
   <rightEye x="226" y="186"/>
  </person>
 </frame>
 <frame number="00000710">
  <person id="0002">
   <leftEye x="205" y="186"/>
   <rightEye x="225" y="186"/>
  </person>
 </frame>
 <frame number="00000711">
  <person id="0002">
   <leftEye x="203" y="185"/>
   <rightEye x="223" y="185"/>
  </person>
 </frame>
 <frame number="00000712">
  <person id="0002">
   <leftEye x="201" y="184"/>
   <rightEye x="221" y="184"/>
  </person>
 </frame>
 <frame number="00000713">
  <person id="0002">
   <leftEye x="198" y="183"/>
   <rightEye x="219" y="183"/>
  </person>
 </frame>
 <frame number="00000714">
  <person id="0002">
   <leftEye x="195" y="182"/>
   <rightEye x="217" y="182"/>
  </person>
 </frame>
 <frame number="00000715">
  <person id="0002">
   <leftEye x="192" y="182"/>
   <rightEye x="214" y="182"/>
  </person>
 </frame>
 <frame number="00000716">
  <person id="0002">
   <leftEye x="188" y="182"/>
   <rightEye x="211" y="182"/>
  </person>
 </frame>
 <frame number="00000717">
  <person id="0002">
   <leftEye x="184" y="184"/>
   <rightEye x="207" y="184"/>
  </person>
 </frame>
 <frame number="00000718">
  <person id="0002">
   <leftEye x="180" y="187"/>
   <rightEye x="203" y="187"/>
  </person>
 </frame>
 <frame number="00000719">
  <person id="0002">
   <leftEye x="176" y="192"/>
   <rightEye x="199" y="192"/>
  </person>
 </frame>
 <frame number="00000720">
  <person id="0002">
   <leftEye x="171" y="197"/>
   <rightEye x="195" y="197"/>
  </person>
 </frame>
 <frame number="00000721">
  <person id="0002">
   <leftEye x="166" y="202"/>
   <rightEye x="190" y="202"/>
  </person>
 </frame>
 <frame number="00000722">
  <person id="0002">
   <leftEye x="160" y="207"/>
   <rightEye x="184" y="207"/>
  </person>
 </frame>
 <frame number="00000723">
  <person id="0002">
   <leftEye x="153" y="211"/>
   <rightEye x="177" y="211"/>
  </person>
 </frame>
 <frame number="00000724">
  <person id="0002">
   <leftEye x="145" y="214"/>
   <rightEye x="170" y="214"/>
  </person>
 </frame>
 <frame number="00000725">
  <person id="0002">
   <leftEye x="137" y="215"/>
   <rightEye x="162" y="215"/>
  </person>
 </frame>
 <frame number="00000726">
  <person id="0002">
   <leftEye x="129" y="216"/>
   <rightEye x="154" y="216"/>
  </person>
 </frame>
 <frame number="00000727">
  <person id="0002">
   <leftEye x="120" y="216"/>
   <rightEye x="147" y="216"/>
  </person>
 </frame>
 <frame number="00000728">
  <person id="0002">
   <leftEye x="111" y="214"/>
   <rightEye x="139" y="214"/>
  </person>
 </frame>
 <frame number="00000729">
  <person id="0002">
   <leftEye x="102" y="213"/>
   <rightEye x="131" y="213"/>
  </person>
 </frame>
 <frame number="00000730">
  <person id="0002">
   <leftEye x="94" y="214"/>
   <rightEye x="123" y="214"/>
  </person>
 </frame>
 <frame number="00000731">
  <person id="0002">
   <leftEye x="86" y="216"/>
   <rightEye x="114" y="216"/>
  </person>
 </frame>
 <frame number="00000732">
  <person id="0002">
   <leftEye x="77" y="220"/>
   <rightEye x="106" y="220"/>
  </person>
 </frame>
 <frame number="00000733">
  <person id="0002">
   <leftEye x="68" y="226"/>
   <rightEye x="97" y="226"/>
  </person>
 </frame>
 <frame number="00000734">
  <person id="0002">
   <leftEye x="58" y="233"/>
   <rightEye x="87" y="233"/>
  </person>
 </frame>
 <frame number="00000735">
  <person id="0002">
   <leftEye x="48" y="242"/>
   <rightEye x="77" y="242"/>
  </person>
 </frame>
 <frame number="00000736">
  <person id="0002">
   <leftEye x="37" y="251"/>
   <rightEye x="67" y="252"/>
  </person>
 </frame>
 <frame number="00000737">
  <person id="0002">
   <leftEye x="27" y="260"/>
   <rightEye x="57" y="261"/>
  </person>
 </frame>
 <frame number="00000738">
  <person id="0002">
   <leftEye x="16" y="270"/>
   <rightEye x="47" y="271"/>
  </person>
 </frame>
 <frame number="00000739"/>
 <frame number="00000740"/>
 <frame number="00000741"/>
 <frame number="00000742"/>
 <frame number="00000743"/>
 <frame number="00000744"/>
 <frame number="00000745"/>
 <frame number="00000746"/>
 <frame number="00000747"/>
 <frame number="00000748"/>
 <frame number="00000749"/>
 <frame number="00000750"/>
 <frame number="00000751"/>
 <frame number="00000752"/>
 <frame number="00000753"/>
 <frame number="00000754"/>
 <frame number="00000755"/>
 <frame number="00000756"/>
 <frame number="00000757"/>
 <frame number="00000758"/>
 <frame number="00000759"/>
 <frame number="00000760"/>
 <frame number="00000761"/>
 <frame number="00000762"/>
 <frame number="00000763"/>
 <frame number="00000764"/>
 <frame number="00000818"/>
 <frame number="00000819"/>
 <frame number="00000820"/>
 <frame number="00000821"/>
 <frame number="00000822"/>
 <frame number="00000823"/>
 <frame number="00000824"/>
 <frame number="00000825"/>
 <frame number="00000826"/>
 <frame number="00000827"/>
 <frame number="00000828"/>
 <frame number="00000829"/>
 <frame number="00000830"/>
 <frame number="00000831"/>
 <frame number="00000832"/>
 <frame number="00000833"/>
 <frame number="00000834"/>
 <frame number="00000835"/>
 <frame number="00000836"/>
 <frame number="00000837"/>
 <frame number="00000838"/>
 <frame number="00000839"/>
 <frame number="00000840"/>
 <frame number="00000841"/>
 <frame number="00000842"/>
 <frame number="00000843"/>
 <frame number="00000844"/>
 <frame number="00000845"/>
 <frame number="00000846"/>
 <frame number="00000847"/>
 <frame number="00000848"/>
 <frame number="00000849"/>
 <frame number="00000850"/>
 <frame number="00000851"/>
 <frame number="00000852"/>
 <frame number="00000853"/>
 <frame number="00000854"/>
 <frame number="00000855"/>
 <frame number="00000856"/>
 <frame number="00000857"/>
 <frame number="00000858"/>
 <frame number="00000859"/>
 <frame number="00000860"/>
 <frame number="00000861"/>
 <frame number="00000862"/>
 <frame number="00000863"/>
 <frame number="00000864"/>
 <frame number="00000865"/>
 <frame number="00000866"/>
 <frame number="00000867"/>
 <frame number="00000868"/>
 <frame number="00000869"/>
 <frame number="00000870"/>
 <frame number="00000871"/>
 <frame number="00000872"/>
 <frame number="00000873"/>
 <frame number="00000874"/>
 <frame number="00000875"/>
 <frame number="00000876"/>
 <frame number="00000877"/>
 <frame number="00000878"/>
 <frame number="00000879"/>
 <frame number="00000880"/>
 <frame number="00000881"/>
 <frame number="00000882"/>
 <frame number="00000883"/>
 <frame number="00000884"/>
 <frame number="00000885"/>
 <frame number="00000886"/>
 <frame number="00000887"/>
 <frame number="00000888"/>
 <frame number="00000889">
  <person id="0015">
   <leftEye x="320" y="161"/>
   <rightEye x="336" y="161"/>
  </person>
 </frame>
 <frame number="00000890">
  <person id="0015">
   <leftEye x="314" y="161"/>
   <rightEye x="329" y="161"/>
  </person>
 </frame>
 <frame number="00000891">
  <person id="0015">
   <leftEye x="308" y="160"/>
   <rightEye x="324" y="160"/>
  </person>
 </frame>
 <frame number="00000892">
  <person id="0015">
   <leftEye x="303" y="159"/>
   <rightEye x="319" y="159"/>
  </person>
 </frame>
 <frame number="00000893">
  <person id="0015">
   <leftEye x="298" y="157"/>
   <rightEye x="314" y="157"/>
  </person>
 </frame>
 <frame number="00000894">
  <person id="0015">
   <leftEye x="294" y="155"/>
   <rightEye x="309" y="155"/>
  </person>
 </frame>
 <frame number="00000895">
  <person id="0015">
   <leftEye x="290" y="154"/>
   <rightEye x="305" y="154"/>
  </person>
 </frame>
 <frame number="00000896">
  <person id="0015">
   <leftEye x="286" y="154"/>
   <rightEye x="301" y="154"/>
  </person>
 </frame>
 <frame number="00000897">
  <person id="0015">
   <leftEye x="282" y="154"/>
   <rightEye x="297" y="154"/>
  </person>
 </frame>
 <frame number="00000898">
  <person id="0015">
   <leftEye x="278" y="156"/>
   <rightEye x="294" y="156"/>
  </person>
 </frame>
 <frame number="00000899">
  <person id="0015">
   <leftEye x="274" y="159"/>
   <rightEye x="290" y="159"/>
  </person>
 </frame>
 <frame number="00000900">
  <person id="0015">
   <leftEye x="270" y="163"/>
   <rightEye x="287" y="163"/>
  </person>
 </frame>
 <frame number="00000901">
  <person id="0015">
   <leftEye x="266" y="167"/>
   <rightEye x="283" y="167"/>
  </person>
 </frame>
 <frame number="00000902">
  <person id="0015">
   <leftEye x="262" y="170"/>
   <rightEye x="279" y="170"/>
  </person>
 </frame>
 <frame number="00000903">
  <person id="0015">
   <leftEye x="258" y="173"/>
   <rightEye x="275" y="173"/>
  </person>
 </frame>
 <frame number="00000904">
  <person id="0015">
   <leftEye x="254" y="175"/>
   <rightEye x="271" y="175"/>
  </person>
 </frame>
 <frame number="00000905">
  <person id="0015">
   <leftEye x="250" y="176"/>
   <rightEye x="268" y="176"/>
  </person>
 </frame>
 <frame number="00000906">
  <person id="0015">
   <leftEye x="246" y="176"/>
   <rightEye x="265" y="176"/>
  </person>
 </frame>
 <frame number="00000907">
  <person id="0015">
   <leftEye x="242" y="175"/>
   <rightEye x="261" y="175"/>
  </person>
 </frame>
 <frame number="00000908">
  <person id="0015">
   <leftEye x="238" y="174"/>
   <rightEye x="257" y="174"/>
  </person>
 </frame>
 <frame number="00000909">
  <person id="0015">
   <leftEye x="233" y="173"/>
   <rightEye x="253" y="173"/>
  </person>
 </frame>
 <frame number="00000910">
  <person id="0015">
   <leftEye x="228" y="172"/>
   <rightEye x="248" y="172"/>
  </person>
 </frame>
 <frame number="00000911">
  <person id="0015">
   <leftEye x="223" y="172"/>
   <rightEye x="243" y="172"/>
  </person>
 </frame>
 <frame number="00000912">
  <person id="0015">
   <leftEye x="217" y="173"/>
   <rightEye x="237" y="173"/>
  </person>
 </frame>
 <frame number="00000913">
  <person id="0015">
   <leftEye x="211" y="174"/>
   <rightEye x="231" y="174"/>
  </person>
 </frame>
 <frame number="00000914">
  <person id="0015">
   <leftEye x="205" y="176"/>
   <rightEye x="225" y="176"/>
  </person>
 </frame>
 <frame number="00000915">
  <person id="0015">
   <leftEye x="199" y="180"/>
   <rightEye x="220" y="180"/>
  </person>
 </frame>
 <frame number="00000916">
  <person id="0015">
   <leftEye x="194" y="184"/>
   <rightEye x="214" y="184"/>
  </person>
 </frame>
 <frame number="00000917">
  <person id="0015">
   <leftEye x="188" y="189"/>
   <rightEye x="208" y="189"/>
  </person>
 </frame>
 <frame number="00000918">
  <person id="0015">
   <leftEye x="181" y="194"/>
   <rightEye x="201" y="194"/>
  </person>
 </frame>
 <frame number="00000919">
  <person id="0015">
   <leftEye x="173" y="198"/>
   <rightEye x="194" y="198"/>
  </person>
 </frame>
 <frame number="00000920">
  <person id="0015">
   <leftEye x="165" y="201"/>
   <rightEye x="187" y="201"/>
  </person>
 </frame>
 <frame number="00000921">
  <person id="0015">
   <leftEye x="158" y="202"/>
   <rightEye x="180" y="202"/>
  </person>
 </frame>
 <frame number="00000922">
  <person id="0015">
   <leftEye x="150" y="202"/>
   <rightEye x="172" y="202"/>
  </person>
 </frame>
 <frame number="00000923">
  <person id="0015">
   <leftEye x="142" y="202"/>
   <rightEye x="164" y="202"/>
  </person>
 </frame>
 <frame number="00000924">
  <person id="0015">
   <leftEye x="134" y="202"/>
   <rightEye x="157" y="202"/>
  </person>
 </frame>
 <frame number="00000925">
  <person id="0015">
   <leftEye x="126" y="202"/>
   <rightEye x="150" y="201"/>
  </person>
 </frame>
 <frame number="00000926">
  <person id="0015">
   <leftEye x="118" y="202"/>
   <rightEye x="143" y="200"/>
  </person>
 </frame>
 <frame number="00000927">
  <person id="0015">
   <leftEye x="110" y="203"/>
   <rightEye x="136" y="201"/>
  </person>
 </frame>
 <frame number="00000928">
  <person id="0015">
   <leftEye x="103" y="205"/>
   <rightEye x="129" y="203"/>
  </person>
 </frame>
 <frame number="00000929">
  <person id="0015">
   <leftEye x="97" y="208"/>
   <rightEye x="122" y="206"/>
  </person>
 </frame>
 <frame number="00000930">
  <person id="0015">
   <leftEye x="89" y="213"/>
   <rightEye x="115" y="211"/>
  </person>
 </frame>
 <frame number="00000931">
  <person id="0015">
   <leftEye x="82" y="220"/>
   <rightEye x="109" y="218"/>
  </person>
 </frame>
 <frame number="00000932">
  <person id="0015">
   <leftEye x="74" y="228"/>
   <rightEye x="102" y="226"/>
  </person>
 </frame>
 <frame number="00000933">
  <person id="0015">
   <leftEye x="66" y="235"/>
   <rightEye x="95" y="233"/>
  </person>
 </frame>
 <frame number="00000934">
  <person id="0015">
   <leftEye x="58" y="242"/>
   <rightEye x="87" y="240"/>
  </person>
 </frame>
 <frame number="00000935">
  <person id="0015">
   <leftEye x="49" y="248"/>
   <rightEye x="78" y="246"/>
  </person>
 </frame>
 <frame number="00000936">
  <person id="0015">
   <leftEye x="40" y="252"/>
   <rightEye x="70" y="250"/>
  </person>
 </frame>
 <frame number="00000937">
  <person id="0015">
   <leftEye x="31" y="255"/>
   <rightEye x="60" y="253"/>
  </person>
 </frame>
 <frame number="00000938">
  <person id="0015">
   <leftEye x="20" y="257"/>
   <rightEye x="50" y="256"/>
  </person>
 </frame>
 <frame number="00000939">
  <person id="0015">
   <leftEye x="8" y="260"/>
   <rightEye x="40" y="259"/>
  </person>
 </frame>
 <frame number="00000940"/>
 <frame number="00000941"/>
 <frame number="00000942"/>
 <frame number="00000943"/>
 <frame number="00000944"/>
 <frame number="00000945"/>
 <frame number="00000946"/>
 <frame number="00000947"/>
 <frame number="00000948"/>
 <frame number="00000949"/>
 <frame number="00000950"/>
 <frame number="00000951"/>
 <frame number="00000952"/>
 <frame number="00000953"/>
 <frame number="00000954"/>
 <frame number="00000955"/>
 <frame number="00000956"/>
 <frame number="00000957"/>
 <frame number="00000958"/>
 <frame number="00000959"/>
 <frame number="00000960"/>
 <frame number="00000961"/>
 <frame number="00000962"/>
 <frame number="00000963"/>
 <frame number="00000964"/>
 <frame number="00000965"/>
 <frame number="00000966"/>
 <frame number="00000967"/>
 <frame number="00000968"/>
 <frame number="00001028"/>
 <frame number="00001029"/>
 <frame number="00001030"/>
 <frame number="00001031"/>
 <frame number="00001032"/>
 <frame number="00001033"/>
 <frame number="00001034"/>
 <frame number="00001035"/>
 <frame number="00001036"/>
 <frame number="00001037"/>
 <frame number="00001038"/>
 <frame number="00001039"/>
 <frame number="00001040"/>
 <frame number="00001041"/>
 <frame number="00001042"/>
 <frame number="00001043"/>
 <frame number="00001044"/>
 <frame number="00001045"/>
 <frame number="00001046"/>
 <frame number="00001047"/>
 <frame number="00001048"/>
 <frame number="00001049"/>
 <frame number="00001050"/>
 <frame number="00001051"/>
 <frame number="00001052"/>
 <frame number="00001053"/>
 <frame number="00001054"/>
 <frame number="00001055"/>
 <frame number="00001056"/>
 <frame number="00001057"/>
 <frame number="00001058"/>
 <frame number="00001059"/>
 <frame number="00001060"/>
 <frame number="00001061"/>
 <frame number="00001062"/>
 <frame number="00001063"/>
 <frame number="00001064"/>
 <frame number="00001065"/>
 <frame number="00001066"/>
 <frame number="00001067"/>
 <frame number="00001068"/>
 <frame number="00001069"/>
 <frame number="00001070"/>
 <frame number="00001071"/>
 <frame number="00001072"/>
 <frame number="00001073"/>
 <frame number="00001074"/>
 <frame number="00001075"/>
 <frame number="00001076"/>
 <frame number="00001077"/>
 <frame number="00001078"/>
 <frame number="00001079"/>
 <frame number="00001080"/>
 <frame number="00001081"/>
 <frame number="00001082"/>
 <frame number="00001083"/>
 <frame number="00001084"/>
 <frame number="00001085"/>
 <frame number="00001086"/>
 <frame number="00001087"/>
 <frame number="00001088">
  <person id="0003">
   <leftEye x="299" y="180"/>
   <rightEye x="314" y="181"/>
  </person>
 </frame>
 <frame number="00001089">
  <person id="0003">
   <leftEye x="292" y="181"/>
   <rightEye x="308" y="182"/>
  </person>
 </frame>
 <frame number="00001090">
  <person id="0003">
   <leftEye x="287" y="183"/>
   <rightEye x="303" y="184"/>
  </person>
 </frame>
 <frame number="00001091">
  <person id="0003">
   <leftEye x="281" y="185"/>
   <rightEye x="297" y="186"/>
  </person>
 </frame>
 <frame number="00001092">
  <person id="0003">
   <leftEye x="276" y="187"/>
   <rightEye x="291" y="188"/>
  </person>
 </frame>
 <frame number="00001093">
  <person id="0003">
   <leftEye x="270" y="189"/>
   <rightEye x="285" y="190"/>
  </person>
 </frame>
 <frame number="00001094">
  <person id="0003">
   <leftEye x="265" y="189"/>
   <rightEye x="279" y="190"/>
  </person>
 </frame>
 <frame number="00001095">
  <person id="0003">
   <leftEye x="260" y="189"/>
   <rightEye x="274" y="190"/>
  </person>
 </frame>
 <frame number="00001096">
  <person id="0003">
   <leftEye x="255" y="189"/>
   <rightEye x="269" y="190"/>
  </person>
 </frame>
 <frame number="00001097">
  <person id="0003">
   <leftEye x="250" y="189"/>
   <rightEye x="265" y="189"/>
  </person>
 </frame>
 <frame number="00001098">
  <person id="0003">
   <leftEye x="245" y="189"/>
   <rightEye x="261" y="189"/>
  </person>
 </frame>
 <frame number="00001099">
  <person id="0003">
   <leftEye x="241" y="189"/>
   <rightEye x="257" y="190"/>
  </person>
 </frame>
 <frame number="00001100">
  <person id="0003">
   <leftEye x="237" y="190"/>
   <rightEye x="254" y="191"/>
  </person>
 </frame>
 <frame number="00001101">
  <person id="0003">
   <leftEye x="233" y="192"/>
   <rightEye x="250" y="193"/>
  </person>
 </frame>
 <frame number="00001102">
  <person id="0003">
   <leftEye x="229" y="194"/>
   <rightEye x="247" y="195"/>
  </person>
 </frame>
 <frame number="00001103">
  <person id="0003">
   <leftEye x="225" y="197"/>
   <rightEye x="243" y="198"/>
  </person>
 </frame>
 <frame number="00001104">
  <person id="0003">
   <leftEye x="222" y="200"/>
   <rightEye x="240" y="201"/>
  </person>
 </frame>
 <frame number="00001105">
  <person id="0003">
   <leftEye x="220" y="203"/>
   <rightEye x="237" y="204"/>
  </person>
 </frame>
 <frame number="00001106">
  <person id="0003">
   <leftEye x="217" y="206"/>
   <rightEye x="235" y="207"/>
  </person>
 </frame>
 <frame number="00001107">
  <person id="0003">
   <leftEye x="214" y="209"/>
   <rightEye x="232" y="210"/>
  </person>
 </frame>
 <frame number="00001108">
  <person id="0003">
   <leftEye x="211" y="210"/>
   <rightEye x="229" y="211"/>
  </person>
 </frame>
 <frame number="00001109">
  <person id="0003">
   <leftEye x="208" y="210"/>
   <rightEye x="227" y="211"/>
  </person>
 </frame>
 <frame number="00001110">
  <person id="0003">
   <leftEye x="204" y="209"/>
   <rightEye x="224" y="210"/>
  </person>
 </frame>
 <frame number="00001111">
  <person id="0003">
   <leftEye x="200" y="209"/>
   <rightEye x="220" y="210"/>
  </person>
 </frame>
 <frame number="00001112">
  <person id="0003">
   <leftEye x="198" y="209"/>
   <rightEye x="218" y="210"/>
  </person>
 </frame>
 <frame number="00001113">
  <person id="0003">
   <leftEye x="194" y="209"/>
   <rightEye x="213" y="210"/>
  </person>
 </frame>
 <frame number="00001114">
  <person id="0003">
   <leftEye x="188" y="211"/>
   <rightEye x="207" y="211"/>
  </person>
 </frame>
 <frame number="00001115">
  <person id="0003">
   <leftEye x="182" y="213"/>
   <rightEye x="202" y="213"/>
  </person>
 </frame>
 <frame number="00001116">
  <person id="0003">
   <leftEye x="177" y="216"/>
   <rightEye x="197" y="216"/>
  </person>
 </frame>
 <frame number="00001117">
  <person id="0003">
   <leftEye x="172" y="220"/>
   <rightEye x="192" y="220"/>
  </person>
 </frame>
 <frame number="00001118">
  <person id="0003">
   <leftEye x="172" y="220"/>
   <rightEye x="192" y="220"/>
  </person>
 </frame>
 <frame number="00001119">
  <person id="0003">
   <leftEye x="165" y="225"/>
   <rightEye x="185" y="225"/>
  </person>
 </frame>
 <frame number="00001120">
  <person id="0003">
   <leftEye x="159" y="230"/>
   <rightEye x="180" y="230"/>
  </person>
 </frame>
 <frame number="00001121">
  <person id="0003">
   <leftEye x="153" y="235"/>
   <rightEye x="175" y="235"/>
  </person>
 </frame>
 <frame number="00001122">
  <person id="0003">
   <leftEye x="142" y="242"/>
   <rightEye x="162" y="242"/>
  </person>
 </frame>
 <frame number="00001123">
  <person id="0003">
   <leftEye x="142" y="242"/>
   <rightEye x="162" y="242"/>
  </person>
 </frame>
 <frame number="00001124">
  <person id="0003">
   <leftEye x="131" y="242"/>
   <rightEye x="155" y="243"/>
  </person>
 </frame>
 <frame number="00001125">
  <person id="0003">
   <leftEye x="122" y="243"/>
   <rightEye x="146" y="244"/>
  </person>
 </frame>
 <frame number="00001126">
  <person id="0003">
   <leftEye x="109" y="245"/>
   <rightEye x="134" y="246"/>
  </person>
 </frame>
 <frame number="00001127">
  <person id="0003">
   <leftEye x="109" y="245"/>
   <rightEye x="132" y="246"/>
  </person>
 </frame>
 <frame number="00001128">
  <person id="0003">
   <leftEye x="103" y="247"/>
   <rightEye x="126" y="248"/>
  </person>
 </frame>
 <frame number="00001129">
  <person id="0003">
   <leftEye x="96" y="249"/>
   <rightEye x="120" y="250"/>
  </person>
 </frame>
 <frame number="00001130">
  <person id="0003">
   <leftEye x="89" y="253"/>
   <rightEye x="115" y="253"/>
  </person>
 </frame>
 <frame number="00001131">
  <person id="0003">
   <leftEye x="83" y="257"/>
   <rightEye x="109" y="257"/>
  </person>
 </frame>
 <frame number="00001132">
  <person id="0003">
   <leftEye x="76" y="262"/>
   <rightEye x="102" y="262"/>
  </person>
 </frame>
 <frame number="00001133">
  <person id="0003">
   <leftEye x="69" y="267"/>
   <rightEye x="96" y="268"/>
  </person>
 </frame>
 <frame number="00001134">
  <person id="0003">
   <leftEye x="63" y="274"/>
   <rightEye x="90" y="275"/>
  </person>
 </frame>
 <frame number="00001135">
  <person id="0003">
   <leftEye x="57" y="281"/>
   <rightEye x="84" y="282"/>
  </person>
 </frame>
 <frame number="00001136">
  <person id="0003">
   <leftEye x="50" y="288"/>
   <rightEye x="77" y="288"/>
  </person>
 </frame>
 <frame number="00001137">
  <person id="0003">
   <leftEye x="43" y="294"/>
   <rightEye x="70" y="294"/>
  </person>
 </frame>
 <frame number="00001138">
  <person id="0003">
   <leftEye x="35" y="300"/>
   <rightEye x="63" y="300"/>
  </person>
 </frame>
 <frame number="00001139">
  <person id="0003">
   <leftEye x="27" y="303"/>
   <rightEye x="56" y="303"/>
  </person>
 </frame>
 <frame number="00001140">
  <person id="0003">
   <leftEye x="18" y="305"/>
   <rightEye x="47" y="305"/>
  </person>
 </frame>
 <frame number="00001141">
  <person id="0003">
   <leftEye x="9" y="308"/>
   <rightEye x="39" y="308"/>
  </person>
 </frame>
 <frame number="00001142"/>
 <frame number="00001143"/>
 <frame number="00001144"/>
 <frame number="00001145"/>
 <frame number="00001146"/>
 <frame number="00001147"/>
 <frame number="00001148"/>
 <frame number="00001149"/>
 <frame number="00001150"/>
 <frame number="00001151"/>
 <frame number="00001152"/>
 <frame number="00001153"/>
 <frame number="00001154"/>
 <frame number="00001155"/>
 <frame number="00001156"/>
 <frame number="00001157"/>
 <frame number="00001158"/>
 <frame number="00001159"/>
 <frame number="00001160"/>
 <frame number="00001161"/>
 <frame number="00001162"/>
 <frame number="00001163"/>
 <frame number="00001164"/>
 <frame number="00001165"/>
 <frame number="00001166"/>
 <frame number="00001167"/>
 <frame number="00001168"/>
 <frame number="00001169"/>
 <frame number="00001170"/>
 <frame number="00001171"/>
 <frame number="00001172"/>
</dataset>
