<!DOCTYPE GroundTruth>
<dataset name="P2E_S1_C1">
 <frame number="00000300"/>
 <frame number="00000301"/>
 <frame number="00000302"/>
 <frame number="00000303"/>
 <frame number="00000304"/>
 <frame number="00000305"/>
 <frame number="00000306"/>
 <frame number="00000307"/>
 <frame number="00000308"/>
 <frame number="00000309"/>
 <frame number="00000310"/>
 <frame number="00000311"/>
 <frame number="00000312"/>
 <frame number="00000313"/>
 <frame number="00000314"/>
 <frame number="00000315"/>
 <frame number="00000316"/>
 <frame number="00000317"/>
 <frame number="00000318"/>
 <frame number="00000319"/>
 <frame number="00000320"/>
 <frame number="00000321"/>
 <frame number="00000322"/>
 <frame number="00000323"/>
 <frame number="00000324"/>
 <frame number="00000325"/>
 <frame number="00000326"/>
 <frame number="00000327"/>
 <frame number="00000328"/>
 <frame number="00000329"/>
 <frame number="00000330"/>
 <frame number="00000331"/>
 <frame number="00000332"/>
 <frame number="00000333"/>
 <frame number="00000334"/>
 <frame number="00000335"/>
 <frame number="00000336"/>
 <frame number="00000337"/>
 <frame number="00000338"/>
 <frame number="00000339"/>
 <frame number="00000340"/>
 <frame number="00000341"/>
 <frame number="00000342"/>
 <frame number="00000343"/>
 <frame number="00000344"/>
 <frame number="00000345"/>
 <frame number="00000346"/>
 <frame number="00000347"/>
 <frame number="00000348"/>
 <frame number="00000349"/>
 <frame number="00000350"/>
 <frame number="00000351"/>
 <frame number="00000352"/>
 <frame number="00000353"/>
 <frame number="00000354"/>
 <frame number="00000355"/>
 <frame number="00000356"/>
 <frame number="00000357"/>
 <frame number="00000358"/>
 <frame number="00000359"/>
 <frame number="00000360"/>
 <frame number="00000361"/>
 <frame number="00000362"/>
 <frame number="00000363"/>
 <frame number="00000364"/>
 <frame number="00000365"/>
 <frame number="00000366"/>
 <frame number="00000367"/>
 <frame number="00000368"/>
 <frame number="00000369"/>
 <frame number="00000370"/>
 <frame number="00000371"/>
 <frame number="00000372"/>
 <frame number="00000373"/>
 <frame number="00000374"/>
 <frame number="00000375"/>
 <frame number="00000376"/>
 <frame number="00000377"/>
 <frame number="00000378"/>
 <frame number="00000379"/>
 <frame number="00000380"/>
 <frame number="00000381"/>
 <frame number="00000382"/>
 <frame number="00000383"/>
 <frame number="00000384"/>
 <frame number="00000385"/>
 <frame number="00000386"/>
 <frame number="00000387"/>
 <frame number="00000388"/>
 <frame number="00000389"/>
 <frame number="00000390"/>
 <frame number="00000391"/>
 <frame number="00000392"/>
 <frame number="00000393"/>
 <frame number="00000394"/>
 <frame number="00000395"/>
 <frame number="00000396"/>
 <frame number="00000397"/>
 <frame number="00000398"/>
 <frame number="00000399"/>
 <frame number="00000754"/>
 <frame number="00000755"/>
 <frame number="00000756"/>
 <frame number="00000757"/>
 <frame number="00000758"/>
 <frame number="00000759"/>
 <frame number="00000760"/>
 <frame number="00000761"/>
 <frame number="00000762"/>
 <frame number="00000763"/>
 <frame number="00000764"/>
 <frame number="00000765"/>
 <frame number="00000766"/>
 <frame number="00000767"/>
 <frame number="00000768"/>
 <frame number="00000769"/>
 <frame number="00000770"/>
 <frame number="00000771"/>
 <frame number="00000772"/>
 <frame number="00000773"/>
 <frame number="00000774"/>
 <frame number="00000775"/>
 <frame number="00000776"/>
 <frame number="00000777"/>
 <frame number="00000778"/>
 <frame number="00000779"/>
 <frame number="00000780"/>
 <frame number="00000781"/>
 <frame number="00000782"/>
 <frame number="00000783"/>
 <frame number="00000784"/>
 <frame number="00000785"/>
 <frame number="00000786"/>
 <frame number="00000787"/>
 <frame number="00000788"/>
 <frame number="00000789"/>
 <frame number="00000790"/>
 <frame number="00000791"/>
 <frame number="00000792"/>
 <frame number="00000793"/>
 <frame number="00000794"/>
 <frame number="00000795"/>
 <frame number="00000796"/>
 <frame number="00000797"/>
 <frame number="00000798"/>
 <frame number="00000799"/>
 <frame number="00000800"/>
 <frame number="00000801"/>
 <frame number="00000802"/>
 <frame number="00000803"/>
 <frame number="00000804"/>
 <frame number="00000805"/>
 <frame number="00000806"/>
 <frame number="00000807"/>
 <frame number="00000808"/>
 <frame number="00000809"/>
 <frame number="00000810"/>
 <frame number="00000811"/>
 <frame number="00000812"/>
 <frame number="00000813"/>
 <frame number="00000814"/>
 <frame number="00000815"/>
 <frame number="00000816"/>
 <frame number="00000817"/>
 <frame number="00000818"/>
 <frame number="00000819"/>
 <frame number="00000820"/>
 <frame number="00000821"/>
 <frame number="00000822"/>
 <frame number="00000823"/>
 <frame number="00000824"/>
 <frame number="00000825"/>
 <frame number="00000826"/>
 <frame number="00000827"/>
 <frame number="00000828"/>
 <frame number="00000829"/>
 <frame number="00000830"/>
 <frame number="00000831"/>
 <frame number="00000832"/>
 <frame number="00000833"/>
 <frame number="00000834"/>
 <frame number="00000835"/>
 <frame number="00000836"/>
 <frame number="00000837"/>
 <frame number="00000838"/>
 <frame number="00000839"/>
 <frame number="00000930"/>
 <frame number="00000931"/>
 <frame number="00000932"/>
 <frame number="00000933"/>
 <frame number="00000934"/>
 <frame number="00000935"/>
 <frame number="00000936"/>
 <frame number="00000937"/>
 <frame number="00000938"/>
 <frame number="00000939"/>
 <frame number="00000940"/>
 <frame number="00000941"/>
 <frame number="00000942"/>
 <frame number="00000943"/>
 <frame number="00000944"/>
 <frame number="00000945"/>
 <frame number="00000946"/>
 <frame number="00000947"/>
 <frame number="00000948"/>
 <frame number="00000949"/>
 <frame number="00000950"/>
 <frame number="00000951"/>
 <frame number="00000952"/>
 <frame number="00000953"/>
 <frame number="00000954">
  <person id="0028">
   <leftEye x="769" y="143"/>
   <rightEye x="787" y="142"/>
  </person>
 </frame>
 <frame number="00000955">
  <person id="0028">
   <leftEye x="763" y="143"/>
   <rightEye x="782" y="142"/>
  </person>
 </frame>
 <frame number="00000956">
  <person id="0028">
   <leftEye x="759" y="143"/>
   <rightEye x="778" y="142"/>
  </person>
 </frame>
 <frame number="00000957">
  <person id="0028">
   <leftEye x="758" y="143"/>
   <rightEye x="777" y="142"/>
  </person>
 </frame>
 <frame number="00000958">
  <person id="0028">
   <leftEye x="758" y="143"/>
   <rightEye x="777" y="142"/>
  </person>
 </frame>
 <frame number="00000959">
  <person id="0028">
   <leftEye x="758" y="143"/>
   <rightEye x="777" y="142"/>
  </person>
 </frame>
 <frame number="00000960">
  <person id="0028">
   <leftEye x="754" y="144"/>
   <rightEye x="773" y="143"/>
  </person>
 </frame>
 <frame number="00000961">
  <person id="0028">
   <leftEye x="745" y="147"/>
   <rightEye x="765" y="146"/>
  </person>
 </frame>
 <frame number="00000962">
  <person id="0028">
   <leftEye x="738" y="151"/>
   <rightEye x="759" y="150"/>
  </person>
 </frame>
 <frame number="00000963">
  <person id="0028">
   <leftEye x="735" y="152"/>
   <rightEye x="756" y="151"/>
  </person>
 </frame>
 <frame number="00000964">
  <person id="0028">
   <leftEye x="733" y="153"/>
   <rightEye x="754" y="152"/>
  </person>
 </frame>
 <frame number="00000965">
  <person id="0028">
   <leftEye x="731" y="153"/>
   <rightEye x="754" y="153"/>
  </person>
 </frame>
 <frame number="00000966">
  <person id="0028">
   <leftEye x="730" y="153"/>
   <rightEye x="753" y="153"/>
  </person>
 </frame>
 <frame number="00000967">
  <person id="0028">
   <leftEye x="730" y="153"/>
   <rightEye x="752" y="153"/>
  </person>
 </frame>
 <frame number="00000968">
  <person id="0028">
   <leftEye x="729" y="152"/>
   <rightEye x="751" y="153"/>
  </person>
 </frame>
 <frame number="00000969">
  <person id="0028">
   <leftEye x="728" y="152"/>
   <rightEye x="750" y="153"/>
  </person>
 </frame>
 <frame number="00000970">
  <person id="0028">
   <leftEye x="727" y="152"/>
   <rightEye x="749" y="152"/>
  </person>
 </frame>
 <frame number="00000971">
  <person id="0028">
   <leftEye x="725" y="152"/>
   <rightEye x="747" y="152"/>
  </person>
 </frame>
 <frame number="00000972">
  <person id="0028">
   <leftEye x="723" y="152"/>
   <rightEye x="745" y="153"/>
  </person>
 </frame>
 <frame number="00000973">
  <person id="0028">
   <leftEye x="722" y="153"/>
   <rightEye x="744" y="154"/>
  </person>
 </frame>
 <frame number="00000974">
  <person id="0028">
   <leftEye x="720" y="155"/>
   <rightEye x="743" y="155"/>
  </person>
 </frame>
 <frame number="00000975">
  <person id="0028">
   <leftEye x="719" y="156"/>
   <rightEye x="741" y="157"/>
  </person>
 </frame>
 <frame number="00000976">
  <person id="0028">
   <leftEye x="717" y="159"/>
   <rightEye x="739" y="159"/>
  </person>
 </frame>
 <frame number="00000977">
  <person id="0028">
   <leftEye x="716" y="162"/>
   <rightEye x="738" y="161"/>
  </person>
 </frame>
 <frame number="00000978">
  <person id="0028">
   <leftEye x="714" y="166"/>
   <rightEye x="737" y="165"/>
  </person>
 </frame>
 <frame number="00000979">
  <person id="0028">
   <leftEye x="712" y="169"/>
   <rightEye x="736" y="168"/>
  </person>
 </frame>
 <frame number="00000980">
  <person id="0028">
   <leftEye x="711" y="172"/>
   <rightEye x="735" y="171"/>
  </person>
 </frame>
 <frame number="00000981">
  <person id="0028">
   <leftEye x="710" y="174"/>
   <rightEye x="734" y="173"/>
  </person>
 </frame>
 <frame number="00000982">
  <person id="0028">
   <leftEye x="709" y="175"/>
   <rightEye x="733" y="174"/>
  </person>
 </frame>
 <frame number="00000983">
  <person id="0028">
   <leftEye x="709" y="176"/>
   <rightEye x="733" y="174"/>
  </person>
 </frame>
 <frame number="00000984">
  <person id="0028">
   <leftEye x="708" y="175"/>
   <rightEye x="733" y="174"/>
  </person>
 </frame>
 <frame number="00000985">
  <person id="0028">
   <leftEye x="708" y="175"/>
   <rightEye x="732" y="174"/>
  </person>
 </frame>
 <frame number="00000986">
  <person id="0028">
   <leftEye x="709" y="175"/>
   <rightEye x="733" y="174"/>
  </person>
 </frame>
 <frame number="00000987">
  <person id="0028">
   <leftEye x="710" y="175"/>
   <rightEye x="735" y="173"/>
  </person>
 </frame>
 <frame number="00000988">
  <person id="0028">
   <leftEye x="712" y="175"/>
   <rightEye x="738" y="173"/>
  </person>
 </frame>
 <frame number="00000989">
  <person id="0028">
   <leftEye x="716" y="177"/>
   <rightEye x="743" y="175"/>
  </person>
 </frame>
 <frame number="00000990">
  <person id="0028">
   <leftEye x="719" y="179"/>
   <rightEye x="748" y="176"/>
  </person>
 </frame>
 <frame number="00000991">
  <person id="0028">
   <leftEye x="722" y="180"/>
   <rightEye x="752" y="177"/>
  </person>
 </frame>
 <frame number="00000992">
  <person id="0028">
   <leftEye x="728" y="183"/>
   <rightEye x="757" y="180"/>
  </person>
 </frame>
 <frame number="00000993">
  <person id="0028">
   <leftEye x="734" y="187"/>
   <rightEye x="763" y="184"/>
  </person>
 </frame>
 <frame number="00000994">
  <person id="0028">
   <leftEye x="740" y="192"/>
   <rightEye x="770" y="189"/>
  </person>
 </frame>
 <frame number="00000995">
  <person id="0028">
   <leftEye x="747" y="197"/>
   <rightEye x="778" y="194"/>
  </person>
 </frame>
 <frame number="00000996">
  <person id="0028">
   <leftEye x="756" y="203"/>
   <rightEye x="787" y="200"/>
  </person>
 </frame>
 <frame number="00000997"/>
 <frame number="00000998"/>
 <frame number="00000999"/>
 <frame number="00001000"/>
 <frame number="00001001"/>
 <frame number="00001002"/>
 <frame number="00001003"/>
 <frame number="00001004"/>
 <frame number="00001005"/>
 <frame number="00001006"/>
 <frame number="00001007"/>
 <frame number="00001008"/>
 <frame number="00001009"/>
 <frame number="00001010"/>
 <frame number="00001011"/>
 <frame number="00001012"/>
 <frame number="00001013"/>
 <frame number="00001014"/>
 <frame number="00001015"/>
 <frame number="00001016"/>
 <frame number="00001017"/>
 <frame number="00001018"/>
 <frame number="00001019"/>
 <frame number="00001020"/>
 <frame number="00001021"/>
 <frame number="00001022"/>
 <frame number="00001023"/>
 <frame number="00001024"/>
 <frame number="00001025"/>
 <frame number="00001026"/>
 <frame number="00001027"/>
 <frame number="00001028"/>
 <frame number="00001029"/>
 <frame number="00001030"/>
 <frame number="00001031"/>
 <frame number="00001032"/>
 <frame number="00001033"/>
 <frame number="00001034"/>
 <frame number="00001105"/>
 <frame number="00001106"/>
 <frame number="00001107"/>
 <frame number="00001108"/>
 <frame number="00001109"/>
 <frame number="00001110"/>
 <frame number="00001111"/>
 <frame number="00001112"/>
 <frame number="00001113"/>
 <frame number="00001114"/>
 <frame number="00001115"/>
 <frame number="00001116"/>
 <frame number="00001117"/>
 <frame number="00001118"/>
 <frame number="00001119"/>
 <frame number="00001120"/>
 <frame number="00001121"/>
 <frame number="00001122"/>
 <frame number="00001123"/>
 <frame number="00001124"/>
 <frame number="00001125"/>
 <frame number="00001126"/>
 <frame number="00001127"/>
 <frame number="00001128"/>
 <frame number="00001129"/>
 <frame number="00001130"/>
 <frame number="00001131"/>
 <frame number="00001132"/>
 <frame number="00001133"/>
 <frame number="00001134"/>
 <frame number="00001135"/>
 <frame number="00001136"/>
 <frame number="00001137"/>
 <frame number="00001138"/>
 <frame number="00001139"/>
 <frame number="00001140"/>
 <frame number="00001141"/>
 <frame number="00001142"/>
 <frame number="00001143"/>
 <frame number="00001144"/>
 <frame number="00001145"/>
 <frame number="00001146"/>
 <frame number="00001147"/>
 <frame number="00001148"/>
 <frame number="00001149"/>
 <frame number="00001150"/>
 <frame number="00001151"/>
 <frame number="00001152"/>
 <frame number="00001153"/>
 <frame number="00001154"/>
 <frame number="00001155"/>
 <frame number="00001156"/>
 <frame number="00001157"/>
 <frame number="00001158"/>
 <frame number="00001159"/>
 <frame number="00001160"/>
 <frame number="00001161"/>
 <frame number="00001162"/>
 <frame number="00001163"/>
 <frame number="00001164"/>
 <frame number="00001165"/>
 <frame number="00001166"/>
 <frame number="00001167"/>
 <frame number="00001168"/>
 <frame number="00001169"/>
 <frame number="00001170"/>
 <frame number="00001171"/>
 <frame number="00001172"/>
 <frame number="00001173"/>
 <frame number="00001174"/>
 <frame number="00001175"/>
 <frame number="00001176"/>
 <frame number="00001177"/>
 <frame number="00001178"/>
 <frame number="00001179"/>
 <frame number="00001180"/>
 <frame number="00001181"/>
 <frame number="00001182"/>
 <frame number="00001183"/>
 <frame number="00001184"/>
 <frame number="00001185"/>
 <frame number="00001186"/>
 <frame number="00001187"/>
 <frame number="00001188"/>
 <frame number="00001189"/>
 <frame number="00001190"/>
 <frame number="00001191"/>
 <frame number="00001192"/>
 <frame number="00001193"/>
 <frame number="00001194"/>
 <frame number="00001195"/>
 <frame number="00001196"/>
 <frame number="00001197"/>
 <frame number="00001198"/>
 <frame number="00001199"/>
 <frame number="00001200"/>
 <frame number="00001201"/>
 <frame number="00001202"/>
 <frame number="00001203"/>
 <frame number="00001204"/>
 <frame number="00001205"/>
 <frame number="00001206"/>
 <frame number="00001207"/>
 <frame number="00001208"/>
 <frame number="00001209"/>
 <frame number="00001210"/>
 <frame number="00001211"/>
 <frame number="00001286"/>
 <frame number="00001287"/>
 <frame number="00001288"/>
 <frame number="00001289"/>
 <frame number="00001290"/>
 <frame number="00001291"/>
 <frame number="00001292"/>
 <frame number="00001293"/>
 <frame number="00001294"/>
 <frame number="00001295"/>
 <frame number="00001296"/>
 <frame number="00001297"/>
 <frame number="00001298"/>
 <frame number="00001299"/>
 <frame number="00001300"/>
 <frame number="00001301"/>
 <frame number="00001302"/>
 <frame number="00001303"/>
 <frame number="00001304"/>
 <frame number="00001305"/>
 <frame number="00001306"/>
 <frame number="00001307"/>
 <frame number="00001308">
  <person id="0005">
   <leftEye x="768" y="180"/>
   <rightEye x="789" y="179"/>
  </person>
 </frame>
 <frame number="00001309">
  <person id="0005">
   <leftEye x="764" y="182"/>
   <rightEye x="786" y="180"/>
  </person>
 </frame>
 <frame number="00001310">
  <person id="0005">
   <leftEye x="762" y="183"/>
   <rightEye x="784" y="181"/>
  </person>
 </frame>
 <frame number="00001311">
  <person id="0005">
   <leftEye x="761" y="184"/>
   <rightEye x="782" y="183"/>
  </person>
 </frame>
 <frame number="00001312">
  <person id="0005">
   <leftEye x="759" y="186"/>
   <rightEye x="781" y="186"/>
  </person>
 </frame>
 <frame number="00001313">
  <person id="0005">
   <leftEye x="758" y="189"/>
   <rightEye x="780" y="188"/>
  </person>
 </frame>
 <frame number="00001314">
  <person id="0005">
   <leftEye x="758" y="192"/>
   <rightEye x="780" y="191"/>
  </person>
 </frame>
 <frame number="00001315">
  <person id="0005">
   <leftEye x="759" y="194"/>
   <rightEye x="781" y="193"/>
  </person>
 </frame>
 <frame number="00001316">
  <person id="0005">
   <leftEye x="760" y="197"/>
   <rightEye x="781" y="196"/>
  </person>
 </frame>
 <frame number="00001317">
  <person id="0005">
   <leftEye x="761" y="200"/>
   <rightEye x="782" y="199"/>
  </person>
 </frame>
 <frame number="00001318">
  <person id="0005">
   <leftEye x="762" y="203"/>
   <rightEye x="784" y="202"/>
  </person>
 </frame>
 <frame number="00001319">
  <person id="0005">
   <leftEye x="764" y="204"/>
   <rightEye x="786" y="204"/>
  </person>
 </frame>
 <frame number="00001320">
  <person id="0005">
   <leftEye x="766" y="205"/>
   <rightEye x="789" y="205"/>
  </person>
 </frame>
 <frame number="00001321">
  <person id="0005">
   <leftEye x="769" y="207"/>
   <rightEye x="794" y="207"/>
  </person>
 </frame>
 <frame number="00001322"/>
 <frame number="00001323"/>
 <frame number="00001324"/>
 <frame number="00001325"/>
 <frame number="00001326"/>
 <frame number="00001327"/>
 <frame number="00001328"/>
 <frame number="00001329"/>
 <frame number="00001330"/>
 <frame number="00001331"/>
 <frame number="00001332"/>
 <frame number="00001333"/>
 <frame number="00001334"/>
 <frame number="00001335"/>
 <frame number="00001336"/>
 <frame number="00001337"/>
 <frame number="00001338"/>
 <frame number="00001339"/>
 <frame number="00001340"/>
 <frame number="00001341"/>
 <frame number="00001342"/>
 <frame number="00001343"/>
 <frame number="00001344"/>
 <frame number="00001345"/>
 <frame number="00001346"/>
 <frame number="00001347"/>
 <frame number="00001348"/>
 <frame number="00001349"/>
 <frame number="00001350"/>
 <frame number="00001351"/>
 <frame number="00001352"/>
 <frame number="00001353"/>
 <frame number="00001354"/>
 <frame number="00001355"/>
 <frame number="00001356"/>
 <frame number="00001357"/>
 <frame number="00001358"/>
 <frame number="00001359"/>
 <frame number="00001360"/>
 <frame number="00001361"/>
 <frame number="00001362"/>
 <frame number="00001363"/>
 <frame number="00001364"/>
 <frame number="00001454"/>
 <frame number="00001455"/>
 <frame number="00001456"/>
 <frame number="00001457"/>
 <frame number="00001458"/>
 <frame number="00001459"/>
 <frame number="00001460"/>
 <frame number="00001461"/>
 <frame number="00001462"/>
 <frame number="00001463"/>
 <frame number="00001464"/>
 <frame number="00001465"/>
 <frame number="00001466"/>
 <frame number="00001467"/>
 <frame number="00001468"/>
 <frame number="00001469"/>
 <frame number="00001470"/>
 <frame number="00001471"/>
 <frame number="00001472"/>
 <frame number="00001473"/>
 <frame number="00001474"/>
 <frame number="00001475"/>
 <frame number="00001476"/>
 <frame number="00001477"/>
 <frame number="00001478"/>
 <frame number="00001479"/>
 <frame number="00001480"/>
 <frame number="00001481"/>
 <frame number="00001482"/>
 <frame number="00001483">
  <person id="0030">
   <leftEye x="766" y="220"/>
   <rightEye x="788" y="220"/>
  </person>
 </frame>
 <frame number="00001484">
  <person id="0030">
   <leftEye x="762" y="220"/>
   <rightEye x="784" y="220"/>
  </person>
 </frame>
 <frame number="00001485">
  <person id="0030">
   <leftEye x="760" y="219"/>
   <rightEye x="783" y="219"/>
  </person>
 </frame>
 <frame number="00001486">
  <person id="0030">
   <leftEye x="760" y="218"/>
   <rightEye x="784" y="218"/>
  </person>
 </frame>
 <frame number="00001487">
  <person id="0030">
   <leftEye x="761" y="217"/>
   <rightEye x="785" y="218"/>
  </person>
 </frame>
 <frame number="00001488">
  <person id="0030">
   <leftEye x="763" y="218"/>
   <rightEye x="787" y="218"/>
  </person>
 </frame>
 <frame number="00001489">
  <person id="0030">
   <leftEye x="767" y="220"/>
   <rightEye x="791" y="220"/>
  </person>
 </frame>
 <frame number="00001490"/>
 <frame number="00001491"/>
 <frame number="00001492"/>
 <frame number="00001493"/>
 <frame number="00001494"/>
 <frame number="00001495"/>
 <frame number="00001496"/>
 <frame number="00001497"/>
 <frame number="00001498"/>
 <frame number="00001499"/>
 <frame number="00001500"/>
 <frame number="00001501"/>
 <frame number="00001502"/>
 <frame number="00001503"/>
 <frame number="00001504"/>
 <frame number="00001505"/>
 <frame number="00001506"/>
 <frame number="00001507"/>
 <frame number="00001508"/>
 <frame number="00001509"/>
 <frame number="00001510"/>
 <frame number="00001511"/>
 <frame number="00001512"/>
 <frame number="00001513"/>
 <frame number="00001514"/>
 <frame number="00001515"/>
 <frame number="00001516"/>
 <frame number="00001517"/>
 <frame number="00001518"/>
 <frame number="00001519"/>
 <frame number="00001520"/>
 <frame number="00001521"/>
 <frame number="00001522"/>
 <frame number="00001523"/>
 <frame number="00001524"/>
 <frame number="00001525"/>
 <frame number="00001526"/>
 <frame number="00001527"/>
 <frame number="00001528"/>
 <frame number="00001529"/>
 <frame number="00001530"/>
 <frame number="00001531"/>
 <frame number="00001532"/>
 <frame number="00001533"/>
 <frame number="00001608"/>
 <frame number="00001609"/>
 <frame number="00001610"/>
 <frame number="00001611"/>
 <frame number="00001612"/>
 <frame number="00001613"/>
 <frame number="00001614"/>
 <frame number="00001615"/>
 <frame number="00001616"/>
 <frame number="00001617"/>
 <frame number="00001618"/>
 <frame number="00001619"/>
 <frame number="00001620"/>
 <frame number="00001621"/>
 <frame number="00001622"/>
 <frame number="00001623"/>
 <frame number="00001624"/>
 <frame number="00001625"/>
 <frame number="00001626"/>
 <frame number="00001627"/>
 <frame number="00001628"/>
 <frame number="00001629"/>
 <frame number="00001630"/>
 <frame number="00001631"/>
 <frame number="00001632"/>
 <frame number="00001633"/>
 <frame number="00001634"/>
 <frame number="00001635"/>
 <frame number="00001636"/>
 <frame number="00001637"/>
 <frame number="00001638"/>
 <frame number="00001639"/>
 <frame number="00001640"/>
 <frame number="00001641"/>
 <frame number="00001642"/>
 <frame number="00001643"/>
 <frame number="00001644"/>
 <frame number="00001645"/>
 <frame number="00001646"/>
 <frame number="00001647"/>
 <frame number="00001648"/>
 <frame number="00001649"/>
 <frame number="00001650"/>
 <frame number="00001651"/>
 <frame number="00001652"/>
 <frame number="00001653"/>
 <frame number="00001654"/>
 <frame number="00001655"/>
 <frame number="00001656"/>
 <frame number="00001657"/>
 <frame number="00001658"/>
 <frame number="00001659"/>
 <frame number="00001660"/>
 <frame number="00001661"/>
 <frame number="00001662"/>
 <frame number="00001663"/>
 <frame number="00001664"/>
 <frame number="00001665"/>
 <frame number="00001666"/>
 <frame number="00001667"/>
 <frame number="00001668"/>
 <frame number="00001669"/>
 <frame number="00001670"/>
 <frame number="00001671"/>
 <frame number="00001672"/>
 <frame number="00001673"/>
 <frame number="00001674"/>
 <frame number="00001675"/>
 <frame number="00001676"/>
 <frame number="00001677"/>
 <frame number="00001678"/>
 <frame number="00001679"/>
 <frame number="00001680"/>
 <frame number="00001681"/>
 <frame number="00001682"/>
 <frame number="00001683"/>
 <frame number="00001684"/>
 <frame number="00001685"/>
 <frame number="00001686"/>
 <frame number="00001687"/>
 <frame number="00001688"/>
 <frame number="00001689"/>
 <frame number="00001783"/>
 <frame number="00001784"/>
 <frame number="00001785"/>
 <frame number="00001786"/>
 <frame number="00001787"/>
 <frame number="00001788"/>
 <frame number="00001789"/>
 <frame number="00001790"/>
 <frame number="00001791"/>
 <frame number="00001792"/>
 <frame number="00001793"/>
 <frame number="00001794"/>
 <frame number="00001795"/>
 <frame number="00001796"/>
 <frame number="00001797"/>
 <frame number="00001798"/>
 <frame number="00001799"/>
 <frame number="00001800"/>
 <frame number="00001801"/>
 <frame number="00001802"/>
 <frame number="00001803"/>
 <frame number="00001804"/>
 <frame number="00001805"/>
 <frame number="00001806"/>
 <frame number="00001807"/>
 <frame number="00001808"/>
 <frame number="00001809"/>
 <frame number="00001810"/>
 <frame number="00001811"/>
 <frame number="00001812"/>
 <frame number="00001813"/>
 <frame number="00001814"/>
 <frame number="00001815"/>
 <frame number="00001816"/>
 <frame number="00001817"/>
 <frame number="00001818"/>
 <frame number="00001819"/>
 <frame number="00001820"/>
 <frame number="00001821"/>
 <frame number="00001822"/>
 <frame number="00001823"/>
 <frame number="00001824"/>
 <frame number="00001825"/>
 <frame number="00001826"/>
 <frame number="00001827"/>
 <frame number="00001828"/>
 <frame number="00001829"/>
 <frame number="00001830"/>
 <frame number="00001831"/>
 <frame number="00001832"/>
 <frame number="00001833"/>
 <frame number="00001834"/>
 <frame number="00001835"/>
 <frame number="00001836"/>
 <frame number="00001837"/>
 <frame number="00001838"/>
 <frame number="00001839"/>
 <frame number="00001840"/>
 <frame number="00001841"/>
 <frame number="00001842"/>
 <frame number="00001843"/>
 <frame number="00001844"/>
 <frame number="00001845"/>
 <frame number="00001846"/>
 <frame number="00001847"/>
 <frame number="00001848"/>
 <frame number="00001849"/>
 <frame number="00001850"/>
 <frame number="00001851"/>
 <frame number="00001852"/>
 <frame number="00001853"/>
 <frame number="00001854"/>
 <frame number="00001855"/>
 <frame number="00001856"/>
 <frame number="00001857"/>
 <frame number="00001858"/>
 <frame number="00001859"/>
 <frame number="00001860"/>
 <frame number="00001861"/>
 <frame number="00001862"/>
 <frame number="00001863"/>
 <frame number="00001864"/>
 <frame number="00001941"/>
 <frame number="00001942"/>
 <frame number="00001943"/>
 <frame number="00001944"/>
 <frame number="00001945"/>
 <frame number="00001946"/>
 <frame number="00001947"/>
 <frame number="00001948"/>
 <frame number="00001949"/>
 <frame number="00001950"/>
 <frame number="00001951"/>
 <frame number="00001952"/>
 <frame number="00001953"/>
 <frame number="00001954"/>
 <frame number="00001955"/>
 <frame number="00001956"/>
 <frame number="00001957"/>
 <frame number="00001958"/>
 <frame number="00001959"/>
 <frame number="00001960"/>
 <frame number="00001961"/>
 <frame number="00001962"/>
 <frame number="00001963"/>
 <frame number="00001964"/>
 <frame number="00001965"/>
 <frame number="00001966"/>
 <frame number="00001967"/>
 <frame number="00001968"/>
 <frame number="00001969"/>
 <frame number="00001970"/>
 <frame number="00001971"/>
 <frame number="00001972"/>
 <frame number="00001973"/>
 <frame number="00001974"/>
 <frame number="00001975"/>
 <frame number="00001976"/>
 <frame number="00001977"/>
 <frame number="00001978"/>
 <frame number="00001979"/>
 <frame number="00001980"/>
 <frame number="00001981"/>
 <frame number="00001982"/>
 <frame number="00001983"/>
 <frame number="00001984"/>
 <frame number="00001985"/>
 <frame number="00001986"/>
 <frame number="00001987"/>
 <frame number="00001988"/>
 <frame number="00001989"/>
 <frame number="00001990"/>
 <frame number="00001991"/>
 <frame number="00001992"/>
 <frame number="00001993"/>
 <frame number="00001994"/>
 <frame number="00001995"/>
 <frame number="00001996"/>
 <frame number="00001997"/>
 <frame number="00001998"/>
 <frame number="00001999"/>
 <frame number="00002000"/>
 <frame number="00002001"/>
 <frame number="00002002"/>
 <frame number="00002003"/>
 <frame number="00002004"/>
 <frame number="00002005"/>
 <frame number="00002006"/>
 <frame number="00002007"/>
 <frame number="00002008"/>
 <frame number="00002009"/>
 <frame number="00002010"/>
 <frame number="00002011"/>
 <frame number="00002012"/>
 <frame number="00002013"/>
 <frame number="00002081"/>
 <frame number="00002082"/>
 <frame number="00002083"/>
 <frame number="00002084"/>
 <frame number="00002085"/>
 <frame number="00002086"/>
 <frame number="00002087"/>
 <frame number="00002088"/>
 <frame number="00002089"/>
 <frame number="00002090"/>
 <frame number="00002091"/>
 <frame number="00002092"/>
 <frame number="00002093"/>
 <frame number="00002094"/>
 <frame number="00002095"/>
 <frame number="00002096"/>
 <frame number="00002097"/>
 <frame number="00002098"/>
 <frame number="00002099"/>
 <frame number="00002100"/>
 <frame number="00002101"/>
 <frame number="00002102"/>
 <frame number="00002103"/>
 <frame number="00002104"/>
 <frame number="00002105"/>
 <frame number="00002106"/>
 <frame number="00002107"/>
 <frame number="00002108"/>
 <frame number="00002109"/>
 <frame number="00002110"/>
 <frame number="00002111"/>
 <frame number="00002112"/>
 <frame number="00002113"/>
 <frame number="00002114"/>
 <frame number="00002115"/>
 <frame number="00002116"/>
 <frame number="00002117"/>
 <frame number="00002118"/>
 <frame number="00002119"/>
 <frame number="00002120"/>
 <frame number="00002121">
  <person id="0024">
   <leftEye x="766" y="158"/>
   <rightEye x="788" y="159"/>
  </person>
 </frame>
 <frame number="00002122">
  <person id="0024">
   <leftEye x="763" y="157"/>
   <rightEye x="784" y="158"/>
  </person>
 </frame>
 <frame number="00002123">
  <person id="0024">
   <leftEye x="761" y="156"/>
   <rightEye x="782" y="156"/>
  </person>
 </frame>
 <frame number="00002124">
  <person id="0024">
   <leftEye x="760" y="155"/>
   <rightEye x="781" y="155"/>
  </person>
 </frame>
 <frame number="00002125">
  <person id="0024">
   <leftEye x="759" y="154"/>
   <rightEye x="781" y="154"/>
  </person>
 </frame>
 <frame number="00002126">
  <person id="0024">
   <leftEye x="759" y="154"/>
   <rightEye x="781" y="154"/>
  </person>
 </frame>
 <frame number="00002127">
  <person id="0024">
   <leftEye x="760" y="154"/>
   <rightEye x="782" y="154"/>
  </person>
 </frame>
 <frame number="00002128">
  <person id="0024">
   <leftEye x="761" y="156"/>
   <rightEye x="784" y="156"/>
  </person>
 </frame>
 <frame number="00002129">
  <person id="0024">
   <leftEye x="763" y="158"/>
   <rightEye x="786" y="158"/>
  </person>
 </frame>
 <frame number="00002130">
  <person id="0024">
   <leftEye x="767" y="162"/>
   <rightEye x="789" y="161"/>
  </person>
 </frame>
 <frame number="00002131"/>
 <frame number="00002132"/>
 <frame number="00002133"/>
 <frame number="00002134"/>
 <frame number="00002135"/>
 <frame number="00002136"/>
 <frame number="00002137"/>
 <frame number="00002138"/>
 <frame number="00002139"/>
 <frame number="00002140"/>
 <frame number="00002141"/>
 <frame number="00002142"/>
 <frame number="00002143"/>
 <frame number="00002144"/>
 <frame number="00002145"/>
 <frame number="00002146"/>
 <frame number="00002147"/>
 <frame number="00002148"/>
 <frame number="00002149"/>
 <frame number="00002150"/>
 <frame number="00002151"/>
 <frame number="00002152"/>
 <frame number="00002153"/>
 <frame number="00002154"/>
 <frame number="00002155"/>
 <frame number="00002156"/>
 <frame number="00002157"/>
 <frame number="00002158"/>
 <frame number="00002159"/>
 <frame number="00002160"/>
 <frame number="00002161"/>
 <frame number="00002162"/>
 <frame number="00002163"/>
 <frame number="00002164"/>
 <frame number="00002165"/>
 <frame number="00002166"/>
 <frame number="00002167"/>
 <frame number="00002168"/>
 <frame number="00002169"/>
 <frame number="00002170"/>
 <frame number="00002171"/>
 <frame number="00002172"/>
 <frame number="00002173"/>
 <frame number="00002174"/>
 <frame number="00002175"/>
 <frame number="00002176"/>
 <frame number="00002177"/>
 <frame number="00002178"/>
 <frame number="00002179"/>
 <frame number="00002180"/>
 <frame number="00002181"/>
 <frame number="00002182"/>
 <frame number="00002183"/>
 <frame number="00002184"/>
 <frame number="00002261"/>
 <frame number="00002262"/>
 <frame number="00002263"/>
 <frame number="00002264"/>
 <frame number="00002265"/>
 <frame number="00002266"/>
 <frame number="00002267"/>
 <frame number="00002268"/>
 <frame number="00002269"/>
 <frame number="00002270"/>
 <frame number="00002271"/>
 <frame number="00002272"/>
 <frame number="00002273"/>
 <frame number="00002274"/>
 <frame number="00002275"/>
 <frame number="00002276"/>
 <frame number="00002277"/>
 <frame number="00002278"/>
 <frame number="00002279"/>
 <frame number="00002280"/>
 <frame number="00002281"/>
 <frame number="00002282"/>
 <frame number="00002283"/>
 <frame number="00002284"/>
 <frame number="00002285">
  <person id="0025">
   <leftEye x="766" y="179"/>
   <rightEye x="787" y="181"/>
  </person>
 </frame>
 <frame number="00002286">
  <person id="0025">
   <leftEye x="760" y="179"/>
   <rightEye x="781" y="181"/>
  </person>
 </frame>
 <frame number="00002287">
  <person id="0025">
   <leftEye x="755" y="179"/>
   <rightEye x="776" y="180"/>
  </person>
 </frame>
 <frame number="00002288">
  <person id="0025">
   <leftEye x="749" y="178"/>
   <rightEye x="771" y="179"/>
  </person>
 </frame>
 <frame number="00002289">
  <person id="0025">
   <leftEye x="744" y="177"/>
   <rightEye x="766" y="178"/>
  </person>
 </frame>
 <frame number="00002290">
  <person id="0025">
   <leftEye x="740" y="176"/>
   <rightEye x="762" y="177"/>
  </person>
 </frame>
 <frame number="00002291">
  <person id="0025">
   <leftEye x="738" y="175"/>
   <rightEye x="761" y="176"/>
  </person>
 </frame>
 <frame number="00002292">
  <person id="0025">
   <leftEye x="736" y="174"/>
   <rightEye x="760" y="175"/>
  </person>
 </frame>
 <frame number="00002293">
  <person id="0025">
   <leftEye x="735" y="174"/>
   <rightEye x="759" y="174"/>
  </person>
 </frame>
 <frame number="00002294">
  <person id="0025">
   <leftEye x="736" y="174"/>
   <rightEye x="759" y="174"/>
  </person>
 </frame>
 <frame number="00002295">
  <person id="0025">
   <leftEye x="737" y="175"/>
   <rightEye x="760" y="175"/>
  </person>
 </frame>
 <frame number="00002296">
  <person id="0025">
   <leftEye x="738" y="177"/>
   <rightEye x="761" y="178"/>
  </person>
 </frame>
 <frame number="00002297">
  <person id="0025">
   <leftEye x="740" y="179"/>
   <rightEye x="763" y="181"/>
  </person>
 </frame>
 <frame number="00002298">
  <person id="0025">
   <leftEye x="743" y="182"/>
   <rightEye x="766" y="183"/>
  </person>
 </frame>
 <frame number="00002299">
  <person id="0025">
   <leftEye x="747" y="185"/>
   <rightEye x="770" y="186"/>
  </person>
 </frame>
 <frame number="00002300">
  <person id="0025">
   <leftEye x="751" y="188"/>
   <rightEye x="775" y="190"/>
  </person>
 </frame>
 <frame number="00002301">
  <person id="0025">
   <leftEye x="756" y="192"/>
   <rightEye x="780" y="193"/>
  </person>
 </frame>
 <frame number="00002302">
  <person id="0025">
   <leftEye x="763" y="196"/>
   <rightEye x="786" y="197"/>
  </person>
 </frame>
 <frame number="00002303"/>
 <frame number="00002304"/>
 <frame number="00002305"/>
 <frame number="00002306"/>
 <frame number="00002307"/>
 <frame number="00002308"/>
 <frame number="00002309"/>
 <frame number="00002310"/>
 <frame number="00002311"/>
 <frame number="00002312"/>
 <frame number="00002313"/>
 <frame number="00002314"/>
 <frame number="00002315"/>
 <frame number="00002316"/>
 <frame number="00002317"/>
 <frame number="00002318"/>
 <frame number="00002319"/>
 <frame number="00002320"/>
 <frame number="00002321"/>
 <frame number="00002322"/>
 <frame number="00002323"/>
 <frame number="00002324"/>
 <frame number="00002325"/>
 <frame number="00002326"/>
 <frame number="00002327"/>
 <frame number="00002328"/>
 <frame number="00002329"/>
 <frame number="00002330"/>
 <frame number="00002331"/>
 <frame number="00002332"/>
 <frame number="00002333"/>
 <frame number="00002334"/>
 <frame number="00002335"/>
 <frame number="00002336"/>
 <frame number="00002337"/>
 <frame number="00002338"/>
 <frame number="00002339"/>
 <frame number="00002340"/>
 <frame number="00002341"/>
 <frame number="00002342"/>
 <frame number="00002343"/>
 <frame number="00002344"/>
 <frame number="00002345"/>
 <frame number="00002346"/>
 <frame number="00002347"/>
 <frame number="00002348"/>
 <frame number="00002349"/>
 <frame number="00002350"/>
 <frame number="00002351"/>
 <frame number="00002352"/>
 <frame number="00002353"/>
 <frame number="00002354"/>
 <frame number="00002355"/>
 <frame number="00002356"/>
 <frame number="00002357"/>
 <frame number="00002431"/>
 <frame number="00002432"/>
 <frame number="00002433"/>
 <frame number="00002434"/>
 <frame number="00002435"/>
 <frame number="00002436"/>
 <frame number="00002437"/>
 <frame number="00002438"/>
 <frame number="00002439"/>
 <frame number="00002440"/>
 <frame number="00002441"/>
 <frame number="00002442"/>
 <frame number="00002443"/>
 <frame number="00002444"/>
 <frame number="00002445"/>
 <frame number="00002446"/>
 <frame number="00002447"/>
 <frame number="00002448"/>
 <frame number="00002449"/>
 <frame number="00002450"/>
 <frame number="00002451"/>
 <frame number="00002452"/>
 <frame number="00002453"/>
 <frame number="00002454">
  <person id="0023">
   <leftEye x="766" y="200"/>
   <rightEye x="785" y="201"/>
  </person>
 </frame>
 <frame number="00002455">
  <person id="0023">
   <leftEye x="759" y="200"/>
   <rightEye x="778" y="201"/>
  </person>
 </frame>
 <frame number="00002456">
  <person id="0023">
   <leftEye x="752" y="201"/>
   <rightEye x="772" y="201"/>
  </person>
 </frame>
 <frame number="00002457">
  <person id="0023">
   <leftEye x="747" y="201"/>
   <rightEye x="767" y="201"/>
  </person>
 </frame>
 <frame number="00002458">
  <person id="0023">
   <leftEye x="742" y="201"/>
   <rightEye x="763" y="201"/>
  </person>
 </frame>
 <frame number="00002459">
  <person id="0023">
   <leftEye x="739" y="201"/>
   <rightEye x="759" y="201"/>
  </person>
 </frame>
 <frame number="00002460">
  <person id="0023">
   <leftEye x="736" y="201"/>
   <rightEye x="757" y="200"/>
  </person>
 </frame>
 <frame number="00002461">
  <person id="0023">
   <leftEye x="735" y="200"/>
   <rightEye x="755" y="200"/>
  </person>
 </frame>
 <frame number="00002462">
  <person id="0023">
   <leftEye x="734" y="201"/>
   <rightEye x="754" y="200"/>
  </person>
 </frame>
 <frame number="00002463">
  <person id="0023">
   <leftEye x="733" y="202"/>
   <rightEye x="754" y="201"/>
  </person>
 </frame>
 <frame number="00002464">
  <person id="0023">
   <leftEye x="733" y="204"/>
   <rightEye x="754" y="202"/>
  </person>
 </frame>
 <frame number="00002465">
  <person id="0023">
   <leftEye x="734" y="207"/>
   <rightEye x="755" y="205"/>
  </person>
 </frame>
 <frame number="00002466">
  <person id="0023">
   <leftEye x="735" y="212"/>
   <rightEye x="757" y="210"/>
  </person>
 </frame>
 <frame number="00002467">
  <person id="0023">
   <leftEye x="738" y="216"/>
   <rightEye x="759" y="215"/>
  </person>
 </frame>
 <frame number="00002468">
  <person id="0023">
   <leftEye x="741" y="221"/>
   <rightEye x="762" y="220"/>
  </person>
 </frame>
 <frame number="00002469">
  <person id="0023">
   <leftEye x="746" y="225"/>
   <rightEye x="767" y="224"/>
  </person>
 </frame>
 <frame number="00002470">
  <person id="0023">
   <leftEye x="752" y="228"/>
   <rightEye x="773" y="227"/>
  </person>
 </frame>
 <frame number="00002471">
  <person id="0023">
   <leftEye x="759" y="230"/>
   <rightEye x="781" y="229"/>
  </person>
 </frame>
 <frame number="00002472">
  <person id="0023">
   <leftEye x="766" y="232"/>
   <rightEye x="789" y="231"/>
  </person>
 </frame>
 <frame number="00002473"/>
 <frame number="00002474"/>
 <frame number="00002475"/>
 <frame number="00002476"/>
 <frame number="00002477"/>
 <frame number="00002478"/>
 <frame number="00002479"/>
 <frame number="00002480"/>
 <frame number="00002481"/>
 <frame number="00002482"/>
 <frame number="00002483"/>
 <frame number="00002484"/>
 <frame number="00002485"/>
 <frame number="00002486"/>
 <frame number="00002487"/>
 <frame number="00002488"/>
 <frame number="00002489"/>
 <frame number="00002490"/>
 <frame number="00002491"/>
 <frame number="00002492"/>
 <frame number="00002493"/>
 <frame number="00002494"/>
 <frame number="00002495"/>
 <frame number="00002496"/>
 <frame number="00002497"/>
 <frame number="00002498"/>
 <frame number="00002499"/>
 <frame number="00002500"/>
 <frame number="00002501"/>
 <frame number="00002502"/>
 <frame number="00002503"/>
 <frame number="00002504"/>
 <frame number="00002505"/>
 <frame number="00002506"/>
 <frame number="00002507"/>
 <frame number="00002508"/>
 <frame number="00002509"/>
 <frame number="00002510"/>
 <frame number="00002511"/>
 <frame number="00002512"/>
 <frame number="00002513"/>
 <frame number="00002514"/>
 <frame number="00002515"/>
 <frame number="00002591"/>
 <frame number="00002592"/>
 <frame number="00002593"/>
 <frame number="00002594"/>
 <frame number="00002595"/>
 <frame number="00002596"/>
 <frame number="00002597"/>
 <frame number="00002598"/>
 <frame number="00002599"/>
 <frame number="00002600"/>
 <frame number="00002601"/>
 <frame number="00002602"/>
 <frame number="00002603"/>
 <frame number="00002604"/>
 <frame number="00002605"/>
 <frame number="00002606"/>
 <frame number="00002607"/>
 <frame number="00002608"/>
 <frame number="00002609">
  <person id="0020">
   <leftEye x="764" y="183"/>
   <rightEye x="786" y="181"/>
  </person>
 </frame>
 <frame number="00002610">
  <person id="0020">
   <leftEye x="762" y="184"/>
   <rightEye x="784" y="182"/>
  </person>
 </frame>
 <frame number="00002611">
  <person id="0020">
   <leftEye x="760" y="186"/>
   <rightEye x="781" y="184"/>
  </person>
 </frame>
 <frame number="00002612">
  <person id="0020">
   <leftEye x="758" y="187"/>
   <rightEye x="779" y="185"/>
  </person>
 </frame>
 <frame number="00002613">
  <person id="0020">
   <leftEye x="755" y="191"/>
   <rightEye x="776" y="189"/>
  </person>
 </frame>
 <frame number="00002614">
  <person id="0020">
   <leftEye x="752" y="194"/>
   <rightEye x="774" y="192"/>
  </person>
 </frame>
 <frame number="00002615">
  <person id="0020">
   <leftEye x="751" y="195"/>
   <rightEye x="772" y="194"/>
  </person>
 </frame>
 <frame number="00002616">
  <person id="0020">
   <leftEye x="751" y="197"/>
   <rightEye x="771" y="195"/>
  </person>
 </frame>
 <frame number="00002617">
  <person id="0020">
   <leftEye x="750" y="199"/>
   <rightEye x="772" y="197"/>
  </person>
 </frame>
 <frame number="00002618">
  <person id="0020">
   <leftEye x="750" y="200"/>
   <rightEye x="772" y="199"/>
  </person>
 </frame>
 <frame number="00002619">
  <person id="0020">
   <leftEye x="750" y="201"/>
   <rightEye x="772" y="200"/>
  </person>
 </frame>
 <frame number="00002620">
  <person id="0020">
   <leftEye x="751" y="201"/>
   <rightEye x="773" y="201"/>
  </person>
 </frame>
 <frame number="00002621">
  <person id="0020">
   <leftEye x="752" y="201"/>
   <rightEye x="774" y="200"/>
  </person>
 </frame>
 <frame number="00002622">
  <person id="0020">
   <leftEye x="752" y="199"/>
   <rightEye x="775" y="198"/>
  </person>
 </frame>
 <frame number="00002623">
  <person id="0020">
   <leftEye x="753" y="198"/>
   <rightEye x="776" y="197"/>
  </person>
 </frame>
 <frame number="00002624">
  <person id="0020">
   <leftEye x="754" y="197"/>
   <rightEye x="776" y="197"/>
  </person>
 </frame>
 <frame number="00002625">
  <person id="0020">
   <leftEye x="754" y="198"/>
   <rightEye x="776" y="198"/>
  </person>
 </frame>
 <frame number="00002626">
  <person id="0020">
   <leftEye x="753" y="201"/>
   <rightEye x="776" y="201"/>
  </person>
 </frame>
 <frame number="00002627">
  <person id="0020">
   <leftEye x="753" y="206"/>
   <rightEye x="777" y="205"/>
  </person>
 </frame>
 <frame number="00002628">
  <person id="0020">
   <leftEye x="754" y="211"/>
   <rightEye x="778" y="210"/>
  </person>
 </frame>
 <frame number="00002629">
  <person id="0020">
   <leftEye x="754" y="217"/>
   <rightEye x="778" y="216"/>
  </person>
 </frame>
 <frame number="00002630">
  <person id="0020">
   <leftEye x="753" y="222"/>
   <rightEye x="778" y="222"/>
  </person>
 </frame>
 <frame number="00002631">
  <person id="0020">
   <leftEye x="751" y="227"/>
   <rightEye x="777" y="227"/>
  </person>
 </frame>
 <frame number="00002632">
  <person id="0020">
   <leftEye x="750" y="231"/>
   <rightEye x="776" y="230"/>
  </person>
 </frame>
 <frame number="00002633">
  <person id="0020">
   <leftEye x="750" y="234"/>
   <rightEye x="776" y="233"/>
  </person>
 </frame>
 <frame number="00002634">
  <person id="0020">
   <leftEye x="750" y="236"/>
   <rightEye x="777" y="235"/>
  </person>
 </frame>
 <frame number="00002635">
  <person id="0020">
   <leftEye x="751" y="237"/>
   <rightEye x="780" y="236"/>
  </person>
 </frame>
 <frame number="00002636">
  <person id="0020">
   <leftEye x="755" y="237"/>
   <rightEye x="783" y="235"/>
  </person>
 </frame>
 <frame number="00002637">
  <person id="0020">
   <leftEye x="760" y="237"/>
   <rightEye x="787" y="235"/>
  </person>
 </frame>
 <frame number="00002638"/>
 <frame number="00002639"/>
 <frame number="00002640"/>
 <frame number="00002641"/>
 <frame number="00002642"/>
 <frame number="00002643"/>
 <frame number="00002644"/>
 <frame number="00002645"/>
 <frame number="00002646"/>
 <frame number="00002647"/>
 <frame number="00002648"/>
 <frame number="00002649"/>
 <frame number="00002650"/>
 <frame number="00002651"/>
 <frame number="00002652"/>
 <frame number="00002653"/>
 <frame number="00002654"/>
 <frame number="00002655"/>
 <frame number="00002656"/>
 <frame number="00002657"/>
 <frame number="00002658"/>
 <frame number="00002659"/>
 <frame number="00002660"/>
 <frame number="00002661"/>
 <frame number="00002662"/>
 <frame number="00002663"/>
 <frame number="00002664"/>
 <frame number="00002665"/>
 <frame number="00002666"/>
 <frame number="00002667"/>
 <frame number="00002668"/>
 <frame number="00002669"/>
 <frame number="00002670"/>
 <frame number="00002671"/>
 <frame number="00002749"/>
 <frame number="00002750"/>
 <frame number="00002751"/>
 <frame number="00002752"/>
 <frame number="00002753"/>
 <frame number="00002754"/>
 <frame number="00002755"/>
 <frame number="00002756"/>
 <frame number="00002757"/>
 <frame number="00002758"/>
 <frame number="00002759"/>
 <frame number="00002760"/>
 <frame number="00002761"/>
 <frame number="00002762"/>
 <frame number="00002763"/>
 <frame number="00002764"/>
 <frame number="00002765"/>
 <frame number="00002766"/>
 <frame number="00002767"/>
 <frame number="00002768"/>
 <frame number="00002769"/>
 <frame number="00002770"/>
 <frame number="00002771"/>
 <frame number="00002772"/>
 <frame number="00002773"/>
 <frame number="00002774"/>
 <frame number="00002775"/>
 <frame number="00002776"/>
 <frame number="00002777"/>
 <frame number="00002778"/>
 <frame number="00002779"/>
 <frame number="00002780"/>
 <frame number="00002781"/>
 <frame number="00002782"/>
 <frame number="00002783"/>
 <frame number="00002784"/>
 <frame number="00002785"/>
 <frame number="00002786"/>
 <frame number="00002787"/>
 <frame number="00002788"/>
 <frame number="00002789"/>
 <frame number="00002790"/>
 <frame number="00002791"/>
 <frame number="00002792"/>
 <frame number="00002793"/>
 <frame number="00002794"/>
 <frame number="00002795"/>
 <frame number="00002796"/>
 <frame number="00002797"/>
 <frame number="00002798"/>
 <frame number="00002799"/>
 <frame number="00002800"/>
 <frame number="00002801"/>
 <frame number="00002802"/>
 <frame number="00002803"/>
 <frame number="00002804"/>
 <frame number="00002805"/>
 <frame number="00002806"/>
 <frame number="00002807"/>
 <frame number="00002808"/>
 <frame number="00002809"/>
 <frame number="00002810"/>
 <frame number="00002811"/>
 <frame number="00002812"/>
 <frame number="00002813"/>
 <frame number="00002814"/>
 <frame number="00002815"/>
 <frame number="00002816"/>
 <frame number="00002817"/>
 <frame number="00002818"/>
 <frame number="00002819"/>
 <frame number="00002820"/>
 <frame number="00002821"/>
 <frame number="00002822"/>
 <frame number="00002823"/>
 <frame number="00002824"/>
 <frame number="00002825"/>
 <frame number="00002826"/>
 <frame number="00002827"/>
 <frame number="00002828"/>
 <frame number="00002829"/>
 <frame number="00002830"/>
 <frame number="00002831"/>
 <frame number="00002832"/>
 <frame number="00002833"/>
 <frame number="00002834"/>
 <frame number="00002835"/>
 <frame number="00002914"/>
 <frame number="00002915"/>
 <frame number="00002916"/>
 <frame number="00002917"/>
 <frame number="00002918"/>
 <frame number="00002919"/>
 <frame number="00002920"/>
 <frame number="00002921"/>
 <frame number="00002922"/>
 <frame number="00002923"/>
 <frame number="00002924"/>
 <frame number="00002925"/>
 <frame number="00002926"/>
 <frame number="00002927"/>
 <frame number="00002928"/>
 <frame number="00002929"/>
 <frame number="00002930"/>
 <frame number="00002931"/>
 <frame number="00002932"/>
 <frame number="00002933"/>
 <frame number="00002934"/>
 <frame number="00002935"/>
 <frame number="00002936"/>
 <frame number="00002937"/>
 <frame number="00002938"/>
 <frame number="00002939"/>
 <frame number="00002940">
  <person id="0019">
   <leftEye x="767" y="198"/>
   <rightEye x="787" y="197"/>
  </person>
 </frame>
 <frame number="00002941">
  <person id="0019">
   <leftEye x="764" y="197"/>
   <rightEye x="784" y="197"/>
  </person>
 </frame>
 <frame number="00002942">
  <person id="0019">
   <leftEye x="761" y="198"/>
   <rightEye x="782" y="198"/>
  </person>
 </frame>
 <frame number="00002943">
  <person id="0019">
   <leftEye x="761" y="198"/>
   <rightEye x="782" y="198"/>
  </person>
 </frame>
 <frame number="00002944">
  <person id="0019">
   <leftEye x="761" y="199"/>
   <rightEye x="781" y="199"/>
  </person>
 </frame>
 <frame number="00002945">
  <person id="0019">
   <leftEye x="762" y="202"/>
   <rightEye x="782" y="202"/>
  </person>
 </frame>
 <frame number="00002946">
  <person id="0019">
   <leftEye x="763" y="206"/>
   <rightEye x="784" y="205"/>
  </person>
 </frame>
 <frame number="00002947">
  <person id="0019">
   <leftEye x="764" y="210"/>
   <rightEye x="786" y="209"/>
  </person>
 </frame>
 <frame number="00002948">
  <person id="0019">
   <leftEye x="765" y="215"/>
   <rightEye x="789" y="215"/>
  </person>
 </frame>
 <frame number="00002949"/>
 <frame number="00002950"/>
 <frame number="00002951"/>
 <frame number="00002952"/>
 <frame number="00002953"/>
 <frame number="00002954"/>
 <frame number="00002955"/>
 <frame number="00002956"/>
 <frame number="00002957"/>
 <frame number="00002958"/>
 <frame number="00002959"/>
 <frame number="00002960"/>
 <frame number="00002961"/>
 <frame number="00002962"/>
 <frame number="00002963"/>
 <frame number="00002964"/>
 <frame number="00002965"/>
 <frame number="00002966"/>
 <frame number="00002967"/>
 <frame number="00002968"/>
 <frame number="00002969"/>
 <frame number="00002970"/>
 <frame number="00002971"/>
 <frame number="00002972"/>
 <frame number="00002973"/>
 <frame number="00002974"/>
 <frame number="00002975"/>
 <frame number="00002976"/>
 <frame number="00002977"/>
 <frame number="00002978"/>
 <frame number="00002979"/>
 <frame number="00002980"/>
 <frame number="00002981"/>
 <frame number="00002982"/>
 <frame number="00002983"/>
 <frame number="00002984"/>
 <frame number="00002985"/>
 <frame number="00002986"/>
 <frame number="00002987"/>
 <frame number="00002988"/>
 <frame number="00002989"/>
 <frame number="00002990"/>
 <frame number="00002991"/>
 <frame number="00002992"/>
 <frame number="00002993"/>
 <frame number="00002994"/>
 <frame number="00002995"/>
 <frame number="00002996"/>
 <frame number="00002997"/>
 <frame number="00002998"/>
 <frame number="00002999"/>
 <frame number="00003000"/>
 <frame number="00003088"/>
 <frame number="00003089"/>
 <frame number="00003090"/>
 <frame number="00003091"/>
 <frame number="00003092"/>
 <frame number="00003093"/>
 <frame number="00003094"/>
 <frame number="00003095"/>
 <frame number="00003096"/>
 <frame number="00003097"/>
 <frame number="00003098"/>
 <frame number="00003099"/>
 <frame number="00003100"/>
 <frame number="00003101"/>
 <frame number="00003102"/>
 <frame number="00003103"/>
 <frame number="00003104"/>
 <frame number="00003105"/>
 <frame number="00003106"/>
 <frame number="00003107"/>
 <frame number="00003108"/>
 <frame number="00003109"/>
 <frame number="00003110"/>
 <frame number="00003111"/>
 <frame number="00003112"/>
 <frame number="00003113"/>
 <frame number="00003114"/>
 <frame number="00003115"/>
 <frame number="00003116"/>
 <frame number="00003117"/>
 <frame number="00003118"/>
 <frame number="00003119"/>
 <frame number="00003120"/>
 <frame number="00003121"/>
 <frame number="00003122"/>
 <frame number="00003123"/>
 <frame number="00003124"/>
 <frame number="00003125"/>
 <frame number="00003126"/>
 <frame number="00003127"/>
 <frame number="00003128"/>
 <frame number="00003129"/>
 <frame number="00003130"/>
 <frame number="00003131"/>
 <frame number="00003132"/>
 <frame number="00003133"/>
 <frame number="00003134"/>
 <frame number="00003135"/>
 <frame number="00003136"/>
 <frame number="00003137"/>
 <frame number="00003138"/>
 <frame number="00003139"/>
 <frame number="00003140"/>
 <frame number="00003141"/>
 <frame number="00003142"/>
 <frame number="00003143"/>
 <frame number="00003144"/>
 <frame number="00003145"/>
 <frame number="00003146"/>
 <frame number="00003147"/>
 <frame number="00003148"/>
 <frame number="00003149"/>
 <frame number="00003150"/>
 <frame number="00003151"/>
 <frame number="00003152"/>
 <frame number="00003153"/>
 <frame number="00003154"/>
 <frame number="00003155"/>
 <frame number="00003156"/>
 <frame number="00003157"/>
 <frame number="00003158"/>
 <frame number="00003159"/>
 <frame number="00003160"/>
 <frame number="00003161"/>
 <frame number="00003162"/>
 <frame number="00003163"/>
 <frame number="00003164"/>
 <frame number="00003165"/>
 <frame number="00003166"/>
 <frame number="00003167"/>
 <frame number="00003168"/>
 <frame number="00003169"/>
 <frame number="00003170"/>
 <frame number="00003171"/>
 <frame number="00003172"/>
 <frame number="00003173"/>
 <frame number="00003174"/>
 <frame number="00003175"/>
 <frame number="00003176"/>
 <frame number="00003177"/>
 <frame number="00003178"/>
 <frame number="00003179"/>
 <frame number="00003180"/>
 <frame number="00003181"/>
 <frame number="00003182"/>
 <frame number="00003183"/>
 <frame number="00003184"/>
 <frame number="00003185"/>
 <frame number="00003254"/>
 <frame number="00003255"/>
 <frame number="00003256"/>
 <frame number="00003257"/>
 <frame number="00003258"/>
 <frame number="00003259"/>
 <frame number="00003260"/>
 <frame number="00003261"/>
 <frame number="00003262"/>
 <frame number="00003263"/>
 <frame number="00003264"/>
 <frame number="00003265"/>
 <frame number="00003266"/>
 <frame number="00003267"/>
 <frame number="00003268"/>
 <frame number="00003269"/>
 <frame number="00003270"/>
 <frame number="00003271"/>
 <frame number="00003272"/>
 <frame number="00003273"/>
 <frame number="00003274"/>
 <frame number="00003275"/>
 <frame number="00003276"/>
 <frame number="00003277"/>
 <frame number="00003278"/>
 <frame number="00003279"/>
 <frame number="00003280"/>
 <frame number="00003281"/>
 <frame number="00003282"/>
 <frame number="00003283"/>
 <frame number="00003284"/>
 <frame number="00003285"/>
 <frame number="00003286"/>
 <frame number="00003287"/>
 <frame number="00003288"/>
 <frame number="00003289"/>
 <frame number="00003290"/>
 <frame number="00003291"/>
 <frame number="00003292"/>
 <frame number="00003293"/>
 <frame number="00003294"/>
 <frame number="00003295"/>
 <frame number="00003296"/>
 <frame number="00003297"/>
 <frame number="00003298"/>
 <frame number="00003299"/>
 <frame number="00003300"/>
 <frame number="00003301"/>
 <frame number="00003302"/>
 <frame number="00003303"/>
 <frame number="00003304"/>
 <frame number="00003305"/>
 <frame number="00003306"/>
 <frame number="00003307"/>
 <frame number="00003308"/>
 <frame number="00003309"/>
 <frame number="00003310"/>
 <frame number="00003311"/>
 <frame number="00003312"/>
 <frame number="00003313"/>
 <frame number="00003314"/>
 <frame number="00003315"/>
 <frame number="00003316"/>
 <frame number="00003317"/>
 <frame number="00003318"/>
 <frame number="00003319"/>
 <frame number="00003320"/>
 <frame number="00003321"/>
 <frame number="00003322"/>
 <frame number="00003323"/>
 <frame number="00003324"/>
 <frame number="00003325"/>
 <frame number="00003326"/>
 <frame number="00003327"/>
 <frame number="00003328"/>
 <frame number="00003329"/>
 <frame number="00003330"/>
 <frame number="00003331"/>
 <frame number="00003332"/>
 <frame number="00003333"/>
 <frame number="00003334"/>
 <frame number="00003335"/>
 <frame number="00003336"/>
 <frame number="00003337"/>
 <frame number="00003338"/>
 <frame number="00003413"/>
 <frame number="00003414"/>
 <frame number="00003415"/>
 <frame number="00003416"/>
 <frame number="00003417"/>
 <frame number="00003418"/>
 <frame number="00003419"/>
 <frame number="00003420"/>
 <frame number="00003421"/>
 <frame number="00003422"/>
 <frame number="00003423"/>
 <frame number="00003424"/>
 <frame number="00003425"/>
 <frame number="00003426"/>
 <frame number="00003427"/>
 <frame number="00003428"/>
 <frame number="00003429"/>
 <frame number="00003430"/>
 <frame number="00003431"/>
 <frame number="00003432"/>
 <frame number="00003433"/>
 <frame number="00003434"/>
 <frame number="00003435"/>
 <frame number="00003436"/>
 <frame number="00003437"/>
 <frame number="00003438"/>
 <frame number="00003439"/>
 <frame number="00003440"/>
 <frame number="00003441"/>
 <frame number="00003442"/>
 <frame number="00003443"/>
 <frame number="00003444"/>
 <frame number="00003445"/>
 <frame number="00003446"/>
 <frame number="00003447"/>
 <frame number="00003448"/>
 <frame number="00003449"/>
 <frame number="00003450"/>
 <frame number="00003451"/>
 <frame number="00003452"/>
 <frame number="00003453"/>
 <frame number="00003454"/>
 <frame number="00003455"/>
 <frame number="00003456"/>
 <frame number="00003457"/>
 <frame number="00003458"/>
 <frame number="00003459"/>
 <frame number="00003460"/>
 <frame number="00003461"/>
 <frame number="00003462"/>
 <frame number="00003463"/>
 <frame number="00003464"/>
 <frame number="00003465"/>
 <frame number="00003466"/>
 <frame number="00003467"/>
 <frame number="00003468"/>
 <frame number="00003469"/>
 <frame number="00003470"/>
 <frame number="00003471"/>
 <frame number="00003472"/>
 <frame number="00003473"/>
 <frame number="00003474"/>
 <frame number="00003475"/>
 <frame number="00003476"/>
 <frame number="00003477"/>
 <frame number="00003478"/>
 <frame number="00003479"/>
 <frame number="00003480"/>
 <frame number="00003575"/>
 <frame number="00003576"/>
 <frame number="00003577"/>
 <frame number="00003578"/>
 <frame number="00003579"/>
 <frame number="00003580"/>
 <frame number="00003581"/>
 <frame number="00003582"/>
 <frame number="00003583"/>
 <frame number="00003584"/>
 <frame number="00003585"/>
 <frame number="00003586"/>
 <frame number="00003587"/>
 <frame number="00003588"/>
 <frame number="00003589"/>
 <frame number="00003590"/>
 <frame number="00003591"/>
 <frame number="00003592"/>
 <frame number="00003593"/>
 <frame number="00003594"/>
 <frame number="00003595"/>
 <frame number="00003596"/>
 <frame number="00003597"/>
 <frame number="00003598"/>
 <frame number="00003599"/>
 <frame number="00003600"/>
 <frame number="00003601"/>
 <frame number="00003602"/>
 <frame number="00003603"/>
 <frame number="00003604"/>
 <frame number="00003605"/>
 <frame number="00003606"/>
 <frame number="00003607"/>
 <frame number="00003608"/>
 <frame number="00003609"/>
 <frame number="00003610"/>
 <frame number="00003611"/>
 <frame number="00003612"/>
 <frame number="00003613"/>
 <frame number="00003614"/>
 <frame number="00003615"/>
 <frame number="00003616"/>
 <frame number="00003617"/>
 <frame number="00003618"/>
 <frame number="00003619"/>
 <frame number="00003620"/>
 <frame number="00003621"/>
 <frame number="00003622"/>
 <frame number="00003623"/>
 <frame number="00003624"/>
 <frame number="00003625"/>
 <frame number="00003626"/>
 <frame number="00003627"/>
 <frame number="00003628"/>
 <frame number="00003629"/>
 <frame number="00003630"/>
 <frame number="00003631"/>
 <frame number="00003632"/>
 <frame number="00003633"/>
 <frame number="00003634"/>
 <frame number="00003635"/>
 <frame number="00003636"/>
 <frame number="00003637"/>
 <frame number="00003638"/>
 <frame number="00003639"/>
 <frame number="00003640"/>
 <frame number="00003641"/>
 <frame number="00003642"/>
 <frame number="00003643"/>
 <frame number="00003644"/>
 <frame number="00003645"/>
 <frame number="00003646"/>
 <frame number="00003647"/>
 <frame number="00003648"/>
 <frame number="00003649"/>
 <frame number="00003650"/>
 <frame number="00003651"/>
 <frame number="00003652"/>
 <frame number="00003653"/>
 <frame number="00003654"/>
 <frame number="00003655"/>
 <frame number="00003715"/>
 <frame number="00003716"/>
 <frame number="00003717"/>
 <frame number="00003718"/>
 <frame number="00003719"/>
 <frame number="00003720"/>
 <frame number="00003721"/>
 <frame number="00003722"/>
 <frame number="00003723"/>
 <frame number="00003724"/>
 <frame number="00003725"/>
 <frame number="00003726"/>
 <frame number="00003727"/>
 <frame number="00003728"/>
 <frame number="00003729"/>
 <frame number="00003730"/>
 <frame number="00003731"/>
 <frame number="00003732"/>
 <frame number="00003733"/>
 <frame number="00003734"/>
 <frame number="00003735"/>
 <frame number="00003736"/>
 <frame number="00003737"/>
 <frame number="00003738"/>
 <frame number="00003739"/>
 <frame number="00003740"/>
 <frame number="00003741"/>
 <frame number="00003742"/>
 <frame number="00003743"/>
 <frame number="00003744"/>
 <frame number="00003745"/>
 <frame number="00003746"/>
 <frame number="00003747"/>
 <frame number="00003748"/>
 <frame number="00003749"/>
 <frame number="00003750"/>
 <frame number="00003751"/>
 <frame number="00003752"/>
 <frame number="00003753"/>
 <frame number="00003754"/>
 <frame number="00003755"/>
 <frame number="00003756"/>
 <frame number="00003757"/>
 <frame number="00003758"/>
 <frame number="00003759"/>
 <frame number="00003760"/>
 <frame number="00003761"/>
 <frame number="00003762"/>
 <frame number="00003763"/>
 <frame number="00003764"/>
 <frame number="00003765"/>
 <frame number="00003766"/>
 <frame number="00003767"/>
 <frame number="00003768"/>
 <frame number="00003769"/>
 <frame number="00003770"/>
 <frame number="00003771"/>
 <frame number="00003772"/>
 <frame number="00003773"/>
 <frame number="00003774"/>
 <frame number="00003775"/>
 <frame number="00003776"/>
 <frame number="00003777"/>
 <frame number="00003778"/>
 <frame number="00003779"/>
 <frame number="00003780"/>
 <frame number="00003781"/>
 <frame number="00003782"/>
 <frame number="00003783"/>
 <frame number="00003784"/>
 <frame number="00003785"/>
 <frame number="00003786"/>
 <frame number="00003787"/>
 <frame number="00003788"/>
 <frame number="00003789"/>
 <frame number="00003790"/>
 <frame number="00003791"/>
 <frame number="00003792"/>
 <frame number="00003793"/>
 <frame number="00003794"/>
 <frame number="00003795"/>
 <frame number="00003796"/>
 <frame number="00003797"/>
 <frame number="00003798"/>
 <frame number="00003799"/>
 <frame number="00003800"/>
 <frame number="00003801"/>
 <frame number="00003871"/>
 <frame number="00003872"/>
 <frame number="00003873"/>
 <frame number="00003874"/>
 <frame number="00003875"/>
 <frame number="00003876"/>
 <frame number="00003877"/>
 <frame number="00003878"/>
 <frame number="00003879"/>
 <frame number="00003880"/>
 <frame number="00003881"/>
 <frame number="00003882"/>
 <frame number="00003883"/>
 <frame number="00003884"/>
 <frame number="00003885"/>
 <frame number="00003886"/>
 <frame number="00003887"/>
 <frame number="00003888"/>
 <frame number="00003889"/>
 <frame number="00003890"/>
 <frame number="00003891"/>
 <frame number="00003892"/>
 <frame number="00003893"/>
 <frame number="00003894"/>
 <frame number="00003895"/>
 <frame number="00003896"/>
 <frame number="00003897"/>
 <frame number="00003898"/>
 <frame number="00003899"/>
 <frame number="00003900"/>
 <frame number="00003901"/>
 <frame number="00003902"/>
 <frame number="00003903">
  <person id="0011">
   <leftEye x="768" y="160"/>
   <rightEye x="789" y="160"/>
  </person>
 </frame>
 <frame number="00003904">
  <person id="0011">
   <leftEye x="762" y="162"/>
   <rightEye x="783" y="162"/>
  </person>
 </frame>
 <frame number="00003905">
  <person id="0011">
   <leftEye x="756" y="164"/>
   <rightEye x="777" y="164"/>
  </person>
 </frame>
 <frame number="00003906">
  <person id="0011">
   <leftEye x="750" y="166"/>
   <rightEye x="771" y="166"/>
  </person>
 </frame>
 <frame number="00003907">
  <person id="0011">
   <leftEye x="744" y="167"/>
   <rightEye x="765" y="167"/>
  </person>
 </frame>
 <frame number="00003908">
  <person id="0011">
   <leftEye x="738" y="167"/>
   <rightEye x="760" y="167"/>
  </person>
 </frame>
 <frame number="00003909">
  <person id="0011">
   <leftEye x="733" y="167"/>
   <rightEye x="755" y="167"/>
  </person>
 </frame>
 <frame number="00003910">
  <person id="0011">
   <leftEye x="729" y="167"/>
   <rightEye x="751" y="166"/>
  </person>
 </frame>
 <frame number="00003911">
  <person id="0011">
   <leftEye x="726" y="167"/>
   <rightEye x="748" y="166"/>
  </person>
 </frame>
 <frame number="00003912">
  <person id="0011">
   <leftEye x="726" y="166"/>
   <rightEye x="748" y="165"/>
  </person>
 </frame>
 <frame number="00003913">
  <person id="0011">
   <leftEye x="727" y="165"/>
   <rightEye x="749" y="165"/>
  </person>
 </frame>
 <frame number="00003914">
  <person id="0011">
   <leftEye x="729" y="165"/>
   <rightEye x="751" y="165"/>
  </person>
 </frame>
 <frame number="00003915">
  <person id="0011">
   <leftEye x="731" y="166"/>
   <rightEye x="754" y="166"/>
  </person>
 </frame>
 <frame number="00003916">
  <person id="0011">
   <leftEye x="735" y="167"/>
   <rightEye x="759" y="167"/>
  </person>
 </frame>
 <frame number="00003917">
  <person id="0011">
   <leftEye x="741" y="168"/>
   <rightEye x="764" y="169"/>
  </person>
 </frame>
 <frame number="00003918">
  <person id="0011">
   <leftEye x="747" y="171"/>
   <rightEye x="769" y="172"/>
  </person>
 </frame>
 <frame number="00003919">
  <person id="0011">
   <leftEye x="752" y="174"/>
   <rightEye x="775" y="177"/>
  </person>
 </frame>
 <frame number="00003920">
  <person id="0011">
   <leftEye x="758" y="178"/>
   <rightEye x="781" y="181"/>
  </person>
 </frame>
 <frame number="00003921">
  <person id="0011">
   <leftEye x="765" y="184"/>
   <rightEye x="788" y="185"/>
  </person>
 </frame>
 <frame number="00003922"/>
 <frame number="00003923"/>
 <frame number="00003924"/>
 <frame number="00003925"/>
 <frame number="00003926"/>
 <frame number="00003927"/>
 <frame number="00003928"/>
 <frame number="00003929"/>
 <frame number="00003930"/>
 <frame number="00003931"/>
 <frame number="00003932"/>
 <frame number="00003933"/>
 <frame number="00003934"/>
 <frame number="00003935"/>
 <frame number="00003936"/>
 <frame number="00003937"/>
 <frame number="00003938"/>
 <frame number="00003939"/>
 <frame number="00003940"/>
 <frame number="00003941"/>
 <frame number="00003942"/>
 <frame number="00003943"/>
 <frame number="00003944"/>
 <frame number="00003945"/>
 <frame number="00003946"/>
 <frame number="00003947"/>
 <frame number="00003948"/>
 <frame number="00003949"/>
 <frame number="00003950"/>
 <frame number="00003951"/>
 <frame number="00003952"/>
 <frame number="00003953"/>
 <frame number="00003954"/>
 <frame number="00003955"/>
 <frame number="00003956"/>
 <frame number="00003957"/>
 <frame number="00003958"/>
 <frame number="00003959"/>
 <frame number="00003960"/>
 <frame number="00003961"/>
 <frame number="00003962"/>
 <frame number="00003963"/>
 <frame number="00003964"/>
 <frame number="00003965"/>
 <frame number="00003966"/>
 <frame number="00003967"/>
 <frame number="00004032"/>
 <frame number="00004033"/>
 <frame number="00004034"/>
 <frame number="00004035"/>
 <frame number="00004036"/>
 <frame number="00004037"/>
 <frame number="00004038"/>
 <frame number="00004039"/>
 <frame number="00004040"/>
 <frame number="00004041"/>
 <frame number="00004042"/>
 <frame number="00004043"/>
 <frame number="00004044"/>
 <frame number="00004045"/>
 <frame number="00004046"/>
 <frame number="00004047"/>
 <frame number="00004048"/>
 <frame number="00004049"/>
 <frame number="00004050"/>
 <frame number="00004051"/>
 <frame number="00004052"/>
 <frame number="00004053"/>
 <frame number="00004054"/>
 <frame number="00004055"/>
 <frame number="00004056"/>
 <frame number="00004057"/>
 <frame number="00004058"/>
 <frame number="00004059"/>
 <frame number="00004060"/>
 <frame number="00004061"/>
 <frame number="00004062"/>
 <frame number="00004063"/>
 <frame number="00004064"/>
 <frame number="00004065"/>
 <frame number="00004066"/>
 <frame number="00004067"/>
 <frame number="00004068"/>
 <frame number="00004069"/>
 <frame number="00004070">
  <person id="0007">
   <leftEye x="764" y="182"/>
   <rightEye x="786" y="183"/>
  </person>
 </frame>
 <frame number="00004071">
  <person id="0007">
   <leftEye x="759" y="183"/>
   <rightEye x="782" y="184"/>
  </person>
 </frame>
 <frame number="00004072">
  <person id="0007">
   <leftEye x="755" y="183"/>
   <rightEye x="778" y="184"/>
  </person>
 </frame>
 <frame number="00004073">
  <person id="0007">
   <leftEye x="751" y="182"/>
   <rightEye x="775" y="183"/>
  </person>
 </frame>
 <frame number="00004074">
  <person id="0007">
   <leftEye x="748" y="180"/>
   <rightEye x="772" y="182"/>
  </person>
 </frame>
 <frame number="00004075">
  <person id="0007">
   <leftEye x="746" y="180"/>
   <rightEye x="770" y="181"/>
  </person>
 </frame>
 <frame number="00004076">
  <person id="0007">
   <leftEye x="745" y="181"/>
   <rightEye x="769" y="182"/>
  </person>
 </frame>
 <frame number="00004077">
  <person id="0007">
   <leftEye x="744" y="181"/>
   <rightEye x="768" y="182"/>
  </person>
 </frame>
 <frame number="00004078">
  <person id="0007">
   <leftEye x="744" y="181"/>
   <rightEye x="767" y="182"/>
  </person>
 </frame>
 <frame number="00004079">
  <person id="0007">
   <leftEye x="745" y="182"/>
   <rightEye x="767" y="184"/>
  </person>
 </frame>
 <frame number="00004080">
  <person id="0007">
   <leftEye x="746" y="185"/>
   <rightEye x="768" y="187"/>
  </person>
 </frame>
 <frame number="00004081">
  <person id="0007">
   <leftEye x="747" y="188"/>
   <rightEye x="770" y="190"/>
  </person>
 </frame>
 <frame number="00004082">
  <person id="0007">
   <leftEye x="749" y="192"/>
   <rightEye x="772" y="193"/>
  </person>
 </frame>
 <frame number="00004083">
  <person id="0007">
   <leftEye x="752" y="196"/>
   <rightEye x="776" y="197"/>
  </person>
 </frame>
 <frame number="00004084">
  <person id="0007">
   <leftEye x="756" y="200"/>
   <rightEye x="780" y="201"/>
  </person>
 </frame>
 <frame number="00004085">
  <person id="0007">
   <leftEye x="760" y="204"/>
   <rightEye x="785" y="205"/>
  </person>
 </frame>
 <frame number="00004086">
  <person id="0007">
   <leftEye x="768" y="209"/>
   <rightEye x="791" y="210"/>
  </person>
 </frame>
 <frame number="00004087"/>
 <frame number="00004088"/>
 <frame number="00004089"/>
 <frame number="00004090"/>
 <frame number="00004091"/>
 <frame number="00004092"/>
 <frame number="00004093"/>
 <frame number="00004094"/>
 <frame number="00004095"/>
 <frame number="00004096"/>
 <frame number="00004097"/>
 <frame number="00004098"/>
 <frame number="00004099"/>
 <frame number="00004100"/>
 <frame number="00004101"/>
 <frame number="00004102"/>
 <frame number="00004103"/>
 <frame number="00004104"/>
 <frame number="00004105"/>
 <frame number="00004106"/>
 <frame number="00004107"/>
 <frame number="00004108"/>
 <frame number="00004109"/>
 <frame number="00004110"/>
 <frame number="00004111"/>
 <frame number="00004112"/>
 <frame number="00004113"/>
 <frame number="00004114"/>
 <frame number="00004115"/>
 <frame number="00004116"/>
 <frame number="00004117"/>
 <frame number="00004118"/>
 <frame number="00004119"/>
 <frame number="00004120"/>
 <frame number="00004121"/>
 <frame number="00004122"/>
 <frame number="00004123"/>
 <frame number="00004124"/>
 <frame number="00004125"/>
 <frame number="00004126"/>
 <frame number="00004127"/>
 <frame number="00004128"/>
 <frame number="00004129"/>
 <frame number="00004130"/>
 <frame number="00004131"/>
 <frame number="00004132"/>
 <frame number="00004133"/>
 <frame number="00004134"/>
 <frame number="00004207"/>
 <frame number="00004208"/>
 <frame number="00004209"/>
 <frame number="00004210"/>
 <frame number="00004211"/>
 <frame number="00004212"/>
 <frame number="00004213"/>
 <frame number="00004214"/>
 <frame number="00004215"/>
 <frame number="00004216"/>
 <frame number="00004217"/>
 <frame number="00004218"/>
 <frame number="00004219"/>
 <frame number="00004220"/>
 <frame number="00004221"/>
 <frame number="00004222"/>
 <frame number="00004223"/>
 <frame number="00004224"/>
 <frame number="00004225"/>
 <frame number="00004226"/>
 <frame number="00004227"/>
 <frame number="00004228"/>
 <frame number="00004229"/>
 <frame number="00004230"/>
 <frame number="00004231"/>
 <frame number="00004232"/>
 <frame number="00004233"/>
 <frame number="00004234"/>
 <frame number="00004235"/>
 <frame number="00004236"/>
 <frame number="00004237"/>
 <frame number="00004238"/>
 <frame number="00004239"/>
 <frame number="00004240"/>
 <frame number="00004241"/>
 <frame number="00004242"/>
 <frame number="00004243"/>
 <frame number="00004244"/>
 <frame number="00004245"/>
 <frame number="00004246"/>
 <frame number="00004247"/>
 <frame number="00004248"/>
 <frame number="00004249"/>
 <frame number="00004250"/>
 <frame number="00004251"/>
 <frame number="00004252"/>
 <frame number="00004253"/>
 <frame number="00004254"/>
 <frame number="00004255"/>
 <frame number="00004256"/>
 <frame number="00004257"/>
 <frame number="00004258"/>
 <frame number="00004259"/>
 <frame number="00004260"/>
 <frame number="00004261"/>
 <frame number="00004262"/>
 <frame number="00004263"/>
 <frame number="00004264"/>
 <frame number="00004265"/>
 <frame number="00004266"/>
 <frame number="00004267"/>
 <frame number="00004268"/>
 <frame number="00004269"/>
 <frame number="00004270"/>
 <frame number="00004271"/>
 <frame number="00004272"/>
 <frame number="00004273"/>
 <frame number="00004274"/>
 <frame number="00004275"/>
 <frame number="00004276"/>
 <frame number="00004277"/>
 <frame number="00004278"/>
 <frame number="00004344"/>
 <frame number="00004345"/>
 <frame number="00004346"/>
 <frame number="00004347"/>
 <frame number="00004348"/>
 <frame number="00004349"/>
 <frame number="00004350"/>
 <frame number="00004351"/>
 <frame number="00004352"/>
 <frame number="00004353"/>
 <frame number="00004354"/>
 <frame number="00004355"/>
 <frame number="00004356"/>
 <frame number="00004357"/>
 <frame number="00004358"/>
 <frame number="00004359"/>
 <frame number="00004360"/>
 <frame number="00004361"/>
 <frame number="00004362"/>
 <frame number="00004363"/>
 <frame number="00004364"/>
 <frame number="00004365"/>
 <frame number="00004366"/>
 <frame number="00004367"/>
 <frame number="00004368"/>
 <frame number="00004369"/>
 <frame number="00004370"/>
 <frame number="00004371"/>
 <frame number="00004372"/>
 <frame number="00004373"/>
 <frame number="00004374"/>
 <frame number="00004375"/>
 <frame number="00004376"/>
 <frame number="00004377"/>
 <frame number="00004378"/>
 <frame number="00004379"/>
 <frame number="00004380"/>
 <frame number="00004381"/>
 <frame number="00004382"/>
 <frame number="00004383"/>
 <frame number="00004384"/>
 <frame number="00004385"/>
 <frame number="00004386"/>
 <frame number="00004387"/>
 <frame number="00004388"/>
 <frame number="00004389"/>
 <frame number="00004390"/>
 <frame number="00004391"/>
 <frame number="00004392"/>
 <frame number="00004393"/>
 <frame number="00004394"/>
 <frame number="00004395"/>
 <frame number="00004396"/>
 <frame number="00004397"/>
 <frame number="00004398"/>
 <frame number="00004399"/>
 <frame number="00004400"/>
 <frame number="00004401"/>
 <frame number="00004402"/>
 <frame number="00004403"/>
 <frame number="00004404"/>
 <frame number="00004405"/>
 <frame number="00004406"/>
 <frame number="00004407"/>
 <frame number="00004408"/>
 <frame number="00004409"/>
 <frame number="00004410"/>
 <frame number="00004411"/>
 <frame number="00004412"/>
 <frame number="00004413"/>
 <frame number="00004414"/>
 <frame number="00004415"/>
 <frame number="00004483"/>
 <frame number="00004484"/>
 <frame number="00004485"/>
 <frame number="00004486"/>
 <frame number="00004487"/>
 <frame number="00004488"/>
 <frame number="00004489"/>
 <frame number="00004490"/>
 <frame number="00004491"/>
 <frame number="00004492"/>
 <frame number="00004493"/>
 <frame number="00004494"/>
 <frame number="00004495"/>
 <frame number="00004496"/>
 <frame number="00004497"/>
 <frame number="00004498"/>
 <frame number="00004499"/>
 <frame number="00004500"/>
 <frame number="00004501"/>
 <frame number="00004502"/>
 <frame number="00004503"/>
 <frame number="00004504"/>
 <frame number="00004505"/>
 <frame number="00004506"/>
 <frame number="00004507"/>
 <frame number="00004508"/>
 <frame number="00004509"/>
 <frame number="00004510"/>
 <frame number="00004511"/>
 <frame number="00004512"/>
 <frame number="00004513"/>
 <frame number="00004514"/>
 <frame number="00004515"/>
 <frame number="00004516"/>
 <frame number="00004517"/>
 <frame number="00004518"/>
 <frame number="00004519"/>
 <frame number="00004520"/>
 <frame number="00004521"/>
 <frame number="00004522"/>
 <frame number="00004523"/>
 <frame number="00004524"/>
 <frame number="00004525"/>
 <frame number="00004526"/>
 <frame number="00004527"/>
 <frame number="00004528"/>
 <frame number="00004529"/>
 <frame number="00004530"/>
 <frame number="00004531"/>
 <frame number="00004532"/>
 <frame number="00004533"/>
 <frame number="00004534"/>
 <frame number="00004535"/>
 <frame number="00004536"/>
 <frame number="00004537"/>
 <frame number="00004538"/>
 <frame number="00004539"/>
 <frame number="00004540"/>
 <frame number="00004541"/>
 <frame number="00004542"/>
 <frame number="00004543"/>
 <frame number="00004544"/>
 <frame number="00004545"/>
 <frame number="00004546"/>
 <frame number="00004547"/>
 <frame number="00004548"/>
 <frame number="00004549"/>
 <frame number="00004550"/>
</dataset>
