<!DOCTYPE GroundTruth>
<dataset name="P2E_S2_C1">
 <frame number="00000000"/>
 <frame number="00000001"/>
 <frame number="00000002"/>
 <frame number="00000003"/>
 <frame number="00000004"/>
 <frame number="00000005"/>
 <frame number="00000006"/>
 <frame number="00000007"/>
 <frame number="00000008"/>
 <frame number="00000009"/>
 <frame number="00000010"/>
 <frame number="00000011"/>
 <frame number="00000012"/>
 <frame number="00000013"/>
 <frame number="00000014"/>
 <frame number="00000015"/>
 <frame number="00000016"/>
 <frame number="00000017"/>
 <frame number="00000018"/>
 <frame number="00000019"/>
 <frame number="00000020"/>
 <frame number="00000021"/>
 <frame number="00000022"/>
 <frame number="00000023"/>
 <frame number="00000024"/>
 <frame number="00000025"/>
 <frame number="00000026"/>
 <frame number="00000027"/>
 <frame number="00000028"/>
 <frame number="00000029"/>
 <frame number="00000030"/>
 <frame number="00000031"/>
 <frame number="00000032"/>
 <frame number="00000033"/>
 <frame number="00000034"/>
 <frame number="00000035"/>
 <frame number="00000036"/>
 <frame number="00000037"/>
 <frame number="00000038"/>
 <frame number="00000039"/>
 <frame number="00000040"/>
 <frame number="00000041"/>
 <frame number="00000042"/>
 <frame number="00000043"/>
 <frame number="00000044"/>
 <frame number="00000045"/>
 <frame number="00000046"/>
 <frame number="00000047"/>
 <frame number="00000048"/>
 <frame number="00000049"/>
 <frame number="00000050"/>
 <frame number="00000051"/>
 <frame number="00000052"/>
 <frame number="00000053"/>
 <frame number="00000054"/>
 <frame number="00000055"/>
 <frame number="00000056"/>
 <frame number="00000057"/>
 <frame number="00000058"/>
 <frame number="00000059"/>
 <frame number="00000060"/>
 <frame number="00000061"/>
 <frame number="00000062"/>
 <frame number="00000063"/>
 <frame number="00000064"/>
 <frame number="00000065"/>
 <frame number="00000066"/>
 <frame number="00000067"/>
 <frame number="00000068"/>
 <frame number="00000069"/>
 <frame number="00000070"/>
 <frame number="00000071"/>
 <frame number="00000072"/>
 <frame number="00000073"/>
 <frame number="00000074"/>
 <frame number="00000075"/>
 <frame number="00000076"/>
 <frame number="00000077"/>
 <frame number="00000078"/>
 <frame number="00000079"/>
 <frame number="00000080"/>
 <frame number="00000081"/>
 <frame number="00000082"/>
 <frame number="00000083"/>
 <frame number="00000084"/>
 <frame number="00000085"/>
 <frame number="00000086"/>
 <frame number="00000087"/>
 <frame number="00000088"/>
 <frame number="00000089"/>
 <frame number="00000090"/>
 <frame number="00000091"/>
 <frame number="00000092"/>
 <frame number="00000093"/>
 <frame number="00000094"/>
 <frame number="00000095"/>
 <frame number="00000096"/>
 <frame number="00000097"/>
 <frame number="00000098"/>
 <frame number="00000099"/>
 <frame number="00000179"/>
 <frame number="00000180"/>
 <frame number="00000181"/>
 <frame number="00000182"/>
 <frame number="00000183"/>
 <frame number="00000184"/>
 <frame number="00000185"/>
 <frame number="00000186"/>
 <frame number="00000187"/>
 <frame number="00000188"/>
 <frame number="00000189"/>
 <frame number="00000190"/>
 <frame number="00000191"/>
 <frame number="00000192"/>
 <frame number="00000193"/>
 <frame number="00000194"/>
 <frame number="00000195"/>
 <frame number="00000196"/>
 <frame number="00000197"/>
 <frame number="00000198"/>
 <frame number="00000199"/>
 <frame number="00000200"/>
 <frame number="00000201"/>
 <frame number="00000202"/>
 <frame number="00000203"/>
 <frame number="00000204"/>
 <frame number="00000205"/>
 <frame number="00000206"/>
 <frame number="00000207"/>
 <frame number="00000208"/>
 <frame number="00000209"/>
 <frame number="00000210"/>
 <frame number="00000211"/>
 <frame number="00000212"/>
 <frame number="00000213"/>
 <frame number="00000214"/>
 <frame number="00000215"/>
 <frame number="00000216"/>
 <frame number="00000217"/>
 <frame number="00000218"/>
 <frame number="00000219"/>
 <frame number="00000220"/>
 <frame number="00000221"/>
 <frame number="00000222"/>
 <frame number="00000223"/>
 <frame number="00000224"/>
 <frame number="00000225"/>
 <frame number="00000226"/>
 <frame number="00000227"/>
 <frame number="00000228"/>
 <frame number="00000229"/>
 <frame number="00000230"/>
 <frame number="00000231">
  <person id="0022">
   <leftEye x="632" y="190"/>
   <rightEye x="648" y="191"/>
  </person>
 </frame>
 <frame number="00000232">
  <person id="0022">
   <leftEye x="630" y="188"/>
   <rightEye x="647" y="190"/>
  </person>
 </frame>
 <frame number="00000233">
  <person id="0022">
   <leftEye x="629" y="188"/>
   <rightEye x="646" y="189"/>
  </person>
 </frame>
 <frame number="00000234">
  <person id="0022">
   <leftEye x="627" y="187"/>
   <rightEye x="644" y="188"/>
  </person>
 </frame>
 <frame number="00000235">
  <person id="0022">
   <leftEye x="625" y="187"/>
   <rightEye x="643" y="188"/>
  </person>
 </frame>
 <frame number="00000236">
  <person id="0022">
   <leftEye x="624" y="186"/>
   <rightEye x="642" y="188"/>
  </person>
 </frame>
 <frame number="00000237">
  <person id="0022">
   <leftEye x="623" y="186"/>
   <rightEye x="641" y="188"/>
  </person>
 </frame>
 <frame number="00000238">
  <person id="0022">
   <leftEye x="622" y="186"/>
   <rightEye x="640" y="188"/>
  </person>
 </frame>
 <frame number="00000239">
  <person id="0022">
   <leftEye x="621" y="187"/>
   <rightEye x="639" y="189"/>
  </person>
 </frame>
 <frame number="00000240">
  <person id="0022">
   <leftEye x="620" y="189"/>
   <rightEye x="638" y="190"/>
  </person>
 </frame>
 <frame number="00000241">
  <person id="0022">
   <leftEye x="619" y="191"/>
   <rightEye x="638" y="192"/>
  </person>
 </frame>
 <frame number="00000242">
  <person id="0022">
   <leftEye x="618" y="195"/>
   <rightEye x="638" y="196"/>
  </person>
 </frame>
 <frame number="00000243">
  <person id="0022">
   <leftEye x="617" y="199"/>
   <rightEye x="637" y="200"/>
  </person>
 </frame>
 <frame number="00000244">
  <person id="0022">
   <leftEye x="616" y="203"/>
   <rightEye x="636" y="204"/>
  </person>
 </frame>
 <frame number="00000245">
  <person id="0022">
   <leftEye x="615" y="205"/>
   <rightEye x="635" y="207"/>
  </person>
 </frame>
 <frame number="00000246">
  <person id="0022">
   <leftEye x="614" y="207"/>
   <rightEye x="633" y="209"/>
  </person>
 </frame>
 <frame number="00000247">
  <person id="0022">
   <leftEye x="612" y="208"/>
   <rightEye x="632" y="210"/>
  </person>
 </frame>
 <frame number="00000248">
  <person id="0022">
   <leftEye x="610" y="208"/>
   <rightEye x="631" y="210"/>
  </person>
 </frame>
 <frame number="00000249">
  <person id="0022">
   <leftEye x="609" y="208"/>
   <rightEye x="630" y="210"/>
  </person>
 </frame>
 <frame number="00000250">
  <person id="0022">
   <leftEye x="608" y="208"/>
   <rightEye x="629" y="209"/>
  </person>
 </frame>
 <frame number="00000251">
  <person id="0022">
   <leftEye x="608" y="208"/>
   <rightEye x="629" y="209"/>
  </person>
 </frame>
 <frame number="00000252">
  <person id="0022">
   <leftEye x="608" y="208"/>
   <rightEye x="630" y="209"/>
  </person>
 </frame>
 <frame number="00000253">
  <person id="0022">
   <leftEye x="608" y="209"/>
   <rightEye x="632" y="210"/>
  </person>
 </frame>
 <frame number="00000254">
  <person id="0022">
   <leftEye x="610" y="212"/>
   <rightEye x="633" y="212"/>
  </person>
 </frame>
 <frame number="00000255">
  <person id="0022">
   <leftEye x="611" y="216"/>
   <rightEye x="635" y="216"/>
  </person>
 </frame>
 <frame number="00000256">
  <person id="0022">
   <leftEye x="613" y="222"/>
   <rightEye x="637" y="222"/>
  </person>
 </frame>
 <frame number="00000257">
  <person id="0022">
   <leftEye x="615" y="229"/>
   <rightEye x="639" y="229"/>
  </person>
 </frame>
 <frame number="00000258">
  <person id="0022">
   <leftEye x="618" y="236"/>
   <rightEye x="642" y="236"/>
  </person>
 </frame>
 <frame number="00000259">
  <person id="0022">
   <leftEye x="621" y="243"/>
   <rightEye x="645" y="243"/>
  </person>
 </frame>
 <frame number="00000260">
  <person id="0022">
   <leftEye x="624" y="248"/>
   <rightEye x="650" y="248"/>
  </person>
 </frame>
 <frame number="00000261">
  <person id="0022">
   <leftEye x="629" y="251"/>
   <rightEye x="655" y="251"/>
  </person>
 </frame>
 <frame number="00000262">
  <person id="0022">
   <leftEye x="634" y="253"/>
   <rightEye x="661" y="253"/>
  </person>
 </frame>
 <frame number="00000263">
  <person id="0022">
   <leftEye x="640" y="253"/>
   <rightEye x="667" y="254"/>
  </person>
 </frame>
 <frame number="00000264">
  <person id="0022">
   <leftEye x="646" y="253"/>
   <rightEye x="673" y="255"/>
  </person>
 </frame>
 <frame number="00000265">
  <person id="0022">
   <leftEye x="651" y="253"/>
   <rightEye x="679" y="256"/>
  </person>
 </frame>
 <frame number="00000266">
  <person id="0022">
   <leftEye x="656" y="254"/>
   <rightEye x="684" y="257"/>
  </person>
 </frame>
 <frame number="00000267">
  <person id="0022">
   <leftEye x="660" y="255"/>
   <rightEye x="689" y="258"/>
  </person>
 </frame>
 <frame number="00000268">
  <person id="0022">
   <leftEye x="664" y="258"/>
   <rightEye x="694" y="261"/>
  </person>
 </frame>
 <frame number="00000269">
  <person id="0022">
   <leftEye x="668" y="263"/>
   <rightEye x="699" y="266"/>
  </person>
 </frame>
 <frame number="00000270">
  <person id="0022">
   <leftEye x="672" y="271"/>
   <rightEye x="703" y="273"/>
  </person>
 </frame>
 <frame number="00000271">
  <person id="0022">
   <leftEye x="675" y="282"/>
   <rightEye x="707" y="282"/>
  </person>
 </frame>
 <frame number="00000272">
  <person id="0022">
   <leftEye x="678" y="294"/>
   <rightEye x="711" y="293"/>
  </person>
 </frame>
 <frame number="00000273">
  <person id="0022">
   <leftEye x="681" y="306"/>
   <rightEye x="716" y="305"/>
  </person>
 </frame>
 <frame number="00000274">
  <person id="0022">
   <leftEye x="684" y="317"/>
   <rightEye x="720" y="315"/>
  </person>
 </frame>
 <frame number="00000275">
  <person id="0022">
   <leftEye x="687" y="326"/>
   <rightEye x="724" y="324"/>
  </person>
 </frame>
 <frame number="00000276">
  <person id="0022">
   <leftEye x="691" y="331"/>
   <rightEye x="728" y="329"/>
  </person>
 </frame>
 <frame number="00000277">
  <person id="0022">
   <leftEye x="695" y="335"/>
   <rightEye x="734" y="333"/>
  </person>
 </frame>
 <frame number="00000278">
  <person id="0022">
   <leftEye x="700" y="339"/>
   <rightEye x="740" y="338"/>
  </person>
 </frame>
 <frame number="00000279">
  <person id="0022">
   <leftEye x="706" y="344"/>
   <rightEye x="747" y="342"/>
  </person>
 </frame>
 <frame number="00000280">
  <person id="0022">
   <leftEye x="714" y="349"/>
   <rightEye x="756" y="347"/>
  </person>
 </frame>
 <frame number="00000281">
  <person id="0022">
   <leftEye x="722" y="355"/>
   <rightEye x="766" y="352"/>
  </person>
 </frame>
 <frame number="00000282">
  <person id="0022">
   <leftEye x="732" y="361"/>
   <rightEye x="776" y="358"/>
  </person>
 </frame>
 <frame number="00000283">
  <person id="0022">
   <leftEye x="742" y="369"/>
   <rightEye x="788" y="365"/>
  </person>
 </frame>
 <frame number="00000284"/>
 <frame number="00000285"/>
 <frame number="00000286"/>
 <frame number="00000287"/>
 <frame number="00000288"/>
 <frame number="00000289"/>
 <frame number="00000290"/>
 <frame number="00000291"/>
 <frame number="00000292"/>
 <frame number="00000293"/>
 <frame number="00000294"/>
 <frame number="00000295"/>
 <frame number="00000296"/>
 <frame number="00000297"/>
 <frame number="00000298"/>
 <frame number="00000299"/>
 <frame number="00000300"/>
 <frame number="00000301"/>
 <frame number="00000302"/>
 <frame number="00000359"/>
 <frame number="00000360"/>
 <frame number="00000361"/>
 <frame number="00000362"/>
 <frame number="00000363"/>
 <frame number="00000364"/>
 <frame number="00000365"/>
 <frame number="00000366"/>
 <frame number="00000367"/>
 <frame number="00000368"/>
 <frame number="00000369"/>
 <frame number="00000370"/>
 <frame number="00000371"/>
 <frame number="00000372"/>
 <frame number="00000373"/>
 <frame number="00000374"/>
 <frame number="00000375"/>
 <frame number="00000376"/>
 <frame number="00000377"/>
 <frame number="00000378"/>
 <frame number="00000379"/>
 <frame number="00000380"/>
 <frame number="00000381"/>
 <frame number="00000382"/>
 <frame number="00000383"/>
 <frame number="00000384"/>
 <frame number="00000385"/>
 <frame number="00000386"/>
 <frame number="00000387"/>
 <frame number="00000388"/>
 <frame number="00000389"/>
 <frame number="00000390"/>
 <frame number="00000391"/>
 <frame number="00000392"/>
 <frame number="00000393"/>
 <frame number="00000394"/>
 <frame number="00000395"/>
 <frame number="00000396"/>
 <frame number="00000397"/>
 <frame number="00000398"/>
 <frame number="00000399"/>
 <frame number="00000400"/>
 <frame number="00000401"/>
 <frame number="00000402"/>
 <frame number="00000403"/>
 <frame number="00000404"/>
 <frame number="00000405"/>
 <frame number="00000406"/>
 <frame number="00000407"/>
 <frame number="00000408"/>
 <frame number="00000409"/>
 <frame number="00000410"/>
 <frame number="00000411"/>
 <frame number="00000412"/>
 <frame number="00000413">
  <person id="0015">
   <leftEye x="657" y="156"/>
   <rightEye x="673" y="156"/>
  </person>
 </frame>
 <frame number="00000414">
  <person id="0015">
   <leftEye x="655" y="156"/>
   <rightEye x="671" y="156"/>
  </person>
 </frame>
 <frame number="00000415">
  <person id="0015">
   <leftEye x="654" y="157"/>
   <rightEye x="669" y="157"/>
  </person>
 </frame>
 <frame number="00000416">
  <person id="0015">
   <leftEye x="653" y="159"/>
   <rightEye x="667" y="159"/>
  </person>
 </frame>
 <frame number="00000417">
  <person id="0015">
   <leftEye x="651" y="162"/>
   <rightEye x="666" y="162"/>
  </person>
 </frame>
 <frame number="00000418">
  <person id="0015">
   <leftEye x="649" y="165"/>
   <rightEye x="665" y="165"/>
  </person>
 </frame>
 <frame number="00000419">
  <person id="0015">
   <leftEye x="648" y="168"/>
   <rightEye x="664" y="168"/>
  </person>
 </frame>
 <frame number="00000420">
  <person id="0015">
   <leftEye x="647" y="170"/>
   <rightEye x="663" y="170"/>
  </person>
 </frame>
 <frame number="00000421">
  <person id="0015">
   <leftEye x="647" y="172"/>
   <rightEye x="662" y="172"/>
  </person>
 </frame>
 <frame number="00000422">
  <person id="0015">
   <leftEye x="646" y="174"/>
   <rightEye x="663" y="174"/>
  </person>
 </frame>
 <frame number="00000423">
  <person id="0015">
   <leftEye x="646" y="174"/>
   <rightEye x="664" y="174"/>
  </person>
 </frame>
 <frame number="00000424">
  <person id="0015">
   <leftEye x="646" y="174"/>
   <rightEye x="665" y="174"/>
  </person>
 </frame>
 <frame number="00000425">
  <person id="0015">
   <leftEye x="647" y="173"/>
   <rightEye x="666" y="173"/>
  </person>
 </frame>
 <frame number="00000426">
  <person id="0015">
   <leftEye x="648" y="172"/>
   <rightEye x="666" y="172"/>
  </person>
 </frame>
 <frame number="00000427">
  <person id="0015">
   <leftEye x="648" y="171"/>
   <rightEye x="666" y="171"/>
  </person>
 </frame>
 <frame number="00000428">
  <person id="0015">
   <leftEye x="649" y="170"/>
   <rightEye x="667" y="170"/>
  </person>
 </frame>
 <frame number="00000429">
  <person id="0015">
   <leftEye x="649" y="170"/>
   <rightEye x="668" y="170"/>
  </person>
 </frame>
 <frame number="00000430">
  <person id="0015">
   <leftEye x="649" y="170"/>
   <rightEye x="668" y="170"/>
  </person>
 </frame>
 <frame number="00000431">
  <person id="0015">
   <leftEye x="650" y="171"/>
   <rightEye x="669" y="171"/>
  </person>
 </frame>
 <frame number="00000432">
  <person id="0015">
   <leftEye x="651" y="173"/>
   <rightEye x="670" y="173"/>
  </person>
 </frame>
 <frame number="00000433">
  <person id="0015">
   <leftEye x="651" y="177"/>
   <rightEye x="671" y="177"/>
  </person>
 </frame>
 <frame number="00000434">
  <person id="0015">
   <leftEye x="652" y="182"/>
   <rightEye x="672" y="182"/>
  </person>
 </frame>
 <frame number="00000435">
  <person id="0015">
   <leftEye x="653" y="186"/>
   <rightEye x="673" y="186"/>
  </person>
 </frame>
 <frame number="00000436">
  <person id="0015">
   <leftEye x="654" y="192"/>
   <rightEye x="674" y="192"/>
  </person>
 </frame>
 <frame number="00000437">
  <person id="0015">
   <leftEye x="654" y="191"/>
   <rightEye x="675" y="191"/>
  </person>
 </frame>
 <frame number="00000438">
  <person id="0015">
   <leftEye x="655" y="195"/>
   <rightEye x="677" y="195"/>
  </person>
 </frame>
 <frame number="00000439">
  <person id="0015">
   <leftEye x="659" y="200"/>
   <rightEye x="680" y="200"/>
  </person>
 </frame>
 <frame number="00000440">
  <person id="0015">
   <leftEye x="659" y="198"/>
   <rightEye x="682" y="198"/>
  </person>
 </frame>
 <frame number="00000441">
  <person id="0015">
   <leftEye x="660" y="198"/>
   <rightEye x="683" y="198"/>
  </person>
 </frame>
 <frame number="00000442">
  <person id="0015">
   <leftEye x="662" y="197"/>
   <rightEye x="685" y="198"/>
  </person>
 </frame>
 <frame number="00000443">
  <person id="0015">
   <leftEye x="665" y="196"/>
   <rightEye x="688" y="197"/>
  </person>
 </frame>
 <frame number="00000444">
  <person id="0015">
   <leftEye x="668" y="196"/>
   <rightEye x="692" y="196"/>
  </person>
 </frame>
 <frame number="00000445">
  <person id="0015">
   <leftEye x="672" y="195"/>
   <rightEye x="696" y="195"/>
  </person>
 </frame>
 <frame number="00000446">
  <person id="0015">
   <leftEye x="676" y="195"/>
   <rightEye x="699" y="196"/>
  </person>
 </frame>
 <frame number="00000447">
  <person id="0015">
   <leftEye x="680" y="197"/>
   <rightEye x="703" y="198"/>
  </person>
 </frame>
 <frame number="00000448">
  <person id="0015">
   <leftEye x="684" y="201"/>
   <rightEye x="708" y="201"/>
  </person>
 </frame>
 <frame number="00000449">
  <person id="0015">
   <leftEye x="688" y="205"/>
   <rightEye x="713" y="205"/>
  </person>
 </frame>
 <frame number="00000450">
  <person id="0015">
   <leftEye x="692" y="211"/>
   <rightEye x="718" y="211"/>
  </person>
 </frame>
 <frame number="00000451">
  <person id="0015">
   <leftEye x="696" y="218"/>
   <rightEye x="724" y="218"/>
  </person>
 </frame>
 <frame number="00000452">
  <person id="0015">
   <leftEye x="702" y="225"/>
   <rightEye x="730" y="225"/>
  </person>
 </frame>
 <frame number="00000453">
  <person id="0015">
   <leftEye x="708" y="231"/>
   <rightEye x="736" y="231"/>
  </person>
 </frame>
 <frame number="00000454">
  <person id="0015">
   <leftEye x="714" y="236"/>
   <rightEye x="743" y="236"/>
  </person>
 </frame>
 <frame number="00000455">
  <person id="0015">
   <leftEye x="721" y="240"/>
   <rightEye x="751" y="239"/>
  </person>
 </frame>
 <frame number="00000456">
  <person id="0015">
   <leftEye x="729" y="242"/>
   <rightEye x="760" y="242"/>
  </person>
 </frame>
 <frame number="00000457">
  <person id="0015">
   <leftEye x="737" y="244"/>
   <rightEye x="768" y="244"/>
  </person>
 </frame>
 <frame number="00000458">
  <person id="0015">
   <leftEye x="745" y="246"/>
   <rightEye x="777" y="245"/>
  </person>
 </frame>
 <frame number="00000459">
  <person id="0015">
   <leftEye x="753" y="247"/>
   <rightEye x="786" y="246"/>
  </person>
 </frame>
 <frame number="00000460"/>
 <frame number="00000461"/>
 <frame number="00000462"/>
 <frame number="00000463"/>
 <frame number="00000464"/>
 <frame number="00000465"/>
 <frame number="00000466"/>
 <frame number="00000467"/>
 <frame number="00000468"/>
 <frame number="00000469"/>
 <frame number="00000470"/>
 <frame number="00000471"/>
 <frame number="00000472"/>
 <frame number="00000473"/>
 <frame number="00000474"/>
 <frame number="00000475"/>
 <frame number="00000476"/>
 <frame number="00000477"/>
 <frame number="00000478"/>
 <frame number="00000479"/>
 <frame number="00000480"/>
 <frame number="00000481"/>
 <frame number="00000482"/>
 <frame number="00000483"/>
 <frame number="00000484"/>
 <frame number="00000485"/>
 <frame number="00000486"/>
 <frame number="00000487"/>
 <frame number="00000488"/>
 <frame number="00000489"/>
 <frame number="00000558"/>
 <frame number="00000559"/>
 <frame number="00000560"/>
 <frame number="00000561"/>
 <frame number="00000562"/>
 <frame number="00000563"/>
 <frame number="00000564"/>
 <frame number="00000565"/>
 <frame number="00000566"/>
 <frame number="00000567"/>
 <frame number="00000568"/>
 <frame number="00000569"/>
 <frame number="00000570"/>
 <frame number="00000571"/>
 <frame number="00000572"/>
 <frame number="00000573"/>
 <frame number="00000574"/>
 <frame number="00000575"/>
 <frame number="00000576"/>
 <frame number="00000577"/>
 <frame number="00000578"/>
 <frame number="00000579"/>
 <frame number="00000580"/>
 <frame number="00000581"/>
 <frame number="00000582"/>
 <frame number="00000583"/>
 <frame number="00000584"/>
 <frame number="00000585"/>
 <frame number="00000586"/>
 <frame number="00000587"/>
 <frame number="00000588"/>
 <frame number="00000589"/>
 <frame number="00000590"/>
 <frame number="00000591"/>
 <frame number="00000592"/>
 <frame number="00000593"/>
 <frame number="00000594"/>
 <frame number="00000595"/>
 <frame number="00000596"/>
 <frame number="00000597"/>
 <frame number="00000598"/>
 <frame number="00000599"/>
 <frame number="00000600"/>
 <frame number="00000601"/>
 <frame number="00000602"/>
 <frame number="00000603"/>
 <frame number="00000604"/>
 <frame number="00000605"/>
 <frame number="00000606"/>
 <frame number="00000607"/>
 <frame number="00000608"/>
 <frame number="00000609"/>
 <frame number="00000610">
  <person id="0021">
   <leftEye x="629" y="168"/>
   <rightEye x="645" y="169"/>
  </person>
 </frame>
 <frame number="00000611">
  <person id="0021">
   <leftEye x="627" y="169"/>
   <rightEye x="643" y="170"/>
  </person>
 </frame>
 <frame number="00000612">
  <person id="0021">
   <leftEye x="625" y="169"/>
   <rightEye x="641" y="170"/>
  </person>
 </frame>
 <frame number="00000613">
  <person id="0021">
   <leftEye x="623" y="169"/>
   <rightEye x="639" y="170"/>
  </person>
 </frame>
 <frame number="00000614">
  <person id="0021">
   <leftEye x="621" y="168"/>
   <rightEye x="637" y="170"/>
  </person>
 </frame>
 <frame number="00000615">
  <person id="0021">
   <leftEye x="619" y="167"/>
   <rightEye x="635" y="169"/>
  </person>
 </frame>
 <frame number="00000616">
  <person id="0021">
   <leftEye x="617" y="165"/>
   <rightEye x="633" y="167"/>
  </person>
 </frame>
 <frame number="00000617">
  <person id="0021">
   <leftEye x="614" y="163"/>
   <rightEye x="631" y="165"/>
  </person>
 </frame>
 <frame number="00000618">
  <person id="0021">
   <leftEye x="611" y="162"/>
   <rightEye x="629" y="164"/>
  </person>
 </frame>
 <frame number="00000619">
  <person id="0021">
   <leftEye x="608" y="162"/>
   <rightEye x="626" y="163"/>
  </person>
 </frame>
 <frame number="00000620">
  <person id="0021">
   <leftEye x="605" y="163"/>
   <rightEye x="623" y="164"/>
  </person>
 </frame>
 <frame number="00000621">
  <person id="0021">
   <leftEye x="603" y="165"/>
   <rightEye x="620" y="166"/>
  </person>
 </frame>
 <frame number="00000622">
  <person id="0021">
   <leftEye x="600" y="168"/>
   <rightEye x="618" y="169"/>
  </person>
 </frame>
 <frame number="00000623">
  <person id="0021">
   <leftEye x="597" y="171"/>
   <rightEye x="615" y="172"/>
  </person>
 </frame>
 <frame number="00000624">
  <person id="0021">
   <leftEye x="594" y="175"/>
   <rightEye x="612" y="176"/>
  </person>
 </frame>
 <frame number="00000625">
  <person id="0021">
   <leftEye x="591" y="178"/>
   <rightEye x="609" y="179"/>
  </person>
 </frame>
 <frame number="00000626">
  <person id="0021">
   <leftEye x="588" y="180"/>
   <rightEye x="606" y="181"/>
  </person>
 </frame>
 <frame number="00000627">
  <person id="0021">
   <leftEye x="585" y="181"/>
   <rightEye x="604" y="182"/>
  </person>
 </frame>
 <frame number="00000628">
  <person id="0021">
   <leftEye x="582" y="181"/>
   <rightEye x="602" y="182"/>
  </person>
 </frame>
 <frame number="00000629">
  <person id="0021">
   <leftEye x="579" y="181"/>
   <rightEye x="600" y="182"/>
  </person>
 </frame>
 <frame number="00000630">
  <person id="0021">
   <leftEye x="578" y="181"/>
   <rightEye x="599" y="181"/>
  </person>
 </frame>
 <frame number="00000631">
  <person id="0021">
   <leftEye x="578" y="180"/>
   <rightEye x="598" y="180"/>
  </person>
 </frame>
 <frame number="00000632">
  <person id="0021">
   <leftEye x="578" y="179"/>
   <rightEye x="598" y="179"/>
  </person>
 </frame>
 <frame number="00000633">
  <person id="0021">
   <leftEye x="578" y="179"/>
   <rightEye x="600" y="179"/>
  </person>
 </frame>
 <frame number="00000634">
  <person id="0021">
   <leftEye x="579" y="180"/>
   <rightEye x="602" y="180"/>
  </person>
 </frame>
 <frame number="00000635">
  <person id="0021">
   <leftEye x="582" y="182"/>
   <rightEye x="604" y="182"/>
  </person>
 </frame>
 <frame number="00000636">
  <person id="0021">
   <leftEye x="584" y="186"/>
   <rightEye x="607" y="186"/>
  </person>
 </frame>
 <frame number="00000637">
  <person id="0021">
   <leftEye x="587" y="191"/>
   <rightEye x="611" y="191"/>
  </person>
 </frame>
 <frame number="00000638">
  <person id="0021">
   <leftEye x="590" y="197"/>
   <rightEye x="615" y="197"/>
  </person>
 </frame>
 <frame number="00000639">
  <person id="0021">
   <leftEye x="595" y="203"/>
   <rightEye x="619" y="204"/>
  </person>
 </frame>
 <frame number="00000640">
  <person id="0021">
   <leftEye x="600" y="209"/>
   <rightEye x="624" y="210"/>
  </person>
 </frame>
 <frame number="00000641">
  <person id="0021">
   <leftEye x="606" y="214"/>
   <rightEye x="631" y="215"/>
  </person>
 </frame>
 <frame number="00000642">
  <person id="0021">
   <leftEye x="613" y="217"/>
   <rightEye x="638" y="218"/>
  </person>
 </frame>
 <frame number="00000643">
  <person id="0021">
   <leftEye x="619" y="219"/>
   <rightEye x="645" y="220"/>
  </person>
 </frame>
 <frame number="00000644">
  <person id="0021">
   <leftEye x="625" y="220"/>
   <rightEye x="652" y="221"/>
  </person>
 </frame>
 <frame number="00000645">
  <person id="0021">
   <leftEye x="630" y="220"/>
   <rightEye x="658" y="221"/>
  </person>
 </frame>
 <frame number="00000646">
  <person id="0021">
   <leftEye x="635" y="218"/>
   <rightEye x="663" y="219"/>
  </person>
 </frame>
 <frame number="00000647">
  <person id="0021">
   <leftEye x="639" y="216"/>
   <rightEye x="667" y="217"/>
  </person>
 </frame>
 <frame number="00000648">
  <person id="0021">
   <leftEye x="643" y="215"/>
   <rightEye x="671" y="216"/>
  </person>
 </frame>
 <frame number="00000649">
  <person id="0021">
   <leftEye x="646" y="216"/>
   <rightEye x="675" y="217"/>
  </person>
 </frame>
 <frame number="00000650">
  <person id="0021">
   <leftEye x="649" y="219"/>
   <rightEye x="679" y="220"/>
  </person>
 </frame>
 <frame number="00000651">
  <person id="0021">
   <leftEye x="652" y="224"/>
   <rightEye x="682" y="225"/>
  </person>
 </frame>
 <frame number="00000652">
  <person id="0021">
   <leftEye x="654" y="232"/>
   <rightEye x="685" y="232"/>
  </person>
 </frame>
 <frame number="00000653">
  <person id="0021">
   <leftEye x="657" y="241"/>
   <rightEye x="688" y="241"/>
  </person>
 </frame>
 <frame number="00000654">
  <person id="0021">
   <leftEye x="659" y="251"/>
   <rightEye x="691" y="251"/>
  </person>
 </frame>
 <frame number="00000655">
  <person id="0021">
   <leftEye x="661" y="260"/>
   <rightEye x="693" y="260"/>
  </person>
 </frame>
 <frame number="00000656">
  <person id="0021">
   <leftEye x="663" y="268"/>
   <rightEye x="696" y="268"/>
  </person>
 </frame>
 <frame number="00000657">
  <person id="0021">
   <leftEye x="665" y="275"/>
   <rightEye x="699" y="275"/>
  </person>
 </frame>
 <frame number="00000658">
  <person id="0021">
   <leftEye x="667" y="280"/>
   <rightEye x="703" y="279"/>
  </person>
 </frame>
 <frame number="00000659">
  <person id="0021">
   <leftEye x="670" y="283"/>
   <rightEye x="707" y="283"/>
  </person>
 </frame>
 <frame number="00000660">
  <person id="0021">
   <leftEye x="674" y="286"/>
   <rightEye x="712" y="285"/>
  </person>
 </frame>
 <frame number="00000661">
  <person id="0021">
   <leftEye x="680" y="287"/>
   <rightEye x="719" y="286"/>
  </person>
 </frame>
 <frame number="00000662">
  <person id="0021">
   <leftEye x="687" y="287"/>
   <rightEye x="727" y="287"/>
  </person>
 </frame>
 <frame number="00000663">
  <person id="0021">
   <leftEye x="696" y="288"/>
   <rightEye x="737" y="288"/>
  </person>
 </frame>
 <frame number="00000664">
  <person id="0021">
   <leftEye x="706" y="291"/>
   <rightEye x="748" y="290"/>
  </person>
 </frame>
 <frame number="00000665">
  <person id="0021">
   <leftEye x="716" y="297"/>
   <rightEye x="760" y="296"/>
  </person>
 </frame>
 <frame number="00000666">
  <person id="0021">
   <leftEye x="727" y="306"/>
   <rightEye x="772" y="306"/>
  </person>
 </frame>
 <frame number="00000667">
  <person id="0021">
   <leftEye x="739" y="318"/>
   <rightEye x="786" y="318"/>
  </person>
 </frame>
 <frame number="00000668"/>
 <frame number="00000669"/>
 <frame number="00000670"/>
 <frame number="00000671"/>
 <frame number="00000672"/>
 <frame number="00000673"/>
 <frame number="00000674"/>
 <frame number="00000675"/>
 <frame number="00000676"/>
 <frame number="00000677"/>
 <frame number="00000678"/>
 <frame number="00000679"/>
 <frame number="00000680"/>
 <frame number="00000681"/>
 <frame number="00000682"/>
 <frame number="00000683"/>
 <frame number="00000684"/>
 <frame number="00000685"/>
 <frame number="00000686"/>
 <frame number="00000687"/>
 <frame number="00000688"/>
 <frame number="00000767"/>
 <frame number="00000768"/>
 <frame number="00000769"/>
 <frame number="00000770"/>
 <frame number="00000771"/>
 <frame number="00000772"/>
 <frame number="00000773"/>
 <frame number="00000774"/>
 <frame number="00000775"/>
 <frame number="00000776"/>
 <frame number="00000777"/>
 <frame number="00000778"/>
 <frame number="00000779"/>
 <frame number="00000780"/>
 <frame number="00000781"/>
 <frame number="00000782"/>
 <frame number="00000783"/>
 <frame number="00000784"/>
 <frame number="00000785"/>
 <frame number="00000786"/>
 <frame number="00000787"/>
 <frame number="00000788"/>
 <frame number="00000789"/>
 <frame number="00000790"/>
 <frame number="00000791"/>
 <frame number="00000792"/>
 <frame number="00000793"/>
 <frame number="00000794"/>
 <frame number="00000795"/>
 <frame number="00000796"/>
 <frame number="00000797"/>
 <frame number="00000798"/>
 <frame number="00000799"/>
 <frame number="00000800"/>
 <frame number="00000801"/>
 <frame number="00000802"/>
 <frame number="00000803"/>
 <frame number="00000804"/>
 <frame number="00000805"/>
 <frame number="00000806"/>
 <frame number="00000807"/>
 <frame number="00000808"/>
 <frame number="00000809"/>
 <frame number="00000810"/>
 <frame number="00000811"/>
 <frame number="00000812">
  <person id="0002">
   <leftEye x="664" y="175"/>
   <rightEye x="680" y="178"/>
  </person>
 </frame>
 <frame number="00000813">
  <person id="0002">
   <leftEye x="659" y="176"/>
   <rightEye x="676" y="179"/>
  </person>
 </frame>
 <frame number="00000814">
  <person id="0002">
   <leftEye x="655" y="176"/>
   <rightEye x="672" y="179"/>
  </person>
 </frame>
 <frame number="00000815">
  <person id="0002">
   <leftEye x="651" y="175"/>
   <rightEye x="669" y="178"/>
  </person>
 </frame>
 <frame number="00000816">
  <person id="0002">
   <leftEye x="648" y="173"/>
   <rightEye x="666" y="176"/>
  </person>
 </frame>
 <frame number="00000817">
  <person id="0002">
   <leftEye x="646" y="171"/>
   <rightEye x="664" y="173"/>
  </person>
 </frame>
 <frame number="00000818">
  <person id="0002">
   <leftEye x="645" y="169"/>
   <rightEye x="663" y="171"/>
  </person>
 </frame>
 <frame number="00000819">
  <person id="0002">
   <leftEye x="643" y="168"/>
   <rightEye x="661" y="170"/>
  </person>
 </frame>
 <frame number="00000820">
  <person id="0002">
   <leftEye x="641" y="169"/>
   <rightEye x="659" y="170"/>
  </person>
 </frame>
 <frame number="00000821">
  <person id="0002">
   <leftEye x="639" y="171"/>
   <rightEye x="658" y="172"/>
  </person>
 </frame>
 <frame number="00000822">
  <person id="0002">
   <leftEye x="638" y="174"/>
   <rightEye x="656" y="175"/>
  </person>
 </frame>
 <frame number="00000823">
  <person id="0002">
   <leftEye x="637" y="178"/>
   <rightEye x="655" y="180"/>
  </person>
 </frame>
 <frame number="00000824">
  <person id="0002">
   <leftEye x="636" y="182"/>
   <rightEye x="655" y="184"/>
  </person>
 </frame>
 <frame number="00000825">
  <person id="0002">
   <leftEye x="635" y="186"/>
   <rightEye x="655" y="188"/>
  </person>
 </frame>
 <frame number="00000826">
  <person id="0002">
   <leftEye x="635" y="190"/>
   <rightEye x="655" y="191"/>
  </person>
 </frame>
 <frame number="00000827">
  <person id="0002">
   <leftEye x="636" y="192"/>
   <rightEye x="656" y="193"/>
  </person>
 </frame>
 <frame number="00000828">
  <person id="0002">
   <leftEye x="637" y="193"/>
   <rightEye x="658" y="194"/>
  </person>
 </frame>
 <frame number="00000829">
  <person id="0002">
   <leftEye x="639" y="193"/>
   <rightEye x="660" y="194"/>
  </person>
 </frame>
 <frame number="00000830">
  <person id="0002">
   <leftEye x="641" y="192"/>
   <rightEye x="663" y="194"/>
  </person>
 </frame>
 <frame number="00000831">
  <person id="0002">
   <leftEye x="644" y="191"/>
   <rightEye x="666" y="193"/>
  </person>
 </frame>
 <frame number="00000832">
  <person id="0002">
   <leftEye x="646" y="191"/>
   <rightEye x="669" y="193"/>
  </person>
 </frame>
 <frame number="00000833">
  <person id="0002">
   <leftEye x="649" y="191"/>
   <rightEye x="672" y="193"/>
  </person>
 </frame>
 <frame number="00000834">
  <person id="0002">
   <leftEye x="652" y="192"/>
   <rightEye x="675" y="194"/>
  </person>
 </frame>
 <frame number="00000835">
  <person id="0002">
   <leftEye x="654" y="195"/>
   <rightEye x="678" y="197"/>
  </person>
 </frame>
 <frame number="00000836">
  <person id="0002">
   <leftEye x="657" y="199"/>
   <rightEye x="682" y="201"/>
  </person>
 </frame>
 <frame number="00000837">
  <person id="0002">
   <leftEye x="661" y="204"/>
   <rightEye x="686" y="205"/>
  </person>
 </frame>
 <frame number="00000838">
  <person id="0002">
   <leftEye x="665" y="211"/>
   <rightEye x="690" y="212"/>
  </person>
 </frame>
 <frame number="00000839">
  <person id="0002">
   <leftEye x="669" y="218"/>
   <rightEye x="695" y="219"/>
  </person>
 </frame>
 <frame number="00000840">
  <person id="0002">
   <leftEye x="673" y="225"/>
   <rightEye x="701" y="226"/>
  </person>
 </frame>
 <frame number="00000841">
  <person id="0002">
   <leftEye x="677" y="231"/>
   <rightEye x="706" y="232"/>
  </person>
 </frame>
 <frame number="00000842">
  <person id="0002">
   <leftEye x="681" y="235"/>
   <rightEye x="711" y="237"/>
  </person>
 </frame>
 <frame number="00000843">
  <person id="0002">
   <leftEye x="686" y="239"/>
   <rightEye x="716" y="240"/>
  </person>
 </frame>
 <frame number="00000844">
  <person id="0002">
   <leftEye x="692" y="241"/>
   <rightEye x="722" y="242"/>
  </person>
 </frame>
 <frame number="00000845">
  <person id="0002">
   <leftEye x="698" y="241"/>
   <rightEye x="729" y="242"/>
  </person>
 </frame>
 <frame number="00000846">
  <person id="0002">
   <leftEye x="705" y="240"/>
   <rightEye x="737" y="241"/>
  </person>
 </frame>
 <frame number="00000847">
  <person id="0002">
   <leftEye x="713" y="239"/>
   <rightEye x="746" y="240"/>
  </person>
 </frame>
 <frame number="00000848">
  <person id="0002">
   <leftEye x="720" y="240"/>
   <rightEye x="754" y="241"/>
  </person>
 </frame>
 <frame number="00000849">
  <person id="0002">
   <leftEye x="728" y="243"/>
   <rightEye x="761" y="244"/>
  </person>
 </frame>
 <frame number="00000850">
  <person id="0002">
   <leftEye x="735" y="249"/>
   <rightEye x="769" y="250"/>
  </person>
 </frame>
 <frame number="00000851">
  <person id="0002">
   <leftEye x="742" y="258"/>
   <rightEye x="778" y="259"/>
  </person>
 </frame>
 <frame number="00000852">
  <person id="0002">
   <leftEye x="750" y="268"/>
   <rightEye x="787" y="269"/>
  </person>
 </frame>
 <frame number="00000853"/>
 <frame number="00000854"/>
 <frame number="00000855"/>
 <frame number="00000856"/>
 <frame number="00000857"/>
 <frame number="00000858"/>
 <frame number="00000859"/>
 <frame number="00000860"/>
 <frame number="00000861"/>
 <frame number="00000862"/>
 <frame number="00000863"/>
 <frame number="00000864"/>
 <frame number="00000865"/>
 <frame number="00000866"/>
 <frame number="00000867"/>
 <frame number="00000868"/>
 <frame number="00000869"/>
 <frame number="00000870"/>
 <frame number="00000871"/>
 <frame number="00000872"/>
 <frame number="00000873"/>
 <frame number="00000874"/>
 <frame number="00000875"/>
 <frame number="00000876"/>
 <frame number="00000934"/>
 <frame number="00000935"/>
 <frame number="00000936"/>
 <frame number="00000937"/>
 <frame number="00000938"/>
 <frame number="00000939"/>
 <frame number="00000940"/>
 <frame number="00000941"/>
 <frame number="00000942"/>
 <frame number="00000943"/>
 <frame number="00000944"/>
 <frame number="00000945"/>
 <frame number="00000946"/>
 <frame number="00000947"/>
 <frame number="00000948"/>
 <frame number="00000949"/>
 <frame number="00000950"/>
 <frame number="00000951"/>
 <frame number="00000952"/>
 <frame number="00000953"/>
 <frame number="00000954"/>
 <frame number="00000955"/>
 <frame number="00000956"/>
 <frame number="00000957"/>
 <frame number="00000958"/>
 <frame number="00000959"/>
 <frame number="00000960"/>
 <frame number="00000961"/>
 <frame number="00000962"/>
 <frame number="00000963"/>
 <frame number="00000964"/>
 <frame number="00000965"/>
 <frame number="00000966"/>
 <frame number="00000967"/>
 <frame number="00000968"/>
 <frame number="00000969"/>
 <frame number="00000970"/>
 <frame number="00000971"/>
 <frame number="00000972"/>
 <frame number="00000973"/>
 <frame number="00000974"/>
 <frame number="00000975"/>
 <frame number="00000976"/>
 <frame number="00000977"/>
 <frame number="00000978"/>
 <frame number="00000979"/>
 <frame number="00000980">
  <person id="0003">
   <leftEye x="663" y="175"/>
   <rightEye x="679" y="177"/>
  </person>
 </frame>
 <frame number="00000981">
  <person id="0003">
   <leftEye x="659" y="176"/>
   <rightEye x="675" y="178"/>
  </person>
 </frame>
 <frame number="00000982">
  <person id="0003">
   <leftEye x="655" y="177"/>
   <rightEye x="671" y="179"/>
  </person>
 </frame>
 <frame number="00000983">
  <person id="0003">
   <leftEye x="651" y="179"/>
   <rightEye x="667" y="181"/>
  </person>
 </frame>
 <frame number="00000984">
  <person id="0003">
   <leftEye x="648" y="181"/>
   <rightEye x="663" y="183"/>
  </person>
 </frame>
 <frame number="00000985">
  <person id="0003">
   <leftEye x="644" y="183"/>
   <rightEye x="659" y="185"/>
  </person>
 </frame>
 <frame number="00000986">
  <person id="0003">
   <leftEye x="640" y="185"/>
   <rightEye x="656" y="187"/>
  </person>
 </frame>
 <frame number="00000987">
  <person id="0003">
   <leftEye x="636" y="187"/>
   <rightEye x="652" y="189"/>
  </person>
 </frame>
 <frame number="00000988">
  <person id="0003">
   <leftEye x="632" y="188"/>
   <rightEye x="648" y="190"/>
  </person>
 </frame>
 <frame number="00000989">
  <person id="0003">
   <leftEye x="629" y="188"/>
   <rightEye x="645" y="190"/>
  </person>
 </frame>
 <frame number="00000990">
  <person id="0003">
   <leftEye x="626" y="187"/>
   <rightEye x="643" y="189"/>
  </person>
 </frame>
 <frame number="00000991">
  <person id="0003">
   <leftEye x="623" y="187"/>
   <rightEye x="641" y="188"/>
  </person>
 </frame>
 <frame number="00000992">
  <person id="0003">
   <leftEye x="621" y="186"/>
   <rightEye x="639" y="188"/>
  </person>
 </frame>
 <frame number="00000993">
  <person id="0003">
   <leftEye x="620" y="186"/>
   <rightEye x="638" y="188"/>
  </person>
 </frame>
 <frame number="00000994">
  <person id="0003">
   <leftEye x="619" y="186"/>
   <rightEye x="637" y="188"/>
  </person>
 </frame>
 <frame number="00000995">
  <person id="0003">
   <leftEye x="618" y="188"/>
   <rightEye x="636" y="189"/>
  </person>
 </frame>
 <frame number="00000996">
  <person id="0003">
   <leftEye x="617" y="190"/>
   <rightEye x="635" y="191"/>
  </person>
 </frame>
 <frame number="00000997">
  <person id="0003">
   <leftEye x="616" y="192"/>
   <rightEye x="634" y="194"/>
  </person>
 </frame>
 <frame number="00000998">
  <person id="0003">
   <leftEye x="616" y="195"/>
   <rightEye x="634" y="197"/>
  </person>
 </frame>
 <frame number="00000999">
  <person id="0003">
   <leftEye x="616" y="198"/>
   <rightEye x="634" y="200"/>
  </person>
 </frame>
 <frame number="00001000">
  <person id="0003">
   <leftEye x="616" y="201"/>
   <rightEye x="634" y="203"/>
  </person>
 </frame>
 <frame number="00001001">
  <person id="0003">
   <leftEye x="616" y="204"/>
   <rightEye x="635" y="206"/>
  </person>
 </frame>
 <frame number="00001002">
  <person id="0003">
   <leftEye x="617" y="206"/>
   <rightEye x="637" y="207"/>
  </person>
 </frame>
 <frame number="00001003">
  <person id="0003">
   <leftEye x="618" y="207"/>
   <rightEye x="638" y="208"/>
  </person>
 </frame>
 <frame number="00001004">
  <person id="0003">
   <leftEye x="620" y="207"/>
   <rightEye x="640" y="208"/>
  </person>
 </frame>
 <frame number="00001005">
  <person id="0003">
   <leftEye x="621" y="207"/>
   <rightEye x="642" y="208"/>
  </person>
 </frame>
 <frame number="00001006">
  <person id="0003">
   <leftEye x="623" y="206"/>
   <rightEye x="643" y="208"/>
  </person>
 </frame>
 <frame number="00001007">
  <person id="0003">
   <leftEye x="624" y="206"/>
   <rightEye x="644" y="208"/>
  </person>
 </frame>
 <frame number="00001008">
  <person id="0003">
   <leftEye x="624" y="206"/>
   <rightEye x="645" y="208"/>
  </person>
 </frame>
 <frame number="00001009">
  <person id="0003">
   <leftEye x="625" y="207"/>
   <rightEye x="646" y="209"/>
  </person>
 </frame>
 <frame number="00001010">
  <person id="0003">
   <leftEye x="626" y="209"/>
   <rightEye x="647" y="211"/>
  </person>
 </frame>
 <frame number="00001011">
  <person id="0003">
   <leftEye x="626" y="211"/>
   <rightEye x="648" y="213"/>
  </person>
 </frame>
 <frame number="00001012">
  <person id="0003">
   <leftEye x="627" y="214"/>
   <rightEye x="649" y="216"/>
  </person>
 </frame>
 <frame number="00001013">
  <person id="0003">
   <leftEye x="627" y="218"/>
   <rightEye x="651" y="220"/>
  </person>
 </frame>
 <frame number="00001014">
  <person id="0003">
   <leftEye x="629" y="223"/>
   <rightEye x="652" y="224"/>
  </person>
 </frame>
 <frame number="00001015">
  <person id="0003">
   <leftEye x="629" y="223"/>
   <rightEye x="652" y="224"/>
  </person>
 </frame>
 <frame number="00001016">
  <person id="0003">
   <leftEye x="630" y="232"/>
   <rightEye x="654" y="232"/>
  </person>
 </frame>
 <frame number="00001017">
  <person id="0003">
   <leftEye x="630" y="232"/>
   <rightEye x="654" y="233"/>
  </person>
 </frame>
 <frame number="00001018">
  <person id="0003">
   <leftEye x="632" y="236"/>
   <rightEye x="654" y="236"/>
  </person>
 </frame>
 <frame number="00001019">
  <person id="0003">
   <leftEye x="633" y="240"/>
   <rightEye x="656" y="241"/>
  </person>
 </frame>
 <frame number="00001020">
  <person id="0003">
   <leftEye x="634" y="239"/>
   <rightEye x="658" y="241"/>
  </person>
 </frame>
 <frame number="00001021">
  <person id="0003">
   <leftEye x="633" y="240"/>
   <rightEye x="658" y="241"/>
  </person>
 </frame>
 <frame number="00001022">
  <person id="0003">
   <leftEye x="634" y="240"/>
   <rightEye x="658" y="241"/>
  </person>
 </frame>
 <frame number="00001023">
  <person id="0003">
   <leftEye x="637" y="241"/>
   <rightEye x="662" y="242"/>
  </person>
 </frame>
 <frame number="00001024">
  <person id="0003">
   <leftEye x="638" y="242"/>
   <rightEye x="664" y="243"/>
  </person>
 </frame>
 <frame number="00001025">
  <person id="0003">
   <leftEye x="639" y="244"/>
   <rightEye x="667" y="244"/>
  </person>
 </frame>
 <frame number="00001026">
  <person id="0003">
   <leftEye x="642" y="247"/>
   <rightEye x="670" y="248"/>
  </person>
 </frame>
 <frame number="00001027">
  <person id="0003">
   <leftEye x="646" y="251"/>
   <rightEye x="673" y="252"/>
  </person>
 </frame>
 <frame number="00001028">
  <person id="0003">
   <leftEye x="649" y="255"/>
   <rightEye x="677" y="257"/>
  </person>
 </frame>
 <frame number="00001029">
  <person id="0003">
   <leftEye x="654" y="261"/>
   <rightEye x="681" y="263"/>
  </person>
 </frame>
 <frame number="00001030">
  <person id="0003">
   <leftEye x="658" y="268"/>
   <rightEye x="686" y="269"/>
  </person>
 </frame>
 <frame number="00001031">
  <person id="0003">
   <leftEye x="662" y="275"/>
   <rightEye x="692" y="276"/>
  </person>
 </frame>
 <frame number="00001032">
  <person id="0003">
   <leftEye x="667" y="282"/>
   <rightEye x="697" y="283"/>
  </person>
 </frame>
 <frame number="00001033">
  <person id="0003">
   <leftEye x="671" y="289"/>
   <rightEye x="702" y="289"/>
  </person>
 </frame>
 <frame number="00001034">
  <person id="0003">
   <leftEye x="677" y="293"/>
   <rightEye x="708" y="294"/>
  </person>
 </frame>
 <frame number="00001035">
  <person id="0003">
   <leftEye x="683" y="296"/>
   <rightEye x="715" y="297"/>
  </person>
 </frame>
 <frame number="00001036">
  <person id="0003">
   <leftEye x="689" y="298"/>
   <rightEye x="722" y="299"/>
  </person>
 </frame>
 <frame number="00001037">
  <person id="0003">
   <leftEye x="694" y="300"/>
   <rightEye x="729" y="301"/>
  </person>
 </frame>
 <frame number="00001038">
  <person id="0003">
   <leftEye x="700" y="302"/>
   <rightEye x="735" y="302"/>
  </person>
 </frame>
 <frame number="00001039">
  <person id="0003">
   <leftEye x="706" y="304"/>
   <rightEye x="741" y="304"/>
  </person>
 </frame>
 <frame number="00001040">
  <person id="0003">
   <leftEye x="711" y="308"/>
   <rightEye x="747" y="308"/>
  </person>
 </frame>
 <frame number="00001041">
  <person id="0003">
   <leftEye x="716" y="314"/>
   <rightEye x="753" y="314"/>
  </person>
 </frame>
 <frame number="00001042">
  <person id="0003">
   <leftEye x="721" y="321"/>
   <rightEye x="760" y="321"/>
  </person>
 </frame>
 <frame number="00001043">
  <person id="0003">
   <leftEye x="727" y="330"/>
   <rightEye x="767" y="330"/>
  </person>
 </frame>
 <frame number="00001044">
  <person id="0003">
   <leftEye x="733" y="339"/>
   <rightEye x="773" y="339"/>
  </person>
 </frame>
 <frame number="00001045">
  <person id="0003">
   <leftEye x="739" y="349"/>
   <rightEye x="779" y="349"/>
  </person>
 </frame>
 <frame number="00001046">
  <person id="0003">
   <leftEye x="745" y="360"/>
   <rightEye x="786" y="360"/>
  </person>
 </frame>
 <frame number="00001047">
  <person id="0003">
   <leftEye x="753" y="371"/>
   <rightEye x="794" y="371"/>
  </person>
 </frame>
 <frame number="00001048"/>
 <frame number="00001049"/>
 <frame number="00001050"/>
 <frame number="00001051"/>
 <frame number="00001052"/>
 <frame number="00001053"/>
 <frame number="00001054"/>
 <frame number="00001055"/>
 <frame number="00001056"/>
 <frame number="00001057"/>
 <frame number="00001058"/>
 <frame number="00001059"/>
 <frame number="00001060"/>
 <frame number="00001061"/>
 <frame number="00001062"/>
 <frame number="00001063"/>
 <frame number="00001064"/>
 <frame number="00001065"/>
 <frame number="00001066"/>
 <frame number="00001067"/>
 <frame number="00001068"/>
 <frame number="00001069"/>
 <frame number="00001070"/>
 <frame number="00001071"/>
 <frame number="00001072"/>
 <frame number="00001073"/>
</dataset>
