<!DOCTYPE GroundTruth>
<dataset name="P2L_S1_C3">
 <frame number="00000000"/>
 <frame number="00000001"/>
 <frame number="00000002"/>
 <frame number="00000003"/>
 <frame number="00000004"/>
 <frame number="00000005"/>
 <frame number="00000006"/>
 <frame number="00000007"/>
 <frame number="00000008"/>
 <frame number="00000009"/>
 <frame number="00000010"/>
 <frame number="00000011"/>
 <frame number="00000012"/>
 <frame number="00000013"/>
 <frame number="00000014"/>
 <frame number="00000015"/>
 <frame number="00000016"/>
 <frame number="00000017"/>
 <frame number="00000018"/>
 <frame number="00000019"/>
 <frame number="00000020"/>
 <frame number="00000021"/>
 <frame number="00000022"/>
 <frame number="00000023"/>
 <frame number="00000024"/>
 <frame number="00000025"/>
 <frame number="00000026"/>
 <frame number="00000027"/>
 <frame number="00000028"/>
 <frame number="00000029"/>
 <frame number="00000030"/>
 <frame number="00000031"/>
 <frame number="00000032"/>
 <frame number="00000033"/>
 <frame number="00000034"/>
 <frame number="00000035"/>
 <frame number="00000036"/>
 <frame number="00000037"/>
 <frame number="00000038"/>
 <frame number="00000039"/>
 <frame number="00000040"/>
 <frame number="00000041"/>
 <frame number="00000042"/>
 <frame number="00000043"/>
 <frame number="00000044"/>
 <frame number="00000045"/>
 <frame number="00000046"/>
 <frame number="00000047"/>
 <frame number="00000048"/>
 <frame number="00000049"/>
 <frame number="00000050"/>
 <frame number="00000051"/>
 <frame number="00000052"/>
 <frame number="00000053"/>
 <frame number="00000054"/>
 <frame number="00000055"/>
 <frame number="00000056"/>
 <frame number="00000057"/>
 <frame number="00000058"/>
 <frame number="00000059"/>
 <frame number="00000060"/>
 <frame number="00000061"/>
 <frame number="00000062"/>
 <frame number="00000063"/>
 <frame number="00000064"/>
 <frame number="00000065"/>
 <frame number="00000066"/>
 <frame number="00000067"/>
 <frame number="00000068"/>
 <frame number="00000069"/>
 <frame number="00000070"/>
 <frame number="00000071"/>
 <frame number="00000072"/>
 <frame number="00000073"/>
 <frame number="00000074"/>
 <frame number="00000075"/>
 <frame number="00000076"/>
 <frame number="00000077"/>
 <frame number="00000078"/>
 <frame number="00000079"/>
 <frame number="00000080"/>
 <frame number="00000081"/>
 <frame number="00000082"/>
 <frame number="00000083"/>
 <frame number="00000084"/>
 <frame number="00000085"/>
 <frame number="00000086"/>
 <frame number="00000087"/>
 <frame number="00000088"/>
 <frame number="00000089"/>
 <frame number="00000090"/>
 <frame number="00000091"/>
 <frame number="00000092"/>
 <frame number="00000093"/>
 <frame number="00000094"/>
 <frame number="00000095"/>
 <frame number="00000096"/>
 <frame number="00000097"/>
 <frame number="00000098"/>
 <frame number="00000099"/>
 <frame number="00000188"/>
 <frame number="00000189"/>
 <frame number="00000190"/>
 <frame number="00000191"/>
 <frame number="00000192"/>
 <frame number="00000193"/>
 <frame number="00000194"/>
 <frame number="00000195"/>
 <frame number="00000196"/>
 <frame number="00000197"/>
 <frame number="00000198"/>
 <frame number="00000199"/>
 <frame number="00000200"/>
 <frame number="00000201"/>
 <frame number="00000202"/>
 <frame number="00000203"/>
 <frame number="00000204"/>
 <frame number="00000205"/>
 <frame number="00000206"/>
 <frame number="00000207"/>
 <frame number="00000208"/>
 <frame number="00000209"/>
 <frame number="00000210"/>
 <frame number="00000211"/>
 <frame number="00000212"/>
 <frame number="00000213"/>
 <frame number="00000214"/>
 <frame number="00000215"/>
 <frame number="00000216"/>
 <frame number="00000217"/>
 <frame number="00000218"/>
 <frame number="00000219"/>
 <frame number="00000220"/>
 <frame number="00000221"/>
 <frame number="00000222"/>
 <frame number="00000223"/>
 <frame number="00000224"/>
 <frame number="00000225"/>
 <frame number="00000226"/>
 <frame number="00000227"/>
 <frame number="00000228"/>
 <frame number="00000229"/>
 <frame number="00000230"/>
 <frame number="00000231"/>
 <frame number="00000232"/>
 <frame number="00000233"/>
 <frame number="00000234"/>
 <frame number="00000235"/>
 <frame number="00000236"/>
 <frame number="00000237"/>
 <frame number="00000238"/>
 <frame number="00000239"/>
 <frame number="00000240"/>
 <frame number="00000241"/>
 <frame number="00000242"/>
 <frame number="00000243"/>
 <frame number="00000244"/>
 <frame number="00000245"/>
 <frame number="00000246"/>
 <frame number="00000247"/>
 <frame number="00000248"/>
 <frame number="00000249"/>
 <frame number="00000250"/>
 <frame number="00000251"/>
 <frame number="00000252"/>
 <frame number="00000253"/>
 <frame number="00000254"/>
 <frame number="00000255"/>
 <frame number="00000256"/>
 <frame number="00000257"/>
 <frame number="00000258"/>
 <frame number="00000259"/>
 <frame number="00000260"/>
 <frame number="00000261"/>
 <frame number="00000262"/>
 <frame number="00000263"/>
 <frame number="00000264"/>
 <frame number="00000265"/>
 <frame number="00000266"/>
 <frame number="00000267"/>
 <frame number="00000268"/>
 <frame number="00000269"/>
 <frame number="00000270">
  <person id="0003">
   <leftEye x="631" y="180"/>
   <rightEye x="647" y="180"/>
  </person>
 </frame>
 <frame number="00000271">
  <person id="0003">
   <leftEye x="634" y="181"/>
   <rightEye x="650" y="181"/>
  </person>
 </frame>
 <frame number="00000272">
  <person id="0003">
   <leftEye x="637" y="181"/>
   <rightEye x="652" y="181"/>
  </person>
 </frame>
 <frame number="00000273">
  <person id="0003">
   <leftEye x="640" y="181"/>
   <rightEye x="654" y="181"/>
  </person>
 </frame>
 <frame number="00000274">
  <person id="0003">
   <leftEye x="642" y="181"/>
   <rightEye x="656" y="181"/>
  </person>
 </frame>
 <frame number="00000275">
  <person id="0003">
   <leftEye x="643" y="180"/>
   <rightEye x="658" y="180"/>
  </person>
 </frame>
 <frame number="00000276">
  <person id="0003">
   <leftEye x="645" y="180"/>
   <rightEye x="660" y="180"/>
  </person>
 </frame>
 <frame number="00000277">
  <person id="0003">
   <leftEye x="647" y="180"/>
   <rightEye x="663" y="180"/>
  </person>
 </frame>
 <frame number="00000278">
  <person id="0003">
   <leftEye x="649" y="181"/>
   <rightEye x="665" y="181"/>
  </person>
 </frame>
 <frame number="00000279">
  <person id="0003">
   <leftEye x="651" y="182"/>
   <rightEye x="667" y="182"/>
  </person>
 </frame>
 <frame number="00000280">
  <person id="0003">
   <leftEye x="653" y="184"/>
   <rightEye x="669" y="184"/>
  </person>
 </frame>
 <frame number="00000281">
  <person id="0003">
   <leftEye x="655" y="186"/>
   <rightEye x="672" y="186"/>
  </person>
 </frame>
 <frame number="00000282">
  <person id="0003">
   <leftEye x="658" y="189"/>
   <rightEye x="674" y="189"/>
  </person>
 </frame>
 <frame number="00000283">
  <person id="0003">
   <leftEye x="661" y="192"/>
   <rightEye x="676" y="192"/>
  </person>
 </frame>
 <frame number="00000284">
  <person id="0003">
   <leftEye x="663" y="195"/>
   <rightEye x="678" y="195"/>
  </person>
 </frame>
 <frame number="00000285">
  <person id="0003">
   <leftEye x="665" y="197"/>
   <rightEye x="681" y="197"/>
  </person>
 </frame>
 <frame number="00000286">
  <person id="0003">
   <leftEye x="667" y="198"/>
   <rightEye x="683" y="198"/>
  </person>
 </frame>
 <frame number="00000287">
  <person id="0003">
   <leftEye x="669" y="199"/>
   <rightEye x="685" y="199"/>
  </person>
 </frame>
 <frame number="00000288">
  <person id="0003">
   <leftEye x="672" y="199"/>
   <rightEye x="688" y="199"/>
  </person>
 </frame>
 <frame number="00000289">
  <person id="0003">
   <leftEye x="675" y="199"/>
   <rightEye x="691" y="199"/>
  </person>
 </frame>
 <frame number="00000290">
  <person id="0003">
   <leftEye x="678" y="199"/>
   <rightEye x="694" y="199"/>
  </person>
 </frame>
 <frame number="00000291">
  <person id="0003">
   <leftEye x="681" y="199"/>
   <rightEye x="698" y="199"/>
  </person>
 </frame>
 <frame number="00000292">
  <person id="0003">
   <leftEye x="685" y="200"/>
   <rightEye x="702" y="200"/>
  </person>
 </frame>
 <frame number="00000293">
  <person id="0003">
   <leftEye x="689" y="202"/>
   <rightEye x="706" y="202"/>
  </person>
 </frame>
 <frame number="00000294">
  <person id="0003">
   <leftEye x="693" y="204"/>
   <rightEye x="710" y="204"/>
  </person>
 </frame>
 <frame number="00000295">
  <person id="0003">
   <leftEye x="697" y="207"/>
   <rightEye x="714" y="207"/>
  </person>
 </frame>
 <frame number="00000296">
  <person id="0003">
   <leftEye x="701" y="210"/>
   <rightEye x="718" y="210"/>
  </person>
 </frame>
 <frame number="00000297">
  <person id="0003">
   <leftEye x="705" y="214"/>
   <rightEye x="723" y="214"/>
  </person>
 </frame>
 <frame number="00000298">
  <person id="0003">
   <leftEye x="709" y="217"/>
   <rightEye x="728" y="217"/>
  </person>
 </frame>
 <frame number="00000299">
  <person id="0003">
   <leftEye x="714" y="220"/>
   <rightEye x="733" y="220"/>
  </person>
 </frame>
 <frame number="00000300">
  <person id="0003">
   <leftEye x="719" y="223"/>
   <rightEye x="738" y="223"/>
  </person>
 </frame>
 <frame number="00000301">
  <person id="0003">
   <leftEye x="724" y="225"/>
   <rightEye x="743" y="225"/>
  </person>
 </frame>
 <frame number="00000302">
  <person id="0003">
   <leftEye x="728" y="226"/>
   <rightEye x="748" y="226"/>
  </person>
 </frame>
 <frame number="00000303">
  <person id="0003">
   <leftEye x="733" y="226"/>
   <rightEye x="753" y="226"/>
  </person>
 </frame>
 <frame number="00000304">
  <person id="0003">
   <leftEye x="738" y="226"/>
   <rightEye x="758" y="226"/>
  </person>
 </frame>
 <frame number="00000305">
  <person id="0003">
   <leftEye x="743" y="227"/>
   <rightEye x="763" y="227"/>
  </person>
 </frame>
 <frame number="00000306">
  <person id="0003">
   <leftEye x="748" y="228"/>
   <rightEye x="769" y="228"/>
  </person>
 </frame>
 <frame number="00000307">
  <person id="0003">
   <leftEye x="752" y="230"/>
   <rightEye x="774" y="230"/>
  </person>
 </frame>
 <frame number="00000308">
  <person id="0003">
   <leftEye x="757" y="232"/>
   <rightEye x="779" y="232"/>
  </person>
 </frame>
 <frame number="00000309">
  <person id="0003">
   <leftEye x="763" y="235"/>
   <rightEye x="784" y="235"/>
  </person>
 </frame>
 <frame number="00000310">
  <person id="0003">
   <leftEye x="768" y="239"/>
   <rightEye x="789" y="239"/>
  </person>
 </frame>
 <frame number="00000311">
  <person id="0003">
   <leftEye x="774" y="244"/>
   <rightEye x="795" y="244"/>
  </person>
 </frame>
 <frame number="00000312"/>
 <frame number="00000313"/>
 <frame number="00000314"/>
 <frame number="00000315"/>
 <frame number="00000316"/>
 <frame number="00000317"/>
 <frame number="00000318"/>
 <frame number="00000319"/>
 <frame number="00000320"/>
 <frame number="00000321"/>
 <frame number="00000322"/>
 <frame number="00000323"/>
 <frame number="00000324"/>
 <frame number="00000325"/>
 <frame number="00000326"/>
 <frame number="00000327"/>
 <frame number="00000328"/>
 <frame number="00000329"/>
 <frame number="00000330"/>
 <frame number="00000331"/>
 <frame number="00000332"/>
 <frame number="00000333"/>
 <frame number="00000334"/>
 <frame number="00000335"/>
 <frame number="00000336"/>
 <frame number="00000337"/>
 <frame number="00000338"/>
 <frame number="00000339"/>
 <frame number="00000340"/>
 <frame number="00000341"/>
 <frame number="00000342"/>
 <frame number="00000343"/>
 <frame number="00000344"/>
 <frame number="00000345"/>
 <frame number="00000346"/>
 <frame number="00000347"/>
 <frame number="00000348"/>
 <frame number="00000349"/>
 <frame number="00000350"/>
 <frame number="00000351"/>
 <frame number="00000352"/>
 <frame number="00000353"/>
 <frame number="00000354"/>
 <frame number="00000355"/>
 <frame number="00000356"/>
 <frame number="00000357"/>
 <frame number="00000358"/>
 <frame number="00000419"/>
 <frame number="00000420"/>
 <frame number="00000421"/>
 <frame number="00000422"/>
 <frame number="00000423"/>
 <frame number="00000424"/>
 <frame number="00000425"/>
 <frame number="00000426"/>
 <frame number="00000427"/>
 <frame number="00000428"/>
 <frame number="00000429"/>
 <frame number="00000430"/>
 <frame number="00000431"/>
 <frame number="00000432"/>
 <frame number="00000433"/>
 <frame number="00000434"/>
 <frame number="00000435"/>
 <frame number="00000436"/>
 <frame number="00000437"/>
 <frame number="00000438"/>
 <frame number="00000439"/>
 <frame number="00000440"/>
 <frame number="00000441"/>
 <frame number="00000442"/>
 <frame number="00000443"/>
 <frame number="00000444"/>
 <frame number="00000445"/>
 <frame number="00000446"/>
 <frame number="00000447"/>
 <frame number="00000448"/>
 <frame number="00000449"/>
 <frame number="00000450"/>
 <frame number="00000451"/>
 <frame number="00000452"/>
 <frame number="00000453"/>
 <frame number="00000454"/>
 <frame number="00000455"/>
 <frame number="00000456"/>
 <frame number="00000457"/>
 <frame number="00000458"/>
 <frame number="00000459"/>
 <frame number="00000460"/>
 <frame number="00000461"/>
 <frame number="00000462"/>
 <frame number="00000463"/>
 <frame number="00000464"/>
 <frame number="00000465"/>
 <frame number="00000466"/>
 <frame number="00000467"/>
 <frame number="00000468"/>
 <frame number="00000469"/>
 <frame number="00000470"/>
 <frame number="00000471"/>
 <frame number="00000472"/>
 <frame number="00000473"/>
 <frame number="00000474"/>
 <frame number="00000475"/>
 <frame number="00000476"/>
 <frame number="00000477"/>
 <frame number="00000478"/>
 <frame number="00000479"/>
 <frame number="00000480"/>
 <frame number="00000481"/>
 <frame number="00000482"/>
 <frame number="00000483"/>
 <frame number="00000484"/>
 <frame number="00000485"/>
 <frame number="00000486"/>
 <frame number="00000487"/>
 <frame number="00000488"/>
 <frame number="00000489"/>
 <frame number="00000490"/>
 <frame number="00000491"/>
 <frame number="00000492"/>
 <frame number="00000493"/>
 <frame number="00000494"/>
 <frame number="00000495"/>
 <frame number="00000496"/>
 <frame number="00000497"/>
 <frame number="00000498"/>
 <frame number="00000499"/>
 <frame number="00000500"/>
 <frame number="00000501">
  <person id="0015">
   <leftEye x="661" y="158"/>
   <rightEye x="677" y="158"/>
  </person>
 </frame>
 <frame number="00000502">
  <person id="0015">
   <leftEye x="665" y="160"/>
   <rightEye x="680" y="160"/>
  </person>
 </frame>
 <frame number="00000503">
  <person id="0015">
   <leftEye x="669" y="163"/>
   <rightEye x="684" y="163"/>
  </person>
 </frame>
 <frame number="00000504">
  <person id="0015">
   <leftEye x="673" y="166"/>
   <rightEye x="688" y="166"/>
  </person>
 </frame>
 <frame number="00000505">
  <person id="0015">
   <leftEye x="677" y="170"/>
   <rightEye x="693" y="170"/>
  </person>
 </frame>
 <frame number="00000506">
  <person id="0015">
   <leftEye x="682" y="173"/>
   <rightEye x="697" y="173"/>
  </person>
 </frame>
 <frame number="00000507">
  <person id="0015">
   <leftEye x="687" y="175"/>
   <rightEye x="702" y="175"/>
  </person>
 </frame>
 <frame number="00000508">
  <person id="0015">
   <leftEye x="692" y="177"/>
   <rightEye x="707" y="177"/>
  </person>
 </frame>
 <frame number="00000509">
  <person id="0015">
   <leftEye x="696" y="177"/>
   <rightEye x="713" y="177"/>
  </person>
 </frame>
 <frame number="00000510">
  <person id="0015">
   <leftEye x="700" y="177"/>
   <rightEye x="717" y="177"/>
  </person>
 </frame>
 <frame number="00000511">
  <person id="0015">
   <leftEye x="705" y="177"/>
   <rightEye x="722" y="177"/>
  </person>
 </frame>
 <frame number="00000512">
  <person id="0015">
   <leftEye x="710" y="177"/>
   <rightEye x="726" y="177"/>
  </person>
 </frame>
 <frame number="00000513">
  <person id="0015">
   <leftEye x="715" y="177"/>
   <rightEye x="730" y="177"/>
  </person>
 </frame>
 <frame number="00000514">
  <person id="0015">
   <leftEye x="718" y="177"/>
   <rightEye x="734" y="177"/>
  </person>
 </frame>
 <frame number="00000515">
  <person id="0015">
   <leftEye x="721" y="177"/>
   <rightEye x="738" y="177"/>
  </person>
 </frame>
 <frame number="00000516">
  <person id="0015">
   <leftEye x="725" y="178"/>
   <rightEye x="741" y="178"/>
  </person>
 </frame>
 <frame number="00000517">
  <person id="0015">
   <leftEye x="729" y="180"/>
   <rightEye x="745" y="180"/>
  </person>
 </frame>
 <frame number="00000518">
  <person id="0015">
   <leftEye x="732" y="183"/>
   <rightEye x="749" y="183"/>
  </person>
 </frame>
 <frame number="00000519">
  <person id="0015">
   <leftEye x="734" y="187"/>
   <rightEye x="753" y="187"/>
  </person>
 </frame>
 <frame number="00000520">
  <person id="0015">
   <leftEye x="737" y="191"/>
   <rightEye x="757" y="191"/>
  </person>
 </frame>
 <frame number="00000521">
  <person id="0015">
   <leftEye x="742" y="194"/>
   <rightEye x="761" y="194"/>
  </person>
 </frame>
 <frame number="00000522">
  <person id="0015">
   <leftEye x="747" y="198"/>
   <rightEye x="766" y="198"/>
  </person>
 </frame>
 <frame number="00000523">
  <person id="0015">
   <leftEye x="751" y="201"/>
   <rightEye x="770" y="201"/>
  </person>
 </frame>
 <frame number="00000524">
  <person id="0015">
   <leftEye x="755" y="203"/>
   <rightEye x="775" y="203"/>
  </person>
 </frame>
 <frame number="00000525">
  <person id="0015">
   <leftEye x="761" y="203"/>
   <rightEye x="781" y="203"/>
  </person>
 </frame>
 <frame number="00000526">
  <person id="0015">
   <leftEye x="767" y="203"/>
   <rightEye x="787" y="203"/>
  </person>
 </frame>
 <frame number="00000527">
  <person id="0015">
   <leftEye x="774" y="203"/>
   <rightEye x="794" y="203"/>
  </person>
 </frame>
 <frame number="00000528"/>
 <frame number="00000529"/>
 <frame number="00000530"/>
 <frame number="00000531"/>
 <frame number="00000532"/>
 <frame number="00000533"/>
 <frame number="00000534"/>
 <frame number="00000535"/>
 <frame number="00000536"/>
 <frame number="00000537"/>
 <frame number="00000538"/>
 <frame number="00000539"/>
 <frame number="00000540"/>
 <frame number="00000541"/>
 <frame number="00000542"/>
 <frame number="00000543"/>
 <frame number="00000544"/>
 <frame number="00000545"/>
 <frame number="00000546"/>
 <frame number="00000547"/>
 <frame number="00000548"/>
 <frame number="00000549"/>
 <frame number="00000550"/>
 <frame number="00000551"/>
 <frame number="00000552"/>
 <frame number="00000553"/>
 <frame number="00000554"/>
 <frame number="00000555"/>
 <frame number="00000556"/>
 <frame number="00000557"/>
 <frame number="00000558"/>
 <frame number="00000559"/>
 <frame number="00000560"/>
 <frame number="00000561"/>
 <frame number="00000562"/>
 <frame number="00000563"/>
 <frame number="00000564"/>
 <frame number="00000565"/>
 <frame number="00000566"/>
 <frame number="00000567"/>
 <frame number="00000568"/>
 <frame number="00000569"/>
 <frame number="00000570"/>
 <frame number="00000571"/>
 <frame number="00000572"/>
 <frame number="00000644"/>
 <frame number="00000645"/>
 <frame number="00000646"/>
 <frame number="00000647"/>
 <frame number="00000648"/>
 <frame number="00000649"/>
 <frame number="00000650"/>
 <frame number="00000651"/>
 <frame number="00000652"/>
 <frame number="00000653"/>
 <frame number="00000654"/>
 <frame number="00000655"/>
 <frame number="00000656"/>
 <frame number="00000657"/>
 <frame number="00000658"/>
 <frame number="00000659"/>
 <frame number="00000660"/>
 <frame number="00000661"/>
 <frame number="00000662"/>
 <frame number="00000663"/>
 <frame number="00000664"/>
 <frame number="00000665"/>
 <frame number="00000666"/>
 <frame number="00000667"/>
 <frame number="00000668"/>
 <frame number="00000669"/>
 <frame number="00000670"/>
 <frame number="00000671"/>
 <frame number="00000672"/>
 <frame number="00000673"/>
 <frame number="00000674"/>
 <frame number="00000675"/>
 <frame number="00000676"/>
 <frame number="00000677"/>
 <frame number="00000678"/>
 <frame number="00000679"/>
 <frame number="00000680"/>
 <frame number="00000681"/>
 <frame number="00000682"/>
 <frame number="00000683"/>
 <frame number="00000684"/>
 <frame number="00000685"/>
 <frame number="00000686"/>
 <frame number="00000687"/>
 <frame number="00000688"/>
 <frame number="00000689"/>
 <frame number="00000690"/>
 <frame number="00000691"/>
 <frame number="00000692"/>
 <frame number="00000693"/>
 <frame number="00000694"/>
 <frame number="00000695"/>
 <frame number="00000696"/>
 <frame number="00000697"/>
 <frame number="00000698"/>
 <frame number="00000699"/>
 <frame number="00000700"/>
 <frame number="00000701"/>
 <frame number="00000702"/>
 <frame number="00000703"/>
 <frame number="00000704"/>
 <frame number="00000705"/>
 <frame number="00000706"/>
 <frame number="00000707"/>
 <frame number="00000708"/>
 <frame number="00000709"/>
 <frame number="00000710"/>
 <frame number="00000711"/>
 <frame number="00000712"/>
 <frame number="00000713"/>
 <frame number="00000714"/>
 <frame number="00000715"/>
 <frame number="00000716"/>
 <frame number="00000717"/>
 <frame number="00000718">
  <person id="0021">
   <leftEye x="611" y="161"/>
   <rightEye x="627" y="161"/>
  </person>
 </frame>
 <frame number="00000719">
  <person id="0021">
   <leftEye x="615" y="160"/>
   <rightEye x="630" y="160"/>
  </person>
 </frame>
 <frame number="00000720">
  <person id="0021">
   <leftEye x="618" y="159"/>
   <rightEye x="633" y="159"/>
  </person>
 </frame>
 <frame number="00000721">
  <person id="0021">
   <leftEye x="620" y="158"/>
   <rightEye x="636" y="158"/>
  </person>
 </frame>
 <frame number="00000722">
  <person id="0021">
   <leftEye x="622" y="158"/>
   <rightEye x="639" y="158"/>
  </person>
 </frame>
 <frame number="00000723">
  <person id="0021">
   <leftEye x="625" y="159"/>
   <rightEye x="642" y="159"/>
  </person>
 </frame>
 <frame number="00000724">
  <person id="0021">
   <leftEye x="628" y="162"/>
   <rightEye x="645" y="162"/>
  </person>
 </frame>
 <frame number="00000725">
  <person id="0021">
   <leftEye x="632" y="165"/>
   <rightEye x="648" y="165"/>
  </person>
 </frame>
 <frame number="00000726">
  <person id="0021">
   <leftEye x="636" y="168"/>
   <rightEye x="652" y="168"/>
  </person>
 </frame>
 <frame number="00000727">
  <person id="0021">
   <leftEye x="640" y="172"/>
   <rightEye x="656" y="172"/>
  </person>
 </frame>
 <frame number="00000728">
  <person id="0021">
   <leftEye x="644" y="175"/>
   <rightEye x="661" y="175"/>
  </person>
 </frame>
 <frame number="00000729">
  <person id="0021">
   <leftEye x="649" y="177"/>
   <rightEye x="666" y="177"/>
  </person>
 </frame>
 <frame number="00000730">
  <person id="0021">
   <leftEye x="654" y="179"/>
   <rightEye x="671" y="179"/>
  </person>
 </frame>
 <frame number="00000731">
  <person id="0021">
   <leftEye x="659" y="180"/>
   <rightEye x="676" y="180"/>
  </person>
 </frame>
 <frame number="00000732">
  <person id="0021">
   <leftEye x="665" y="180"/>
   <rightEye x="681" y="180"/>
  </person>
 </frame>
 <frame number="00000733">
  <person id="0021">
   <leftEye x="670" y="180"/>
   <rightEye x="686" y="180"/>
  </person>
 </frame>
 <frame number="00000734">
  <person id="0021">
   <leftEye x="674" y="180"/>
   <rightEye x="691" y="180"/>
  </person>
 </frame>
 <frame number="00000735">
  <person id="0021">
   <leftEye x="678" y="178"/>
   <rightEye x="695" y="179"/>
  </person>
 </frame>
 <frame number="00000736">
  <person id="0021">
   <leftEye x="682" y="177"/>
   <rightEye x="699" y="178"/>
  </person>
 </frame>
 <frame number="00000737">
  <person id="0021">
   <leftEye x="685" y="176"/>
   <rightEye x="703" y="177"/>
  </person>
 </frame>
 <frame number="00000738">
  <person id="0021">
   <leftEye x="689" y="176"/>
   <rightEye x="707" y="177"/>
  </person>
 </frame>
 <frame number="00000739">
  <person id="0021">
   <leftEye x="692" y="178"/>
   <rightEye x="711" y="178"/>
  </person>
 </frame>
 <frame number="00000740">
  <person id="0021">
   <leftEye x="696" y="180"/>
   <rightEye x="714" y="181"/>
  </person>
 </frame>
 <frame number="00000741">
  <person id="0021">
   <leftEye x="699" y="184"/>
   <rightEye x="717" y="185"/>
  </person>
 </frame>
 <frame number="00000742">
  <person id="0021">
   <leftEye x="702" y="189"/>
   <rightEye x="721" y="189"/>
  </person>
 </frame>
 <frame number="00000743">
  <person id="0021">
   <leftEye x="706" y="194"/>
   <rightEye x="725" y="194"/>
  </person>
 </frame>
 <frame number="00000744">
  <person id="0021">
   <leftEye x="710" y="199"/>
   <rightEye x="729" y="199"/>
  </person>
 </frame>
 <frame number="00000745">
  <person id="0021">
   <leftEye x="713" y="203"/>
   <rightEye x="733" y="203"/>
  </person>
 </frame>
 <frame number="00000746">
  <person id="0021">
   <leftEye x="717" y="205"/>
   <rightEye x="737" y="205"/>
  </person>
 </frame>
 <frame number="00000747">
  <person id="0021">
   <leftEye x="721" y="206"/>
   <rightEye x="741" y="206"/>
  </person>
 </frame>
 <frame number="00000748">
  <person id="0021">
   <leftEye x="725" y="207"/>
   <rightEye x="746" y="207"/>
  </person>
 </frame>
 <frame number="00000749">
  <person id="0021">
   <leftEye x="730" y="207"/>
   <rightEye x="751" y="207"/>
  </person>
 </frame>
 <frame number="00000750">
  <person id="0021">
   <leftEye x="735" y="207"/>
   <rightEye x="757" y="207"/>
  </person>
 </frame>
 <frame number="00000751">
  <person id="0021">
   <leftEye x="742" y="207"/>
   <rightEye x="764" y="207"/>
  </person>
 </frame>
 <frame number="00000752">
  <person id="0021">
   <leftEye x="749" y="206"/>
   <rightEye x="771" y="206"/>
  </person>
 </frame>
 <frame number="00000753">
  <person id="0021">
   <leftEye x="757" y="206"/>
   <rightEye x="779" y="206"/>
  </person>
 </frame>
 <frame number="00000754">
  <person id="0021">
   <leftEye x="765" y="208"/>
   <rightEye x="787" y="208"/>
  </person>
 </frame>
 <frame number="00000755">
  <person id="0021">
   <leftEye x="774" y="211"/>
   <rightEye x="796" y="211"/>
  </person>
 </frame>
 <frame number="00000756"/>
 <frame number="00000757"/>
 <frame number="00000758"/>
 <frame number="00000759"/>
 <frame number="00000760"/>
 <frame number="00000761"/>
 <frame number="00000762"/>
 <frame number="00000763"/>
 <frame number="00000764"/>
 <frame number="00000765"/>
 <frame number="00000766"/>
 <frame number="00000767"/>
 <frame number="00000768"/>
 <frame number="00000769"/>
 <frame number="00000770"/>
 <frame number="00000771"/>
 <frame number="00000772"/>
 <frame number="00000773"/>
 <frame number="00000774"/>
 <frame number="00000775"/>
 <frame number="00000776"/>
 <frame number="00000777"/>
 <frame number="00000778"/>
 <frame number="00000779"/>
 <frame number="00000780"/>
 <frame number="00000781"/>
 <frame number="00000782"/>
 <frame number="00000783"/>
 <frame number="00000784"/>
 <frame number="00000785"/>
 <frame number="00000786"/>
 <frame number="00000787"/>
 <frame number="00000788"/>
 <frame number="00000789"/>
 <frame number="00000790"/>
 <frame number="00000791"/>
 <frame number="00000792"/>
 <frame number="00000793"/>
 <frame number="00000794"/>
 <frame number="00000795"/>
 <frame number="00000796"/>
 <frame number="00000797"/>
 <frame number="00000798"/>
 <frame number="00000799"/>
 <frame number="00000800"/>
 <frame number="00000801"/>
 <frame number="00000802"/>
 <frame number="00000803"/>
 <frame number="00000804"/>
 <frame number="00000805"/>
 <frame number="00000806"/>
 <frame number="00000807"/>
 <frame number="00000808"/>
 <frame number="00000809"/>
 <frame number="00000810"/>
 <frame number="00000811"/>
 <frame number="00000812"/>
 <frame number="00000813"/>
 <frame number="00000814"/>
 <frame number="00000815"/>
 <frame number="00000816"/>
 <frame number="00000817"/>
 <frame number="00000818"/>
 <frame number="00000819"/>
 <frame number="00000820"/>
 <frame number="00000821"/>
 <frame number="00000822"/>
 <frame number="00000823"/>
 <frame number="00000824"/>
 <frame number="00000825"/>
 <frame number="00000826"/>
 <frame number="00000827"/>
 <frame number="00000828"/>
 <frame number="00000829"/>
 <frame number="00000830"/>
 <frame number="00000831"/>
 <frame number="00000832"/>
 <frame number="00000833"/>
 <frame number="00000834"/>
 <frame number="00000835"/>
 <frame number="00000836"/>
 <frame number="00000837"/>
 <frame number="00000838"/>
 <frame number="00000839"/>
 <frame number="00000840"/>
 <frame number="00000841"/>
 <frame number="00000842"/>
 <frame number="00000843"/>
 <frame number="00000844"/>
 <frame number="00000845"/>
 <frame number="00000846"/>
 <frame number="00000847"/>
 <frame number="00000848"/>
 <frame number="00000849"/>
 <frame number="00000850"/>
 <frame number="00000851"/>
 <frame number="00000852"/>
 <frame number="00000853"/>
 <frame number="00000854"/>
 <frame number="00000855"/>
 <frame number="00000856"/>
 <frame number="00000857"/>
 <frame number="00000858"/>
 <frame number="00000859"/>
 <frame number="00000860"/>
 <frame number="00000861"/>
 <frame number="00000862"/>
 <frame number="00000863"/>
 <frame number="00000864"/>
 <frame number="00000865"/>
 <frame number="00000866"/>
 <frame number="00000867"/>
 <frame number="00000868"/>
 <frame number="00000869"/>
 <frame number="00000870"/>
 <frame number="00000871"/>
 <frame number="00000872"/>
 <frame number="00000873"/>
 <frame number="00000874"/>
 <frame number="00000875"/>
 <frame number="00000876"/>
 <frame number="00000877"/>
 <frame number="00000878"/>
 <frame number="00000879"/>
 <frame number="00000880"/>
 <frame number="00000881"/>
 <frame number="00000882"/>
 <frame number="00000883"/>
 <frame number="00000884"/>
 <frame number="00000885"/>
 <frame number="00000886"/>
 <frame number="00000887"/>
 <frame number="00000888"/>
 <frame number="00000889"/>
 <frame number="00000890"/>
 <frame number="00000891"/>
 <frame number="00000892"/>
 <frame number="00000893"/>
 <frame number="00000894"/>
 <frame number="00000895"/>
 <frame number="00000896"/>
 <frame number="00000897"/>
 <frame number="00000898"/>
 <frame number="00000899"/>
 <frame number="00000900"/>
 <frame number="00000901"/>
 <frame number="00000902"/>
 <frame number="00000903"/>
 <frame number="00000904"/>
 <frame number="00000905"/>
 <frame number="00000906"/>
 <frame number="00000907"/>
 <frame number="00000908"/>
 <frame number="00000909"/>
 <frame number="00000910"/>
 <frame number="00000911"/>
 <frame number="00000912"/>
 <frame number="00000913"/>
 <frame number="00000914"/>
 <frame number="00000915"/>
 <frame number="00000916"/>
 <frame number="00000917"/>
 <frame number="00000918"/>
 <frame number="00000919"/>
 <frame number="00000920"/>
 <frame number="00000921"/>
 <frame number="00000922"/>
 <frame number="00000923"/>
 <frame number="00000924"/>
 <frame number="00000925"/>
 <frame number="00000926"/>
 <frame number="00000927"/>
 <frame number="00000928"/>
 <frame number="00000929"/>
 <frame number="00000930"/>
 <frame number="00000931"/>
 <frame number="00000932"/>
 <frame number="00000933"/>
 <frame number="00000934">
  <person id="0022">
   <leftEye x="627" y="178"/>
   <rightEye x="643" y="178"/>
  </person>
 </frame>
 <frame number="00000935">
  <person id="0022">
   <leftEye x="630" y="178"/>
   <rightEye x="646" y="178"/>
  </person>
 </frame>
 <frame number="00000936">
  <person id="0022">
   <leftEye x="633" y="179"/>
   <rightEye x="649" y="179"/>
  </person>
 </frame>
 <frame number="00000937">
  <person id="0022">
   <leftEye x="635" y="181"/>
   <rightEye x="651" y="181"/>
  </person>
 </frame>
 <frame number="00000938">
  <person id="0022">
   <leftEye x="638" y="184"/>
   <rightEye x="654" y="184"/>
  </person>
 </frame>
 <frame number="00000939">
  <person id="0022">
   <leftEye x="641" y="188"/>
   <rightEye x="657" y="188"/>
  </person>
 </frame>
 <frame number="00000940">
  <person id="0022">
   <leftEye x="642" y="191"/>
   <rightEye x="658" y="191"/>
  </person>
 </frame>
 <frame number="00000941">
  <person id="0022">
   <leftEye x="644" y="195"/>
   <rightEye x="660" y="195"/>
  </person>
 </frame>
 <frame number="00000942">
  <person id="0022">
   <leftEye x="646" y="198"/>
   <rightEye x="662" y="198"/>
  </person>
 </frame>
 <frame number="00000943">
  <person id="0022">
   <leftEye x="648" y="201"/>
   <rightEye x="664" y="201"/>
  </person>
 </frame>
 <frame number="00000944">
  <person id="0022">
   <leftEye x="650" y="202"/>
   <rightEye x="666" y="202"/>
  </person>
 </frame>
 <frame number="00000945">
  <person id="0022">
   <leftEye x="652" y="203"/>
   <rightEye x="668" y="203"/>
  </person>
 </frame>
 <frame number="00000946">
  <person id="0022">
   <leftEye x="654" y="203"/>
   <rightEye x="671" y="203"/>
  </person>
 </frame>
 <frame number="00000947">
  <person id="0022">
   <leftEye x="657" y="203"/>
   <rightEye x="674" y="203"/>
  </person>
 </frame>
 <frame number="00000948">
  <person id="0022">
   <leftEye x="661" y="202"/>
   <rightEye x="678" y="202"/>
  </person>
 </frame>
 <frame number="00000949">
  <person id="0022">
   <leftEye x="665" y="202"/>
   <rightEye x="682" y="202"/>
  </person>
 </frame>
 <frame number="00000950">
  <person id="0022">
   <leftEye x="669" y="202"/>
   <rightEye x="687" y="202"/>
  </person>
 </frame>
 <frame number="00000951">
  <person id="0022">
   <leftEye x="674" y="202"/>
   <rightEye x="693" y="202"/>
  </person>
 </frame>
 <frame number="00000952">
  <person id="0022">
   <leftEye x="679" y="203"/>
   <rightEye x="699" y="203"/>
  </person>
 </frame>
 <frame number="00000953">
  <person id="0022">
   <leftEye x="685" y="207"/>
   <rightEye x="704" y="206"/>
  </person>
 </frame>
 <frame number="00000954">
  <person id="0022">
   <leftEye x="691" y="212"/>
   <rightEye x="709" y="211"/>
  </person>
 </frame>
 <frame number="00000955">
  <person id="0022">
   <leftEye x="697" y="217"/>
   <rightEye x="716" y="217"/>
  </person>
 </frame>
 <frame number="00000956">
  <person id="0022">
   <leftEye x="704" y="223"/>
   <rightEye x="724" y="223"/>
  </person>
 </frame>
 <frame number="00000957">
  <person id="0022">
   <leftEye x="711" y="228"/>
   <rightEye x="731" y="228"/>
  </person>
 </frame>
 <frame number="00000958">
  <person id="0022">
   <leftEye x="718" y="232"/>
   <rightEye x="738" y="232"/>
  </person>
 </frame>
 <frame number="00000959">
  <person id="0022">
   <leftEye x="726" y="236"/>
   <rightEye x="747" y="236"/>
  </person>
 </frame>
 <frame number="00000960">
  <person id="0022">
   <leftEye x="735" y="238"/>
   <rightEye x="757" y="238"/>
  </person>
 </frame>
 <frame number="00000961">
  <person id="0022">
   <leftEye x="744" y="239"/>
   <rightEye x="766" y="239"/>
  </person>
 </frame>
 <frame number="00000962">
  <person id="0022">
   <leftEye x="753" y="240"/>
   <rightEye x="775" y="240"/>
  </person>
 </frame>
 <frame number="00000963">
  <person id="0022">
   <leftEye x="761" y="240"/>
   <rightEye x="784" y="241"/>
  </person>
 </frame>
 <frame number="00000964">
  <person id="0022">
   <leftEye x="770" y="241"/>
   <rightEye x="793" y="242"/>
  </person>
 </frame>
 <frame number="00000965"/>
 <frame number="00000966"/>
 <frame number="00000967"/>
 <frame number="00000968"/>
 <frame number="00000969"/>
 <frame number="00000970"/>
 <frame number="00000971"/>
 <frame number="00000972"/>
 <frame number="00000973"/>
 <frame number="00000974"/>
 <frame number="00000975"/>
 <frame number="00000976"/>
 <frame number="00000977"/>
 <frame number="00000978"/>
 <frame number="00000979"/>
 <frame number="00000980"/>
 <frame number="00000981"/>
 <frame number="00000982"/>
 <frame number="00000983"/>
 <frame number="00000984"/>
 <frame number="00000985"/>
 <frame number="00000986"/>
 <frame number="00000987"/>
 <frame number="00000988"/>
 <frame number="00000989"/>
 <frame number="00000990"/>
 <frame number="00000991"/>
 <frame number="00000992"/>
 <frame number="00000993"/>
 <frame number="00000994"/>
 <frame number="00000995"/>
 <frame number="00000996"/>
 <frame number="00000997"/>
 <frame number="00000998"/>
 <frame number="00000999"/>
 <frame number="00001000"/>
 <frame number="00001001"/>
 <frame number="00001002"/>
 <frame number="00001003"/>
 <frame number="00001004"/>
</dataset>
