<!DOCTYPE GroundTruth>
<dataset name="P2L_S2_C3">
 <frame number="00000000"/>
 <frame number="00000001"/>
 <frame number="00000002"/>
 <frame number="00000003"/>
 <frame number="00000004"/>
 <frame number="00000005"/>
 <frame number="00000006"/>
 <frame number="00000007"/>
 <frame number="00000008"/>
 <frame number="00000009"/>
 <frame number="00000010"/>
 <frame number="00000011"/>
 <frame number="00000012"/>
 <frame number="00000013"/>
 <frame number="00000014"/>
 <frame number="00000015"/>
 <frame number="00000016"/>
 <frame number="00000017"/>
 <frame number="00000018"/>
 <frame number="00000019"/>
 <frame number="00000020"/>
 <frame number="00000021"/>
 <frame number="00000022"/>
 <frame number="00000023"/>
 <frame number="00000024"/>
 <frame number="00000025"/>
 <frame number="00000026"/>
 <frame number="00000027"/>
 <frame number="00000028"/>
 <frame number="00000029"/>
 <frame number="00000030"/>
 <frame number="00000031"/>
 <frame number="00000032"/>
 <frame number="00000033"/>
 <frame number="00000034"/>
 <frame number="00000035"/>
 <frame number="00000036"/>
 <frame number="00000037"/>
 <frame number="00000038"/>
 <frame number="00000039"/>
 <frame number="00000040"/>
 <frame number="00000041"/>
 <frame number="00000042"/>
 <frame number="00000043"/>
 <frame number="00000044"/>
 <frame number="00000045"/>
 <frame number="00000046"/>
 <frame number="00000047"/>
 <frame number="00000048"/>
 <frame number="00000049"/>
 <frame number="00000050"/>
 <frame number="00000051"/>
 <frame number="00000052"/>
 <frame number="00000053"/>
 <frame number="00000054"/>
 <frame number="00000055"/>
 <frame number="00000056"/>
 <frame number="00000057"/>
 <frame number="00000058"/>
 <frame number="00000059"/>
 <frame number="00000060"/>
 <frame number="00000061"/>
 <frame number="00000062"/>
 <frame number="00000063"/>
 <frame number="00000064"/>
 <frame number="00000065"/>
 <frame number="00000066"/>
 <frame number="00000067"/>
 <frame number="00000068"/>
 <frame number="00000069"/>
 <frame number="00000070"/>
 <frame number="00000071"/>
 <frame number="00000072"/>
 <frame number="00000073"/>
 <frame number="00000074"/>
 <frame number="00000075"/>
 <frame number="00000076"/>
 <frame number="00000077"/>
 <frame number="00000078"/>
 <frame number="00000079"/>
 <frame number="00000080"/>
 <frame number="00000081"/>
 <frame number="00000082"/>
 <frame number="00000083"/>
 <frame number="00000084"/>
 <frame number="00000085"/>
 <frame number="00000086"/>
 <frame number="00000087"/>
 <frame number="00000088"/>
 <frame number="00000089"/>
 <frame number="00000090"/>
 <frame number="00000091"/>
 <frame number="00000092"/>
 <frame number="00000093"/>
 <frame number="00000094"/>
 <frame number="00000095"/>
 <frame number="00000096"/>
 <frame number="00000097"/>
 <frame number="00000098"/>
 <frame number="00000099"/>
 <frame number="00000156"/>
 <frame number="00000157"/>
 <frame number="00000158"/>
 <frame number="00000159"/>
 <frame number="00000160"/>
 <frame number="00000161"/>
 <frame number="00000162"/>
 <frame number="00000163"/>
 <frame number="00000164"/>
 <frame number="00000165"/>
 <frame number="00000166"/>
 <frame number="00000167"/>
 <frame number="00000168"/>
 <frame number="00000169"/>
 <frame number="00000170"/>
 <frame number="00000171"/>
 <frame number="00000172"/>
 <frame number="00000173"/>
 <frame number="00000174"/>
 <frame number="00000175"/>
 <frame number="00000176"/>
 <frame number="00000177"/>
 <frame number="00000178"/>
 <frame number="00000179"/>
 <frame number="00000180"/>
 <frame number="00000181"/>
 <frame number="00000182"/>
 <frame number="00000183"/>
 <frame number="00000184"/>
 <frame number="00000185"/>
 <frame number="00000186"/>
 <frame number="00000187"/>
 <frame number="00000188"/>
 <frame number="00000189"/>
 <frame number="00000190"/>
 <frame number="00000191"/>
 <frame number="00000192"/>
 <frame number="00000193"/>
 <frame number="00000194"/>
 <frame number="00000195"/>
 <frame number="00000196"/>
 <frame number="00000197"/>
 <frame number="00000198"/>
 <frame number="00000199"/>
 <frame number="00000200"/>
 <frame number="00000201"/>
 <frame number="00000202"/>
 <frame number="00000203"/>
 <frame number="00000204"/>
 <frame number="00000205"/>
 <frame number="00000206"/>
 <frame number="00000207"/>
 <frame number="00000208"/>
 <frame number="00000209"/>
 <frame number="00000210"/>
 <frame number="00000211"/>
 <frame number="00000212"/>
 <frame number="00000213"/>
 <frame number="00000214"/>
 <frame number="00000215"/>
 <frame number="00000216"/>
 <frame number="00000217"/>
 <frame number="00000218"/>
 <frame number="00000219"/>
 <frame number="00000220"/>
 <frame number="00000221"/>
 <frame number="00000222"/>
 <frame number="00000223"/>
 <frame number="00000224"/>
 <frame number="00000225"/>
 <frame number="00000226"/>
 <frame number="00000227"/>
 <frame number="00000228"/>
 <frame number="00000229"/>
 <frame number="00000230"/>
 <frame number="00000231"/>
 <frame number="00000232"/>
 <frame number="00000233"/>
 <frame number="00000234">
  <person id="0022">
   <leftEye x="532" y="177"/>
   <rightEye x="548" y="178"/>
  </person>
 </frame>
 <frame number="00000235">
  <person id="0022">
   <leftEye x="533" y="180"/>
   <rightEye x="550" y="180"/>
  </person>
 </frame>
 <frame number="00000236">
  <person id="0022">
   <leftEye x="535" y="182"/>
   <rightEye x="552" y="182"/>
  </person>
 </frame>
 <frame number="00000237">
  <person id="0022">
   <leftEye x="537" y="183"/>
   <rightEye x="554" y="183"/>
  </person>
 </frame>
 <frame number="00000238">
  <person id="0022">
   <leftEye x="539" y="183"/>
   <rightEye x="556" y="183"/>
  </person>
 </frame>
 <frame number="00000239">
  <person id="0022">
   <leftEye x="541" y="183"/>
   <rightEye x="559" y="183"/>
  </person>
 </frame>
 <frame number="00000240">
  <person id="0022">
   <leftEye x="544" y="182"/>
   <rightEye x="561" y="182"/>
  </person>
 </frame>
 <frame number="00000241">
  <person id="0022">
   <leftEye x="546" y="181"/>
   <rightEye x="563" y="181"/>
  </person>
 </frame>
 <frame number="00000242">
  <person id="0022">
   <leftEye x="548" y="180"/>
   <rightEye x="565" y="180"/>
  </person>
 </frame>
 <frame number="00000243">
  <person id="0022">
   <leftEye x="550" y="180"/>
   <rightEye x="567" y="180"/>
  </person>
 </frame>
 <frame number="00000244">
  <person id="0022">
   <leftEye x="552" y="180"/>
   <rightEye x="569" y="180"/>
  </person>
 </frame>
 <frame number="00000245">
  <person id="0022">
   <leftEye x="553" y="181"/>
   <rightEye x="571" y="181"/>
  </person>
 </frame>
 <frame number="00000246">
  <person id="0022">
   <leftEye x="554" y="183"/>
   <rightEye x="573" y="183"/>
  </person>
 </frame>
 <frame number="00000247">
  <person id="0022">
   <leftEye x="556" y="187"/>
   <rightEye x="575" y="187"/>
  </person>
 </frame>
 <frame number="00000248">
  <person id="0022">
   <leftEye x="558" y="192"/>
   <rightEye x="576" y="192"/>
  </person>
 </frame>
 <frame number="00000249">
  <person id="0022">
   <leftEye x="559" y="198"/>
   <rightEye x="577" y="197"/>
  </person>
 </frame>
 <frame number="00000250">
  <person id="0022">
   <leftEye x="560" y="203"/>
   <rightEye x="578" y="202"/>
  </person>
 </frame>
 <frame number="00000251">
  <person id="0022">
   <leftEye x="561" y="207"/>
   <rightEye x="580" y="206"/>
  </person>
 </frame>
 <frame number="00000252">
  <person id="0022">
   <leftEye x="562" y="210"/>
   <rightEye x="581" y="209"/>
  </person>
 </frame>
 <frame number="00000253">
  <person id="0022">
   <leftEye x="563" y="212"/>
   <rightEye x="582" y="210"/>
  </person>
 </frame>
 <frame number="00000254">
  <person id="0022">
   <leftEye x="563" y="212"/>
   <rightEye x="583" y="211"/>
  </person>
 </frame>
 <frame number="00000255">
  <person id="0022">
   <leftEye x="564" y="212"/>
   <rightEye x="585" y="212"/>
  </person>
 </frame>
 <frame number="00000256">
  <person id="0022">
   <leftEye x="566" y="212"/>
   <rightEye x="587" y="211"/>
  </person>
 </frame>
 <frame number="00000257">
  <person id="0022">
   <leftEye x="569" y="211"/>
   <rightEye x="589" y="211"/>
  </person>
 </frame>
 <frame number="00000258">
  <person id="0022">
   <leftEye x="571" y="211"/>
   <rightEye x="591" y="211"/>
  </person>
 </frame>
 <frame number="00000259">
  <person id="0022">
   <leftEye x="574" y="211"/>
   <rightEye x="594" y="211"/>
  </person>
 </frame>
 <frame number="00000260">
  <person id="0022">
   <leftEye x="577" y="213"/>
   <rightEye x="597" y="212"/>
  </person>
 </frame>
 <frame number="00000261">
  <person id="0022">
   <leftEye x="580" y="215"/>
   <rightEye x="601" y="215"/>
  </person>
 </frame>
 <frame number="00000262">
  <person id="0022">
   <leftEye x="584" y="220"/>
   <rightEye x="606" y="219"/>
  </person>
 </frame>
 <frame number="00000263">
  <person id="0022">
   <leftEye x="588" y="227"/>
   <rightEye x="610" y="226"/>
  </person>
 </frame>
 <frame number="00000264">
  <person id="0022">
   <leftEye x="592" y="235"/>
   <rightEye x="614" y="235"/>
  </person>
 </frame>
 <frame number="00000265">
  <person id="0022">
   <leftEye x="596" y="244"/>
   <rightEye x="619" y="244"/>
  </person>
 </frame>
 <frame number="00000266">
  <person id="0022">
   <leftEye x="601" y="252"/>
   <rightEye x="624" y="252"/>
  </person>
 </frame>
 <frame number="00000267">
  <person id="0022">
   <leftEye x="607" y="258"/>
   <rightEye x="630" y="258"/>
  </person>
 </frame>
 <frame number="00000268">
  <person id="0022">
   <leftEye x="613" y="263"/>
   <rightEye x="637" y="263"/>
  </person>
 </frame>
 <frame number="00000269">
  <person id="0022">
   <leftEye x="619" y="266"/>
   <rightEye x="644" y="265"/>
  </person>
 </frame>
 <frame number="00000270">
  <person id="0022">
   <leftEye x="625" y="266"/>
   <rightEye x="652" y="266"/>
  </person>
 </frame>
 <frame number="00000271">
  <person id="0022">
   <leftEye x="631" y="266"/>
   <rightEye x="659" y="266"/>
  </person>
 </frame>
 <frame number="00000272">
  <person id="0022">
   <leftEye x="637" y="266"/>
   <rightEye x="666" y="265"/>
  </person>
 </frame>
 <frame number="00000273">
  <person id="0022">
   <leftEye x="643" y="266"/>
   <rightEye x="672" y="265"/>
  </person>
 </frame>
 <frame number="00000274">
  <person id="0022">
   <leftEye x="648" y="266"/>
   <rightEye x="677" y="265"/>
  </person>
 </frame>
 <frame number="00000275">
  <person id="0022">
   <leftEye x="652" y="267"/>
   <rightEye x="682" y="267"/>
  </person>
 </frame>
 <frame number="00000276">
  <person id="0022">
   <leftEye x="657" y="271"/>
   <rightEye x="688" y="271"/>
  </person>
 </frame>
 <frame number="00000277">
  <person id="0022">
   <leftEye x="661" y="278"/>
   <rightEye x="693" y="277"/>
  </person>
 </frame>
 <frame number="00000278">
  <person id="0022">
   <leftEye x="665" y="288"/>
   <rightEye x="698" y="287"/>
  </person>
 </frame>
 <frame number="00000279">
  <person id="0022">
   <leftEye x="667" y="296"/>
   <rightEye x="701" y="294"/>
  </person>
 </frame>
 <frame number="00000280">
  <person id="0022">
   <leftEye x="669" y="303"/>
   <rightEye x="703" y="301"/>
  </person>
 </frame>
 <frame number="00000281">
  <person id="0022">
   <leftEye x="672" y="315"/>
   <rightEye x="707" y="313"/>
  </person>
 </frame>
 <frame number="00000282">
  <person id="0022">
   <leftEye x="675" y="327"/>
   <rightEye x="711" y="325"/>
  </person>
 </frame>
 <frame number="00000283">
  <person id="0022">
   <leftEye x="678" y="338"/>
   <rightEye x="715" y="335"/>
  </person>
 </frame>
 <frame number="00000284">
  <person id="0022">
   <leftEye x="682" y="348"/>
   <rightEye x="721" y="344"/>
  </person>
 </frame>
 <frame number="00000285">
  <person id="0022">
   <leftEye x="687" y="356"/>
   <rightEye x="727" y="352"/>
  </person>
 </frame>
 <frame number="00000286">
  <person id="0022">
   <leftEye x="693" y="363"/>
   <rightEye x="733" y="360"/>
  </person>
 </frame>
 <frame number="00000287">
  <person id="0022">
   <leftEye x="699" y="370"/>
   <rightEye x="740" y="367"/>
  </person>
 </frame>
 <frame number="00000288">
  <person id="0022">
   <leftEye x="706" y="377"/>
   <rightEye x="749" y="373"/>
  </person>
 </frame>
 <frame number="00000289">
  <person id="0022">
   <leftEye x="715" y="383"/>
   <rightEye x="760" y="378"/>
  </person>
 </frame>
 <frame number="00000290">
  <person id="0022">
   <leftEye x="726" y="390"/>
   <rightEye x="773" y="384"/>
  </person>
 </frame>
 <frame number="00000291">
  <person id="0022">
   <leftEye x="738" y="398"/>
   <rightEye x="786" y="391"/>
  </person>
 </frame>
 <frame number="00000292"/>
 <frame number="00000293"/>
 <frame number="00000294"/>
 <frame number="00000295"/>
 <frame number="00000296"/>
 <frame number="00000297"/>
 <frame number="00000298"/>
 <frame number="00000299"/>
 <frame number="00000300"/>
 <frame number="00000301"/>
 <frame number="00000302"/>
 <frame number="00000303"/>
 <frame number="00000304"/>
 <frame number="00000305"/>
 <frame number="00000306"/>
 <frame number="00000307"/>
 <frame number="00000308"/>
 <frame number="00000309"/>
 <frame number="00000310"/>
 <frame number="00000311"/>
 <frame number="00000312"/>
 <frame number="00000313"/>
 <frame number="00000314"/>
 <frame number="00000315"/>
 <frame number="00000316"/>
 <frame number="00000317"/>
 <frame number="00000318"/>
 <frame number="00000319"/>
 <frame number="00000320"/>
 <frame number="00000321"/>
 <frame number="00000322"/>
 <frame number="00000323"/>
 <frame number="00000324"/>
 <frame number="00000325"/>
 <frame number="00000326"/>
 <frame number="00000327"/>
 <frame number="00000328"/>
 <frame number="00000329"/>
 <frame number="00000330"/>
 <frame number="00000331"/>
 <frame number="00000332"/>
 <frame number="00000333"/>
 <frame number="00000334"/>
 <frame number="00000335"/>
 <frame number="00000336"/>
 <frame number="00000337"/>
 <frame number="00000338"/>
 <frame number="00000339"/>
 <frame number="00000340"/>
 <frame number="00000341"/>
 <frame number="00000342"/>
 <frame number="00000343"/>
 <frame number="00000344"/>
 <frame number="00000345"/>
 <frame number="00000346"/>
 <frame number="00000347"/>
 <frame number="00000348"/>
 <frame number="00000349"/>
 <frame number="00000350"/>
 <frame number="00000351"/>
 <frame number="00000352"/>
 <frame number="00000353"/>
 <frame number="00000354"/>
 <frame number="00000355"/>
 <frame number="00000356"/>
 <frame number="00000357"/>
 <frame number="00000358"/>
 <frame number="00000359"/>
 <frame number="00000360"/>
 <frame number="00000361"/>
 <frame number="00000362"/>
 <frame number="00000363"/>
 <frame number="00000364"/>
 <frame number="00000365"/>
 <frame number="00000366"/>
 <frame number="00000367"/>
 <frame number="00000368"/>
 <frame number="00000369"/>
 <frame number="00000370"/>
 <frame number="00000371"/>
 <frame number="00000372"/>
 <frame number="00000373"/>
 <frame number="00000374"/>
 <frame number="00000375"/>
 <frame number="00000376"/>
 <frame number="00000377"/>
 <frame number="00000378"/>
 <frame number="00000379"/>
 <frame number="00000380"/>
 <frame number="00000381"/>
 <frame number="00000382"/>
 <frame number="00000383"/>
 <frame number="00000384"/>
 <frame number="00000385"/>
 <frame number="00000386"/>
 <frame number="00000387"/>
 <frame number="00000388"/>
 <frame number="00000389"/>
 <frame number="00000390"/>
 <frame number="00000391"/>
 <frame number="00000392"/>
 <frame number="00000393"/>
 <frame number="00000394"/>
 <frame number="00000395"/>
 <frame number="00000396"/>
 <frame number="00000397"/>
 <frame number="00000398"/>
 <frame number="00000399"/>
 <frame number="00000400"/>
 <frame number="00000401"/>
 <frame number="00000402"/>
 <frame number="00000403"/>
 <frame number="00000404"/>
 <frame number="00000405"/>
 <frame number="00000406"/>
 <frame number="00000407"/>
 <frame number="00000408"/>
 <frame number="00000409"/>
 <frame number="00000410"/>
 <frame number="00000411"/>
 <frame number="00000412"/>
 <frame number="00000413"/>
 <frame number="00000414"/>
 <frame number="00000415"/>
 <frame number="00000416"/>
 <frame number="00000417"/>
 <frame number="00000418"/>
 <frame number="00000419"/>
 <frame number="00000420"/>
 <frame number="00000421"/>
 <frame number="00000422"/>
 <frame number="00000423"/>
 <frame number="00000424"/>
 <frame number="00000425"/>
 <frame number="00000426"/>
 <frame number="00000427"/>
 <frame number="00000428"/>
 <frame number="00000429"/>
 <frame number="00000430"/>
 <frame number="00000431"/>
 <frame number="00000432"/>
 <frame number="00000433"/>
 <frame number="00000434"/>
 <frame number="00000435"/>
 <frame number="00000436"/>
 <frame number="00000437"/>
 <frame number="00000438"/>
 <frame number="00000439"/>
 <frame number="00000440"/>
 <frame number="00000441"/>
 <frame number="00000442"/>
 <frame number="00000443"/>
 <frame number="00000444"/>
 <frame number="00000445"/>
 <frame number="00000446"/>
 <frame number="00000447"/>
 <frame number="00000448"/>
 <frame number="00000449"/>
 <frame number="00000450"/>
 <frame number="00000451"/>
 <frame number="00000452"/>
 <frame number="00000453"/>
 <frame number="00000454"/>
 <frame number="00000455"/>
 <frame number="00000456"/>
 <frame number="00000457"/>
 <frame number="00000458"/>
 <frame number="00000459"/>
 <frame number="00000460"/>
 <frame number="00000461"/>
 <frame number="00000462"/>
 <frame number="00000463"/>
 <frame number="00000464"/>
 <frame number="00000465"/>
 <frame number="00000466"/>
 <frame number="00000467"/>
 <frame number="00000468"/>
 <frame number="00000469"/>
 <frame number="00000470"/>
 <frame number="00000471"/>
 <frame number="00000472"/>
 <frame number="00000473"/>
 <frame number="00000474"/>
 <frame number="00000475"/>
 <frame number="00000476"/>
 <frame number="00000477"/>
 <frame number="00000478"/>
 <frame number="00000479"/>
 <frame number="00000480"/>
 <frame number="00000481"/>
 <frame number="00000482"/>
 <frame number="00000483"/>
 <frame number="00000484"/>
 <frame number="00000485">
  <person id="0021">
   <leftEye x="527" y="154"/>
   <rightEye x="543" y="154"/>
  </person>
 </frame>
 <frame number="00000486">
  <person id="0021">
   <leftEye x="527" y="157"/>
   <rightEye x="543" y="157"/>
  </person>
 </frame>
 <frame number="00000487">
  <person id="0021">
   <leftEye x="527" y="160"/>
   <rightEye x="543" y="160"/>
  </person>
 </frame>
 <frame number="00000488">
  <person id="0021">
   <leftEye x="527" y="162"/>
   <rightEye x="543" y="162"/>
  </person>
 </frame>
 <frame number="00000489">
  <person id="0021">
   <leftEye x="527" y="164"/>
   <rightEye x="543" y="164"/>
  </person>
 </frame>
 <frame number="00000490">
  <person id="0021">
   <leftEye x="527" y="164"/>
   <rightEye x="543" y="164"/>
  </person>
 </frame>
 <frame number="00000491">
  <person id="0021">
   <leftEye x="527" y="164"/>
   <rightEye x="543" y="164"/>
  </person>
 </frame>
 <frame number="00000492">
  <person id="0021">
   <leftEye x="527" y="164"/>
   <rightEye x="543" y="164"/>
  </person>
 </frame>
 <frame number="00000493">
  <person id="0021">
   <leftEye x="528" y="164"/>
   <rightEye x="545" y="164"/>
  </person>
 </frame>
 <frame number="00000494">
  <person id="0021">
   <leftEye x="529" y="164"/>
   <rightEye x="547" y="164"/>
  </person>
 </frame>
 <frame number="00000495">
  <person id="0021">
   <leftEye x="531" y="163"/>
   <rightEye x="548" y="163"/>
  </person>
 </frame>
 <frame number="00000496">
  <person id="0021">
   <leftEye x="533" y="163"/>
   <rightEye x="550" y="163"/>
  </person>
 </frame>
 <frame number="00000497">
  <person id="0021">
   <leftEye x="535" y="163"/>
   <rightEye x="553" y="163"/>
  </person>
 </frame>
 <frame number="00000498">
  <person id="0021">
   <leftEye x="538" y="165"/>
   <rightEye x="556" y="165"/>
  </person>
 </frame>
 <frame number="00000499">
  <person id="0021">
   <leftEye x="540" y="168"/>
   <rightEye x="559" y="168"/>
  </person>
 </frame>
 <frame number="00000500">
  <person id="0021">
   <leftEye x="543" y="172"/>
   <rightEye x="562" y="172"/>
  </person>
 </frame>
 <frame number="00000501">
  <person id="0021">
   <leftEye x="546" y="176"/>
   <rightEye x="565" y="176"/>
  </person>
 </frame>
 <frame number="00000502">
  <person id="0021">
   <leftEye x="550" y="180"/>
   <rightEye x="569" y="180"/>
  </person>
 </frame>
 <frame number="00000503">
  <person id="0021">
   <leftEye x="555" y="184"/>
   <rightEye x="574" y="184"/>
  </person>
 </frame>
 <frame number="00000504">
  <person id="0021">
   <leftEye x="559" y="187"/>
   <rightEye x="579" y="187"/>
  </person>
 </frame>
 <frame number="00000505">
  <person id="0021">
   <leftEye x="564" y="189"/>
   <rightEye x="584" y="189"/>
  </person>
 </frame>
 <frame number="00000506">
  <person id="0021">
   <leftEye x="570" y="190"/>
   <rightEye x="589" y="190"/>
  </person>
 </frame>
 <frame number="00000507">
  <person id="0021">
   <leftEye x="574" y="190"/>
   <rightEye x="594" y="190"/>
  </person>
 </frame>
 <frame number="00000508">
  <person id="0021">
   <leftEye x="578" y="189"/>
   <rightEye x="598" y="189"/>
  </person>
 </frame>
 <frame number="00000509">
  <person id="0021">
   <leftEye x="581" y="187"/>
   <rightEye x="602" y="187"/>
  </person>
 </frame>
 <frame number="00000510">
  <person id="0021">
   <leftEye x="583" y="185"/>
   <rightEye x="604" y="185"/>
  </person>
 </frame>
 <frame number="00000511">
  <person id="0021">
   <leftEye x="584" y="184"/>
   <rightEye x="606" y="184"/>
  </person>
 </frame>
 <frame number="00000512">
  <person id="0021">
   <leftEye x="586" y="183"/>
   <rightEye x="609" y="183"/>
  </person>
 </frame>
 <frame number="00000513">
  <person id="0021">
   <leftEye x="589" y="184"/>
   <rightEye x="612" y="184"/>
  </person>
 </frame>
 <frame number="00000514">
  <person id="0021">
   <leftEye x="593" y="187"/>
   <rightEye x="615" y="187"/>
  </person>
 </frame>
 <frame number="00000515">
  <person id="0021">
   <leftEye x="595" y="189"/>
   <rightEye x="617" y="190"/>
  </person>
 </frame>
 <frame number="00000516">
  <person id="0021">
   <leftEye x="596" y="192"/>
   <rightEye x="619" y="193"/>
  </person>
 </frame>
 <frame number="00000517">
  <person id="0021">
   <leftEye x="598" y="197"/>
   <rightEye x="621" y="198"/>
  </person>
 </frame>
 <frame number="00000518">
  <person id="0021">
   <leftEye x="600" y="204"/>
   <rightEye x="623" y="204"/>
  </person>
 </frame>
 <frame number="00000519">
  <person id="0021">
   <leftEye x="602" y="210"/>
   <rightEye x="625" y="210"/>
  </person>
 </frame>
 <frame number="00000520">
  <person id="0021">
   <leftEye x="603" y="215"/>
   <rightEye x="627" y="215"/>
  </person>
 </frame>
 <frame number="00000521">
  <person id="0021">
   <leftEye x="605" y="219"/>
   <rightEye x="629" y="219"/>
  </person>
 </frame>
 <frame number="00000522">
  <person id="0021">
   <leftEye x="607" y="221"/>
   <rightEye x="632" y="221"/>
  </person>
 </frame>
 <frame number="00000523">
  <person id="0021">
   <leftEye x="609" y="222"/>
   <rightEye x="635" y="223"/>
  </person>
 </frame>
 <frame number="00000524">
  <person id="0021">
   <leftEye x="612" y="223"/>
   <rightEye x="638" y="224"/>
  </person>
 </frame>
 <frame number="00000525">
  <person id="0021">
   <leftEye x="615" y="223"/>
   <rightEye x="642" y="223"/>
  </person>
 </frame>
 <frame number="00000526">
  <person id="0021">
   <leftEye x="619" y="222"/>
   <rightEye x="647" y="222"/>
  </person>
 </frame>
 <frame number="00000527">
  <person id="0021">
   <leftEye x="625" y="221"/>
   <rightEye x="653" y="221"/>
  </person>
 </frame>
 <frame number="00000528">
  <person id="0021">
   <leftEye x="631" y="221"/>
   <rightEye x="660" y="221"/>
  </person>
 </frame>
 <frame number="00000529">
  <person id="0021">
   <leftEye x="637" y="223"/>
   <rightEye x="668" y="223"/>
  </person>
 </frame>
 <frame number="00000530">
  <person id="0021">
   <leftEye x="644" y="227"/>
   <rightEye x="675" y="227"/>
  </person>
 </frame>
 <frame number="00000531">
  <person id="0021">
   <leftEye x="652" y="233"/>
   <rightEye x="683" y="234"/>
  </person>
 </frame>
 <frame number="00000532">
  <person id="0021">
   <leftEye x="660" y="242"/>
   <rightEye x="692" y="243"/>
  </person>
 </frame>
 <frame number="00000533">
  <person id="0021">
   <leftEye x="668" y="252"/>
   <rightEye x="701" y="252"/>
  </person>
 </frame>
 <frame number="00000534">
  <person id="0021">
   <leftEye x="678" y="263"/>
   <rightEye x="712" y="263"/>
  </person>
 </frame>
 <frame number="00000535">
  <person id="0021">
   <leftEye x="689" y="273"/>
   <rightEye x="725" y="273"/>
  </person>
 </frame>
 <frame number="00000536">
  <person id="0021">
   <leftEye x="701" y="282"/>
   <rightEye x="738" y="282"/>
  </person>
 </frame>
 <frame number="00000537">
  <person id="0021">
   <leftEye x="715" y="289"/>
   <rightEye x="752" y="289"/>
  </person>
 </frame>
 <frame number="00000538">
  <person id="0021">
   <leftEye x="729" y="294"/>
   <rightEye x="767" y="295"/>
  </person>
 </frame>
 <frame number="00000539">
  <person id="0021">
   <leftEye x="745" y="300"/>
   <rightEye x="783" y="301"/>
  </person>
 </frame>
 <frame number="00000540"/>
 <frame number="00000541"/>
 <frame number="00000542"/>
 <frame number="00000543"/>
 <frame number="00000544"/>
 <frame number="00000545"/>
 <frame number="00000546"/>
 <frame number="00000547"/>
 <frame number="00000548"/>
 <frame number="00000549"/>
 <frame number="00000550"/>
 <frame number="00000551"/>
 <frame number="00000552"/>
 <frame number="00000553"/>
 <frame number="00000554"/>
 <frame number="00000555"/>
 <frame number="00000556"/>
 <frame number="00000557"/>
 <frame number="00000558"/>
 <frame number="00000559"/>
 <frame number="00000560"/>
 <frame number="00000561"/>
 <frame number="00000562"/>
 <frame number="00000563"/>
 <frame number="00000564"/>
 <frame number="00000565"/>
 <frame number="00000566"/>
 <frame number="00000567"/>
 <frame number="00000568"/>
 <frame number="00000569"/>
 <frame number="00000570"/>
 <frame number="00000571"/>
 <frame number="00000572"/>
 <frame number="00000573"/>
 <frame number="00000574"/>
 <frame number="00000575"/>
 <frame number="00000576"/>
 <frame number="00000577"/>
 <frame number="00000578"/>
 <frame number="00000579"/>
 <frame number="00000580"/>
 <frame number="00000581"/>
 <frame number="00000582"/>
 <frame number="00000583"/>
 <frame number="00000584"/>
 <frame number="00000585"/>
 <frame number="00000586"/>
 <frame number="00000587"/>
 <frame number="00000588"/>
 <frame number="00000589"/>
 <frame number="00000590"/>
 <frame number="00000591"/>
 <frame number="00000592"/>
 <frame number="00000593"/>
 <frame number="00000594"/>
 <frame number="00000595"/>
 <frame number="00000596"/>
 <frame number="00000597"/>
 <frame number="00000598"/>
 <frame number="00000599"/>
 <frame number="00000600"/>
 <frame number="00000601"/>
 <frame number="00000602"/>
 <frame number="00000603"/>
 <frame number="00000604"/>
 <frame number="00000605"/>
 <frame number="00000606"/>
 <frame number="00000607"/>
 <frame number="00000608"/>
 <frame number="00000609"/>
 <frame number="00000610"/>
 <frame number="00000611"/>
 <frame number="00000612"/>
 <frame number="00000613"/>
 <frame number="00000614"/>
 <frame number="00000615"/>
 <frame number="00000616"/>
 <frame number="00000617"/>
 <frame number="00000618"/>
 <frame number="00000619"/>
 <frame number="00000620"/>
 <frame number="00000621"/>
 <frame number="00000622"/>
 <frame number="00000623"/>
 <frame number="00000624"/>
 <frame number="00000625"/>
 <frame number="00000626"/>
 <frame number="00000627"/>
 <frame number="00000628"/>
 <frame number="00000629"/>
 <frame number="00000630"/>
 <frame number="00000631"/>
 <frame number="00000632"/>
 <frame number="00000633"/>
 <frame number="00000634"/>
 <frame number="00000635"/>
 <frame number="00000636"/>
 <frame number="00000637"/>
 <frame number="00000638"/>
 <frame number="00000639"/>
 <frame number="00000640"/>
 <frame number="00000641"/>
 <frame number="00000642"/>
 <frame number="00000643"/>
 <frame number="00000644"/>
 <frame number="00000645"/>
 <frame number="00000646"/>
 <frame number="00000647"/>
 <frame number="00000648"/>
 <frame number="00000649"/>
 <frame number="00000650"/>
 <frame number="00000651"/>
 <frame number="00000652"/>
 <frame number="00000653"/>
 <frame number="00000654"/>
 <frame number="00000655"/>
 <frame number="00000656"/>
 <frame number="00000657"/>
 <frame number="00000658"/>
 <frame number="00000659"/>
 <frame number="00000660"/>
 <frame number="00000661"/>
 <frame number="00000662"/>
 <frame number="00000663"/>
 <frame number="00000664"/>
 <frame number="00000665"/>
 <frame number="00000666"/>
 <frame number="00000667"/>
 <frame number="00000668"/>
 <frame number="00000669"/>
 <frame number="00000670"/>
 <frame number="00000671"/>
 <frame number="00000672"/>
 <frame number="00000673"/>
 <frame number="00000674"/>
 <frame number="00000675"/>
 <frame number="00000676"/>
 <frame number="00000677"/>
 <frame number="00000678"/>
 <frame number="00000679"/>
 <frame number="00000680"/>
 <frame number="00000681"/>
 <frame number="00000682"/>
 <frame number="00000683"/>
 <frame number="00000684"/>
 <frame number="00000685"/>
 <frame number="00000686"/>
 <frame number="00000687"/>
 <frame number="00000688"/>
 <frame number="00000689"/>
 <frame number="00000690"/>
 <frame number="00000691"/>
 <frame number="00000692"/>
 <frame number="00000693"/>
 <frame number="00000694"/>
 <frame number="00000695"/>
 <frame number="00000696"/>
 <frame number="00000697"/>
 <frame number="00000698"/>
 <frame number="00000699"/>
 <frame number="00000700"/>
 <frame number="00000701"/>
 <frame number="00000702"/>
 <frame number="00000703">
  <person id="0015">
   <leftEye x="542" y="149"/>
   <rightEye x="558" y="148"/>
  </person>
 </frame>
 <frame number="00000704">
  <person id="0015">
   <leftEye x="544" y="152"/>
   <rightEye x="560" y="151"/>
  </person>
 </frame>
 <frame number="00000705">
  <person id="0015">
   <leftEye x="546" y="155"/>
   <rightEye x="562" y="154"/>
  </person>
 </frame>
 <frame number="00000706">
  <person id="0015">
   <leftEye x="548" y="158"/>
   <rightEye x="564" y="157"/>
  </person>
 </frame>
 <frame number="00000707">
  <person id="0015">
   <leftEye x="550" y="161"/>
   <rightEye x="566" y="160"/>
  </person>
 </frame>
 <frame number="00000708">
  <person id="0015">
   <leftEye x="552" y="162"/>
   <rightEye x="568" y="162"/>
  </person>
 </frame>
 <frame number="00000709">
  <person id="0015">
   <leftEye x="554" y="163"/>
   <rightEye x="570" y="163"/>
  </person>
 </frame>
 <frame number="00000710">
  <person id="0015">
   <leftEye x="557" y="163"/>
   <rightEye x="573" y="163"/>
  </person>
 </frame>
 <frame number="00000711">
  <person id="0015">
   <leftEye x="560" y="162"/>
   <rightEye x="576" y="162"/>
  </person>
 </frame>
 <frame number="00000712">
  <person id="0015">
   <leftEye x="563" y="161"/>
   <rightEye x="579" y="160"/>
  </person>
 </frame>
 <frame number="00000713">
  <person id="0015">
   <leftEye x="566" y="159"/>
   <rightEye x="583" y="159"/>
  </person>
 </frame>
 <frame number="00000714">
  <person id="0015">
   <leftEye x="570" y="158"/>
   <rightEye x="587" y="158"/>
  </person>
 </frame>
 <frame number="00000715">
  <person id="0015">
   <leftEye x="574" y="158"/>
   <rightEye x="591" y="158"/>
  </person>
 </frame>
 <frame number="00000716">
  <person id="0015">
   <leftEye x="578" y="159"/>
   <rightEye x="595" y="159"/>
  </person>
 </frame>
 <frame number="00000717">
  <person id="0015">
   <leftEye x="582" y="162"/>
   <rightEye x="600" y="162"/>
  </person>
 </frame>
 <frame number="00000718">
  <person id="0015">
   <leftEye x="586" y="166"/>
   <rightEye x="605" y="166"/>
  </person>
 </frame>
 <frame number="00000719">
  <person id="0015">
   <leftEye x="591" y="170"/>
   <rightEye x="609" y="170"/>
  </person>
 </frame>
 <frame number="00000720">
  <person id="0015">
   <leftEye x="595" y="175"/>
   <rightEye x="613" y="174"/>
  </person>
 </frame>
 <frame number="00000721">
  <person id="0015">
   <leftEye x="600" y="179"/>
   <rightEye x="618" y="178"/>
  </person>
 </frame>
 <frame number="00000722">
  <person id="0015">
   <leftEye x="605" y="182"/>
   <rightEye x="623" y="182"/>
  </person>
 </frame>
 <frame number="00000723">
  <person id="0015">
   <leftEye x="610" y="184"/>
   <rightEye x="628" y="184"/>
  </person>
 </frame>
 <frame number="00000724">
  <person id="0015">
   <leftEye x="615" y="185"/>
   <rightEye x="634" y="184"/>
  </person>
 </frame>
 <frame number="00000725">
  <person id="0015">
   <leftEye x="620" y="185"/>
   <rightEye x="639" y="184"/>
  </person>
 </frame>
 <frame number="00000726">
  <person id="0015">
   <leftEye x="625" y="184"/>
   <rightEye x="644" y="183"/>
  </person>
 </frame>
 <frame number="00000727">
  <person id="0015">
   <leftEye x="629" y="182"/>
   <rightEye x="649" y="181"/>
  </person>
 </frame>
 <frame number="00000728">
  <person id="0015">
   <leftEye x="633" y="180"/>
   <rightEye x="653" y="180"/>
  </person>
 </frame>
 <frame number="00000729">
  <person id="0015">
   <leftEye x="637" y="179"/>
   <rightEye x="658" y="179"/>
  </person>
 </frame>
 <frame number="00000730">
  <person id="0015">
   <leftEye x="640" y="179"/>
   <rightEye x="662" y="178"/>
  </person>
 </frame>
 <frame number="00000731">
  <person id="0015">
   <leftEye x="644" y="180"/>
   <rightEye x="666" y="179"/>
  </person>
 </frame>
 <frame number="00000732">
  <person id="0015">
   <leftEye x="648" y="183"/>
   <rightEye x="670" y="182"/>
  </person>
 </frame>
 <frame number="00000733">
  <person id="0015">
   <leftEye x="652" y="187"/>
   <rightEye x="675" y="186"/>
  </person>
 </frame>
 <frame number="00000734">
  <person id="0015">
   <leftEye x="656" y="193"/>
   <rightEye x="679" y="191"/>
  </person>
 </frame>
 <frame number="00000735">
  <person id="0015">
   <leftEye x="659" y="200"/>
   <rightEye x="684" y="198"/>
  </person>
 </frame>
 <frame number="00000736">
  <person id="0015">
   <leftEye x="663" y="208"/>
   <rightEye x="689" y="206"/>
  </person>
 </frame>
 <frame number="00000737">
  <person id="0015">
   <leftEye x="668" y="215"/>
   <rightEye x="694" y="214"/>
  </person>
 </frame>
 <frame number="00000738">
  <person id="0015">
   <leftEye x="673" y="222"/>
   <rightEye x="700" y="220"/>
  </person>
 </frame>
 <frame number="00000739">
  <person id="0015">
   <leftEye x="678" y="226"/>
   <rightEye x="707" y="225"/>
  </person>
 </frame>
 <frame number="00000740">
  <person id="0015">
   <leftEye x="684" y="229"/>
   <rightEye x="714" y="228"/>
  </person>
 </frame>
 <frame number="00000741">
  <person id="0015">
   <leftEye x="689" y="231"/>
   <rightEye x="719" y="229"/>
  </person>
 </frame>
 <frame number="00000742">
  <person id="0015">
   <leftEye x="693" y="232"/>
   <rightEye x="723" y="229"/>
  </person>
 </frame>
 <frame number="00000743">
  <person id="0015">
   <leftEye x="699" y="232"/>
   <rightEye x="729" y="229"/>
  </person>
 </frame>
 <frame number="00000744">
  <person id="0015">
   <leftEye x="707" y="230"/>
   <rightEye x="737" y="228"/>
  </person>
 </frame>
 <frame number="00000745">
  <person id="0015">
   <leftEye x="716" y="229"/>
   <rightEye x="747" y="227"/>
  </person>
 </frame>
 <frame number="00000746">
  <person id="0015">
   <leftEye x="725" y="228"/>
   <rightEye x="757" y="226"/>
  </person>
 </frame>
 <frame number="00000747">
  <person id="0015">
   <leftEye x="734" y="228"/>
   <rightEye x="767" y="227"/>
  </person>
 </frame>
 <frame number="00000748">
  <person id="0015">
   <leftEye x="744" y="231"/>
   <rightEye x="777" y="230"/>
  </person>
 </frame>
 <frame number="00000749">
  <person id="0015">
   <leftEye x="754" y="235"/>
   <rightEye x="789" y="234"/>
  </person>
 </frame>
 <frame number="00000750"/>
 <frame number="00000751"/>
 <frame number="00000752"/>
 <frame number="00000753"/>
 <frame number="00000754"/>
 <frame number="00000755"/>
 <frame number="00000756"/>
 <frame number="00000757"/>
 <frame number="00000758"/>
 <frame number="00000759"/>
 <frame number="00000760"/>
 <frame number="00000761"/>
 <frame number="00000762"/>
 <frame number="00000763"/>
 <frame number="00000764"/>
 <frame number="00000765"/>
 <frame number="00000766"/>
 <frame number="00000767"/>
 <frame number="00000768"/>
 <frame number="00000769"/>
 <frame number="00000770"/>
 <frame number="00000771"/>
 <frame number="00000772"/>
 <frame number="00000773"/>
 <frame number="00000774"/>
 <frame number="00000775"/>
 <frame number="00000776"/>
 <frame number="00000777"/>
 <frame number="00000808"/>
 <frame number="00000809"/>
 <frame number="00000810"/>
 <frame number="00000811"/>
 <frame number="00000812"/>
 <frame number="00000813"/>
 <frame number="00000814"/>
 <frame number="00000815"/>
 <frame number="00000816"/>
 <frame number="00000817"/>
 <frame number="00000818"/>
 <frame number="00000819"/>
 <frame number="00000820"/>
 <frame number="00000821"/>
 <frame number="00000822"/>
 <frame number="00000823"/>
 <frame number="00000824"/>
 <frame number="00000825"/>
 <frame number="00000826"/>
 <frame number="00000827"/>
 <frame number="00000828"/>
 <frame number="00000829"/>
 <frame number="00000830"/>
 <frame number="00000831"/>
 <frame number="00000832"/>
 <frame number="00000833"/>
 <frame number="00000834"/>
 <frame number="00000835"/>
 <frame number="00000836"/>
 <frame number="00000837"/>
 <frame number="00000838"/>
 <frame number="00000839"/>
 <frame number="00000840"/>
 <frame number="00000841"/>
 <frame number="00000842"/>
 <frame number="00000843"/>
 <frame number="00000844"/>
 <frame number="00000845"/>
 <frame number="00000846"/>
 <frame number="00000847"/>
 <frame number="00000848"/>
 <frame number="00000849"/>
 <frame number="00000850"/>
 <frame number="00000851"/>
 <frame number="00000852"/>
 <frame number="00000853"/>
 <frame number="00000854"/>
 <frame number="00000855"/>
 <frame number="00000856"/>
 <frame number="00000857"/>
 <frame number="00000858"/>
 <frame number="00000859"/>
 <frame number="00000860"/>
 <frame number="00000861"/>
 <frame number="00000862"/>
 <frame number="00000863"/>
 <frame number="00000864"/>
 <frame number="00000865"/>
 <frame number="00000866"/>
 <frame number="00000867"/>
 <frame number="00000868"/>
 <frame number="00000869"/>
 <frame number="00000870"/>
 <frame number="00000871"/>
 <frame number="00000872"/>
 <frame number="00000873"/>
 <frame number="00000874"/>
 <frame number="00000875"/>
 <frame number="00000876"/>
 <frame number="00000877"/>
 <frame number="00000878"/>
 <frame number="00000879"/>
 <frame number="00000880"/>
 <frame number="00000881"/>
 <frame number="00000882"/>
 <frame number="00000883"/>
 <frame number="00000884"/>
 <frame number="00000885"/>
 <frame number="00000886"/>
 <frame number="00000887"/>
 <frame number="00000888"/>
 <frame number="00000889"/>
 <frame number="00000890"/>
 <frame number="00000891"/>
 <frame number="00000892"/>
 <frame number="00000893"/>
 <frame number="00000894"/>
 <frame number="00000895"/>
 <frame number="00000896"/>
 <frame number="00000897"/>
 <frame number="00000898"/>
 <frame number="00000899"/>
 <frame number="00000900"/>
 <frame number="00000901"/>
 <frame number="00000902"/>
 <frame number="00000903"/>
 <frame number="00000904"/>
 <frame number="00000905">
  <person id="0003">
   <leftEye x="525" y="171"/>
   <rightEye x="541" y="171"/>
  </person>
 </frame>
 <frame number="00000906">
  <person id="0003">
   <leftEye x="527" y="170"/>
   <rightEye x="543" y="170"/>
  </person>
 </frame>
 <frame number="00000907">
  <person id="0003">
   <leftEye x="528" y="169"/>
   <rightEye x="544" y="169"/>
  </person>
 </frame>
 <frame number="00000908">
  <person id="0003">
   <leftEye x="529" y="169"/>
   <rightEye x="545" y="168"/>
  </person>
 </frame>
 <frame number="00000909">
  <person id="0003">
   <leftEye x="529" y="169"/>
   <rightEye x="545" y="168"/>
  </person>
 </frame>
 <frame number="00000910">
  <person id="0003">
   <leftEye x="529" y="169"/>
   <rightEye x="545" y="168"/>
  </person>
 </frame>
 <frame number="00000911">
  <person id="0003">
   <leftEye x="529" y="171"/>
   <rightEye x="546" y="170"/>
  </person>
 </frame>
 <frame number="00000912">
  <person id="0003">
   <leftEye x="530" y="173"/>
   <rightEye x="546" y="172"/>
  </person>
 </frame>
 <frame number="00000913">
  <person id="0003">
   <leftEye x="530" y="175"/>
   <rightEye x="547" y="174"/>
  </person>
 </frame>
 <frame number="00000914">
  <person id="0003">
   <leftEye x="531" y="177"/>
   <rightEye x="547" y="176"/>
  </person>
 </frame>
 <frame number="00000915">
  <person id="0003">
   <leftEye x="531" y="179"/>
   <rightEye x="547" y="179"/>
  </person>
 </frame>
 <frame number="00000916">
  <person id="0003">
   <leftEye x="532" y="181"/>
   <rightEye x="548" y="181"/>
  </person>
 </frame>
 <frame number="00000917">
  <person id="0003">
   <leftEye x="533" y="182"/>
   <rightEye x="549" y="183"/>
  </person>
 </frame>
 <frame number="00000918">
  <person id="0003">
   <leftEye x="533" y="183"/>
   <rightEye x="550" y="184"/>
  </person>
 </frame>
 <frame number="00000919">
  <person id="0003">
   <leftEye x="534" y="183"/>
   <rightEye x="551" y="185"/>
  </person>
 </frame>
 <frame number="00000920">
  <person id="0003">
   <leftEye x="535" y="183"/>
   <rightEye x="552" y="184"/>
  </person>
 </frame>
 <frame number="00000921">
  <person id="0003">
   <leftEye x="536" y="183"/>
   <rightEye x="554" y="184"/>
  </person>
 </frame>
 <frame number="00000922">
  <person id="0003">
   <leftEye x="537" y="183"/>
   <rightEye x="555" y="184"/>
  </person>
 </frame>
 <frame number="00000923">
  <person id="0003">
   <leftEye x="538" y="183"/>
   <rightEye x="556" y="184"/>
  </person>
 </frame>
 <frame number="00000924">
  <person id="0003">
   <leftEye x="539" y="183"/>
   <rightEye x="558" y="184"/>
  </person>
 </frame>
 <frame number="00000925">
  <person id="0003">
   <leftEye x="541" y="184"/>
   <rightEye x="559" y="185"/>
  </person>
 </frame>
 <frame number="00000926">
  <person id="0003">
   <leftEye x="543" y="186"/>
   <rightEye x="560" y="187"/>
  </person>
 </frame>
 <frame number="00000927">
  <person id="0003">
   <leftEye x="545" y="189"/>
   <rightEye x="562" y="190"/>
  </person>
 </frame>
 <frame number="00000928">
  <person id="0003">
   <leftEye x="547" y="192"/>
   <rightEye x="565" y="193"/>
  </person>
 </frame>
 <frame number="00000929">
  <person id="0003">
   <leftEye x="549" y="195"/>
   <rightEye x="567" y="196"/>
  </person>
 </frame>
 <frame number="00000930">
  <person id="0003">
   <leftEye x="551" y="199"/>
   <rightEye x="570" y="200"/>
  </person>
 </frame>
 <frame number="00000931">
  <person id="0003">
   <leftEye x="553" y="202"/>
   <rightEye x="572" y="203"/>
  </person>
 </frame>
 <frame number="00000932">
  <person id="0003">
   <leftEye x="555" y="204"/>
   <rightEye x="575" y="205"/>
  </person>
 </frame>
 <frame number="00000933">
  <person id="0003">
   <leftEye x="558" y="206"/>
   <rightEye x="578" y="206"/>
  </person>
 </frame>
 <frame number="00000934">
  <person id="0003">
   <leftEye x="561" y="206"/>
   <rightEye x="581" y="207"/>
  </person>
 </frame>
 <frame number="00000935">
  <person id="0003">
   <leftEye x="564" y="206"/>
   <rightEye x="584" y="206"/>
  </person>
 </frame>
 <frame number="00000936">
  <person id="0003">
   <leftEye x="566" y="206"/>
   <rightEye x="586" y="206"/>
  </person>
 </frame>
 <frame number="00000937">
  <person id="0003">
   <leftEye x="568" y="206"/>
   <rightEye x="589" y="206"/>
  </person>
 </frame>
 <frame number="00000938">
  <person id="0003">
   <leftEye x="570" y="207"/>
   <rightEye x="592" y="207"/>
  </person>
 </frame>
 <frame number="00000939">
  <person id="0003">
   <leftEye x="572" y="208"/>
   <rightEye x="594" y="209"/>
  </person>
 </frame>
 <frame number="00000940">
  <person id="0003">
   <leftEye x="573" y="210"/>
   <rightEye x="596" y="211"/>
  </person>
 </frame>
 <frame number="00000941">
  <person id="0003">
   <leftEye x="574" y="213"/>
   <rightEye x="598" y="214"/>
  </person>
 </frame>
 <frame number="00000942">
  <person id="0003">
   <leftEye x="576" y="216"/>
   <rightEye x="599" y="217"/>
  </person>
 </frame>
 <frame number="00000943">
  <person id="0003">
   <leftEye x="577" y="220"/>
   <rightEye x="601" y="221"/>
  </person>
 </frame>
 <frame number="00000944">
  <person id="0003">
   <leftEye x="579" y="224"/>
   <rightEye x="603" y="224"/>
  </person>
 </frame>
 <frame number="00000945">
  <person id="0003">
   <leftEye x="581" y="228"/>
   <rightEye x="605" y="228"/>
  </person>
 </frame>
 <frame number="00000946">
  <person id="0003">
   <leftEye x="583" y="231"/>
   <rightEye x="607" y="232"/>
  </person>
 </frame>
 <frame number="00000947">
  <person id="0003">
   <leftEye x="585" y="234"/>
   <rightEye x="609" y="235"/>
  </person>
 </frame>
 <frame number="00000948">
  <person id="0003">
   <leftEye x="587" y="237"/>
   <rightEye x="611" y="237"/>
  </person>
 </frame>
 <frame number="00000949">
  <person id="0003">
   <leftEye x="589" y="238"/>
   <rightEye x="614" y="238"/>
  </person>
 </frame>
 <frame number="00000950">
  <person id="0003">
   <leftEye x="592" y="239"/>
   <rightEye x="617" y="239"/>
  </person>
 </frame>
 <frame number="00000951">
  <person id="0003">
   <leftEye x="595" y="239"/>
   <rightEye x="620" y="240"/>
  </person>
 </frame>
 <frame number="00000952">
  <person id="0003">
   <leftEye x="598" y="240"/>
   <rightEye x="624" y="241"/>
  </person>
 </frame>
 <frame number="00000953">
  <person id="0003">
   <leftEye x="602" y="242"/>
   <rightEye x="628" y="242"/>
  </person>
 </frame>
 <frame number="00000954">
  <person id="0003">
   <leftEye x="605" y="245"/>
   <rightEye x="632" y="245"/>
  </person>
 </frame>
 <frame number="00000955">
  <person id="0003">
   <leftEye x="609" y="249"/>
   <rightEye x="636" y="249"/>
  </person>
 </frame>
 <frame number="00000956">
  <person id="0003">
   <leftEye x="614" y="253"/>
   <rightEye x="641" y="253"/>
  </person>
 </frame>
 <frame number="00000957">
  <person id="0003">
   <leftEye x="618" y="258"/>
   <rightEye x="646" y="259"/>
  </person>
 </frame>
 <frame number="00000958">
  <person id="0003">
   <leftEye x="622" y="264"/>
   <rightEye x="651" y="265"/>
  </person>
 </frame>
 <frame number="00000959">
  <person id="0003">
   <leftEye x="627" y="270"/>
   <rightEye x="657" y="272"/>
  </person>
 </frame>
 <frame number="00000960">
  <person id="0003">
   <leftEye x="632" y="277"/>
   <rightEye x="663" y="278"/>
  </person>
 </frame>
 <frame number="00000961">
  <person id="0003">
   <leftEye x="638" y="283"/>
   <rightEye x="669" y="284"/>
  </person>
 </frame>
 <frame number="00000962">
  <person id="0003">
   <leftEye x="645" y="288"/>
   <rightEye x="676" y="288"/>
  </person>
 </frame>
 <frame number="00000963">
  <person id="0003">
   <leftEye x="652" y="291"/>
   <rightEye x="683" y="291"/>
  </person>
 </frame>
 <frame number="00000964">
  <person id="0003">
   <leftEye x="659" y="292"/>
   <rightEye x="690" y="294"/>
  </person>
 </frame>
 <frame number="00000965">
  <person id="0003">
   <leftEye x="665" y="293"/>
   <rightEye x="699" y="296"/>
  </person>
 </frame>
 <frame number="00000966">
  <person id="0003">
   <leftEye x="671" y="295"/>
   <rightEye x="706" y="298"/>
  </person>
 </frame>
 <frame number="00000967">
  <person id="0003">
   <leftEye x="677" y="298"/>
   <rightEye x="712" y="301"/>
  </person>
 </frame>
 <frame number="00000968">
  <person id="0003">
   <leftEye x="683" y="303"/>
   <rightEye x="718" y="306"/>
  </person>
 </frame>
 <frame number="00000969">
  <person id="0003">
   <leftEye x="688" y="308"/>
   <rightEye x="724" y="311"/>
  </person>
 </frame>
 <frame number="00000970">
  <person id="0003">
   <leftEye x="693" y="316"/>
   <rightEye x="731" y="318"/>
  </person>
 </frame>
 <frame number="00000971">
  <person id="0003">
   <leftEye x="698" y="325"/>
   <rightEye x="737" y="325"/>
  </person>
 </frame>
 <frame number="00000972">
  <person id="0003">
   <leftEye x="704" y="335"/>
   <rightEye x="743" y="335"/>
  </person>
 </frame>
 <frame number="00000973">
  <person id="0003">
   <leftEye x="710" y="345"/>
   <rightEye x="749" y="345"/>
  </person>
 </frame>
 <frame number="00000974">
  <person id="0003">
   <leftEye x="716" y="357"/>
   <rightEye x="756" y="356"/>
  </person>
 </frame>
 <frame number="00000975">
  <person id="0003">
   <leftEye x="720" y="365"/>
   <rightEye x="761" y="365"/>
  </person>
 </frame>
 <frame number="00000976">
  <person id="0003">
   <leftEye x="725" y="377"/>
   <rightEye x="767" y="377"/>
  </person>
 </frame>
 <frame number="00000977">
  <person id="0003">
   <leftEye x="731" y="389"/>
   <rightEye x="774" y="390"/>
  </person>
 </frame>
 <frame number="00000978">
  <person id="0003">
   <leftEye x="736" y="396"/>
   <rightEye x="779" y="396"/>
  </person>
 </frame>
 <frame number="00000979">
  <person id="0003">
   <leftEye x="743" y="404"/>
   <rightEye x="787" y="403"/>
  </person>
 </frame>
 <frame number="00000980"/>
 <frame number="00000981"/>
 <frame number="00000982"/>
 <frame number="00000983"/>
 <frame number="00000984"/>
 <frame number="00000985"/>
 <frame number="00000986"/>
 <frame number="00000987"/>
 <frame number="00000988"/>
 <frame number="00000989"/>
 <frame number="00000990"/>
 <frame number="00000991"/>
 <frame number="00000992"/>
 <frame number="00000993"/>
 <frame number="00000994"/>
 <frame number="00000995"/>
 <frame number="00000996"/>
 <frame number="00000997"/>
 <frame number="00000998"/>
 <frame number="00000999"/>
 <frame number="00001000"/>
</dataset>
