<!DOCTYPE GroundTruth>
<dataset name="P2L_S4_C1">
 <frame number="00000000"/>
 <frame number="00000001"/>
 <frame number="00000002"/>
 <frame number="00000003"/>
 <frame number="00000004"/>
 <frame number="00000005"/>
 <frame number="00000006"/>
 <frame number="00000007"/>
 <frame number="00000008"/>
 <frame number="00000009"/>
 <frame number="00000010"/>
 <frame number="00000011"/>
 <frame number="00000012"/>
 <frame number="00000013"/>
 <frame number="00000014"/>
 <frame number="00000015"/>
 <frame number="00000016"/>
 <frame number="00000017"/>
 <frame number="00000018"/>
 <frame number="00000019"/>
 <frame number="00000020"/>
 <frame number="00000021"/>
 <frame number="00000022"/>
 <frame number="00000023"/>
 <frame number="00000024"/>
 <frame number="00000025"/>
 <frame number="00000026"/>
 <frame number="00000027"/>
 <frame number="00000028"/>
 <frame number="00000029"/>
 <frame number="00000030"/>
 <frame number="00000031"/>
 <frame number="00000032"/>
 <frame number="00000033"/>
 <frame number="00000034"/>
 <frame number="00000035"/>
 <frame number="00000036"/>
 <frame number="00000037"/>
 <frame number="00000038"/>
 <frame number="00000039"/>
 <frame number="00000040"/>
 <frame number="00000041"/>
 <frame number="00000042"/>
 <frame number="00000043"/>
 <frame number="00000044"/>
 <frame number="00000045"/>
 <frame number="00000046"/>
 <frame number="00000047"/>
 <frame number="00000048"/>
 <frame number="00000049"/>
 <frame number="00000050"/>
 <frame number="00000051"/>
 <frame number="00000052"/>
 <frame number="00000053"/>
 <frame number="00000054"/>
 <frame number="00000055"/>
 <frame number="00000056"/>
 <frame number="00000057"/>
 <frame number="00000058"/>
 <frame number="00000059"/>
 <frame number="00000060"/>
 <frame number="00000061"/>
 <frame number="00000062"/>
 <frame number="00000063"/>
 <frame number="00000064"/>
 <frame number="00000065"/>
 <frame number="00000066"/>
 <frame number="00000067"/>
 <frame number="00000068"/>
 <frame number="00000069"/>
 <frame number="00000070"/>
 <frame number="00000071"/>
 <frame number="00000072"/>
 <frame number="00000073"/>
 <frame number="00000074"/>
 <frame number="00000075"/>
 <frame number="00000076"/>
 <frame number="00000077"/>
 <frame number="00000078"/>
 <frame number="00000079"/>
 <frame number="00000080"/>
 <frame number="00000081"/>
 <frame number="00000082"/>
 <frame number="00000083"/>
 <frame number="00000084"/>
 <frame number="00000085"/>
 <frame number="00000086"/>
 <frame number="00000087"/>
 <frame number="00000088"/>
 <frame number="00000089"/>
 <frame number="00000090"/>
 <frame number="00000091"/>
 <frame number="00000092"/>
 <frame number="00000093"/>
 <frame number="00000094"/>
 <frame number="00000095"/>
 <frame number="00000096"/>
 <frame number="00000097"/>
 <frame number="00000098"/>
 <frame number="00000099"/>
 <frame number="00000232"/>
 <frame number="00000233"/>
 <frame number="00000234"/>
 <frame number="00000235"/>
 <frame number="00000236"/>
 <frame number="00000237"/>
 <frame number="00000238"/>
 <frame number="00000239"/>
 <frame number="00000240"/>
 <frame number="00000241"/>
 <frame number="00000242"/>
 <frame number="00000243"/>
 <frame number="00000244"/>
 <frame number="00000245"/>
 <frame number="00000246"/>
 <frame number="00000247"/>
 <frame number="00000248"/>
 <frame number="00000249"/>
 <frame number="00000250"/>
 <frame number="00000251"/>
 <frame number="00000252"/>
 <frame number="00000253"/>
 <frame number="00000254"/>
 <frame number="00000255"/>
 <frame number="00000256"/>
 <frame number="00000257"/>
 <frame number="00000258"/>
 <frame number="00000259"/>
 <frame number="00000260"/>
 <frame number="00000261"/>
 <frame number="00000262"/>
 <frame number="00000263"/>
 <frame number="00000264"/>
 <frame number="00000265"/>
 <frame number="00000266"/>
 <frame number="00000267"/>
 <frame number="00000268"/>
 <frame number="00000269"/>
 <frame number="00000270"/>
 <frame number="00000271"/>
 <frame number="00000272"/>
 <frame number="00000273"/>
 <frame number="00000274"/>
 <frame number="00000275"/>
 <frame number="00000276"/>
 <frame number="00000277"/>
 <frame number="00000278"/>
 <frame number="00000279"/>
 <frame number="00000280"/>
 <frame number="00000281"/>
 <frame number="00000282"/>
 <frame number="00000283"/>
 <frame number="00000284"/>
 <frame number="00000285"/>
 <frame number="00000286"/>
 <frame number="00000287"/>
 <frame number="00000288"/>
 <frame number="00000289"/>
 <frame number="00000290"/>
 <frame number="00000291"/>
 <frame number="00000292"/>
 <frame number="00000293"/>
 <frame number="00000294"/>
 <frame number="00000295"/>
 <frame number="00000296"/>
 <frame number="00000297"/>
 <frame number="00000298"/>
 <frame number="00000299"/>
 <frame number="00000300"/>
 <frame number="00000301"/>
 <frame number="00000302"/>
 <frame number="00000303"/>
 <frame number="00000304"/>
 <frame number="00000305">
  <person id="0022">
   <leftEye x="381" y="175"/>
   <rightEye x="397" y="175"/>
  </person>
 </frame>
 <frame number="00000306">
  <person id="0022">
   <leftEye x="380" y="174"/>
   <rightEye x="396" y="174"/>
  </person>
 </frame>
 <frame number="00000307">
  <person id="0022">
   <leftEye x="379" y="174"/>
   <rightEye x="395" y="174"/>
  </person>
 </frame>
 <frame number="00000308">
  <person id="0022">
   <leftEye x="379" y="175"/>
   <rightEye x="394" y="175"/>
  </person>
 </frame>
 <frame number="00000309">
  <person id="0022">
   <leftEye x="378" y="178"/>
   <rightEye x="394" y="178"/>
  </person>
 </frame>
 <frame number="00000310">
  <person id="0022">
   <leftEye x="377" y="181"/>
   <rightEye x="394" y="181"/>
  </person>
 </frame>
 <frame number="00000311">
  <person id="0022">
   <leftEye x="377" y="185"/>
   <rightEye x="394" y="185"/>
  </person>
 </frame>
 <frame number="00000312">
  <person id="0022">
   <leftEye x="377" y="189"/>
   <rightEye x="394" y="189"/>
  </person>
 </frame>
 <frame number="00000313">
  <person id="0022">
   <leftEye x="377" y="192"/>
   <rightEye x="394" y="192"/>
  </person>
 </frame>
 <frame number="00000314">
  <person id="0022">
   <leftEye x="377" y="194"/>
   <rightEye x="394" y="194"/>
  </person>
 </frame>
 <frame number="00000315">
  <person id="0022">
   <leftEye x="377" y="196"/>
   <rightEye x="394" y="196"/>
  </person>
 </frame>
 <frame number="00000316">
  <person id="0022">
   <leftEye x="376" y="197"/>
   <rightEye x="394" y="197"/>
  </person>
 </frame>
 <frame number="00000317">
  <person id="0022">
   <leftEye x="376" y="197"/>
   <rightEye x="394" y="197"/>
  </person>
 </frame>
 <frame number="00000318">
  <person id="0022">
   <leftEye x="375" y="196"/>
   <rightEye x="394" y="196"/>
  </person>
 </frame>
 <frame number="00000319">
  <person id="0022">
   <leftEye x="375" y="195"/>
   <rightEye x="393" y="195"/>
  </person>
 </frame>
 <frame number="00000320">
  <person id="0022">
   <leftEye x="374" y="194"/>
   <rightEye x="393" y="194"/>
  </person>
 </frame>
 <frame number="00000321">
  <person id="0022">
   <leftEye x="373" y="194"/>
   <rightEye x="392" y="194"/>
  </person>
 </frame>
 <frame number="00000322">
  <person id="0022">
   <leftEye x="372" y="195"/>
   <rightEye x="391" y="195"/>
  </person>
 </frame>
 <frame number="00000323">
  <person id="0022">
   <leftEye x="370" y="198"/>
   <rightEye x="390" y="198"/>
  </person>
 </frame>
 <frame number="00000324">
  <person id="0022">
   <leftEye x="368" y="203"/>
   <rightEye x="389" y="203"/>
  </person>
 </frame>
 <frame number="00000325">
  <person id="0022">
   <leftEye x="366" y="208"/>
   <rightEye x="387" y="208"/>
  </person>
 </frame>
 <frame number="00000326">
  <person id="0022">
   <leftEye x="364" y="213"/>
   <rightEye x="385" y="213"/>
  </person>
 </frame>
 <frame number="00000327">
  <person id="0022">
   <leftEye x="361" y="218"/>
   <rightEye x="383" y="218"/>
  </person>
 </frame>
 <frame number="00000328">
  <person id="0022">
   <leftEye x="358" y="221"/>
   <rightEye x="380" y="221"/>
  </person>
 </frame>
 <frame number="00000329">
  <person id="0022">
   <leftEye x="355" y="224"/>
   <rightEye x="377" y="224"/>
  </person>
 </frame>
 <frame number="00000330">
  <person id="0022">
   <leftEye x="352" y="226"/>
   <rightEye x="374" y="226"/>
  </person>
 </frame>
 <frame number="00000331">
  <person id="0022">
   <leftEye x="349" y="227"/>
   <rightEye x="371" y="227"/>
  </person>
 </frame>
 <frame number="00000332">
  <person id="0022">
   <leftEye x="346" y="227"/>
   <rightEye x="369" y="227"/>
  </person>
 </frame>
 <frame number="00000333">
  <person id="0022">
   <leftEye x="343" y="226"/>
   <rightEye x="367" y="226"/>
  </person>
 </frame>
 <frame number="00000334">
  <person id="0022">
   <leftEye x="341" y="226"/>
   <rightEye x="365" y="226"/>
  </person>
 </frame>
 <frame number="00000335">
  <person id="0022">
   <leftEye x="339" y="226"/>
   <rightEye x="363" y="226"/>
  </person>
 </frame>
 <frame number="00000336">
  <person id="0022">
   <leftEye x="337" y="227"/>
   <rightEye x="362" y="227"/>
  </person>
 </frame>
 <frame number="00000337">
  <person id="0022">
   <leftEye x="335" y="229"/>
   <rightEye x="361" y="229"/>
  </person>
 </frame>
 <frame number="00000338">
  <person id="0022">
   <leftEye x="333" y="234"/>
   <rightEye x="359" y="234"/>
  </person>
 </frame>
 <frame number="00000339">
  <person id="0022">
   <leftEye x="330" y="240"/>
   <rightEye x="357" y="240"/>
  </person>
 </frame>
 <frame number="00000340">
  <person id="0022">
   <leftEye x="327" y="248"/>
   <rightEye x="355" y="248"/>
  </person>
 </frame>
 <frame number="00000341">
  <person id="0022">
   <leftEye x="324" y="256"/>
   <rightEye x="353" y="256"/>
  </person>
 </frame>
 <frame number="00000342">
  <person id="0022">
   <leftEye x="322" y="264"/>
   <rightEye x="351" y="264"/>
  </person>
 </frame>
 <frame number="00000343">
  <person id="0022">
   <leftEye x="319" y="271"/>
   <rightEye x="349" y="271"/>
  </person>
 </frame>
 <frame number="00000344">
  <person id="0022">
   <leftEye x="317" y="276"/>
   <rightEye x="347" y="276"/>
  </person>
 </frame>
 <frame number="00000345">
  <person id="0022">
   <leftEye x="314" y="281"/>
   <rightEye x="346" y="281"/>
  </person>
 </frame>
 <frame number="00000346">
  <person id="0022">
   <leftEye x="311" y="284"/>
   <rightEye x="344" y="284"/>
  </person>
 </frame>
 <frame number="00000347">
  <person id="0022">
   <leftEye x="308" y="285"/>
   <rightEye x="341" y="285"/>
  </person>
 </frame>
 <frame number="00000348">
  <person id="0022">
   <leftEye x="304" y="285"/>
   <rightEye x="338" y="285"/>
  </person>
 </frame>
 <frame number="00000349">
  <person id="0022">
   <leftEye x="300" y="285"/>
   <rightEye x="335" y="285"/>
  </person>
 </frame>
 <frame number="00000350">
  <person id="0022">
   <leftEye x="295" y="287"/>
   <rightEye x="332" y="287"/>
  </person>
 </frame>
 <frame number="00000351">
  <person id="0022">
   <leftEye x="291" y="292"/>
   <rightEye x="329" y="292"/>
  </person>
 </frame>
 <frame number="00000352">
  <person id="0022">
   <leftEye x="286" y="300"/>
   <rightEye x="325" y="300"/>
  </person>
 </frame>
 <frame number="00000353">
  <person id="0022">
   <leftEye x="283" y="306"/>
   <rightEye x="323" y="305"/>
  </person>
 </frame>
 <frame number="00000354">
  <person id="0022">
   <leftEye x="280" y="313"/>
   <rightEye x="320" y="312"/>
  </person>
 </frame>
 <frame number="00000355">
  <person id="0022">
   <leftEye x="275" y="327"/>
   <rightEye x="316" y="325"/>
  </person>
 </frame>
 <frame number="00000356">
  <person id="0022">
   <leftEye x="268" y="344"/>
   <rightEye x="311" y="342"/>
  </person>
 </frame>
 <frame number="00000357">
  <person id="0022">
   <leftEye x="259" y="361"/>
   <rightEye x="304" y="360"/>
  </person>
 </frame>
 <frame number="00000358">
  <person id="0022">
   <leftEye x="248" y="377"/>
   <rightEye x="295" y="376"/>
  </person>
 </frame>
 <frame number="00000359">
  <person id="0022">
   <leftEye x="235" y="392"/>
   <rightEye x="284" y="392"/>
  </person>
 </frame>
 <frame number="00000360">
  <person id="0022">
   <leftEye x="220" y="406"/>
   <rightEye x="271" y="406"/>
  </person>
 </frame>
 <frame number="00000361">
  <person id="0022">
   <leftEye x="204" y="419"/>
   <rightEye x="257" y="419"/>
  </person>
 </frame>
 <frame number="00000362">
  <person id="0022">
   <leftEye x="186" y="431"/>
   <rightEye x="242" y="431"/>
  </person>
 </frame>
 <frame number="00000363">
  <person id="0022">
   <leftEye x="167" y="441"/>
   <rightEye x="225" y="441"/>
  </person>
 </frame>
 <frame number="00000364">
  <person id="0022">
   <leftEye x="148" y="451"/>
   <rightEye x="209" y="450"/>
  </person>
 </frame>
 <frame number="00000365">
  <person id="0022">
   <leftEye x="129" y="461"/>
   <rightEye x="192" y="460"/>
  </person>
 </frame>
 <frame number="00000366">
  <person id="0022">
   <leftEye x="108" y="474"/>
   <rightEye x="174" y="473"/>
  </person>
 </frame>
 <frame number="00000367">
  <person id="0022">
   <leftEye x="86" y="489"/>
   <rightEye x="155" y="489"/>
  </person>
 </frame>
 <frame number="00000368"/>
 <frame number="00000369"/>
 <frame number="00000370"/>
 <frame number="00000371"/>
 <frame number="00000372"/>
 <frame number="00000373"/>
 <frame number="00000374"/>
 <frame number="00000375"/>
 <frame number="00000376"/>
 <frame number="00000453"/>
 <frame number="00000454"/>
 <frame number="00000455"/>
 <frame number="00000456"/>
 <frame number="00000457"/>
 <frame number="00000458"/>
 <frame number="00000459"/>
 <frame number="00000460"/>
 <frame number="00000461"/>
 <frame number="00000462"/>
 <frame number="00000463"/>
 <frame number="00000464"/>
 <frame number="00000465"/>
 <frame number="00000466"/>
 <frame number="00000467"/>
 <frame number="00000468"/>
 <frame number="00000469"/>
 <frame number="00000470"/>
 <frame number="00000471"/>
 <frame number="00000472"/>
 <frame number="00000473"/>
 <frame number="00000474"/>
 <frame number="00000475"/>
 <frame number="00000476"/>
 <frame number="00000477"/>
 <frame number="00000478"/>
 <frame number="00000479"/>
 <frame number="00000480"/>
 <frame number="00000481"/>
 <frame number="00000482"/>
 <frame number="00000483"/>
 <frame number="00000484"/>
 <frame number="00000485"/>
 <frame number="00000486"/>
 <frame number="00000487"/>
 <frame number="00000488"/>
 <frame number="00000489"/>
 <frame number="00000490"/>
 <frame number="00000491"/>
 <frame number="00000492"/>
 <frame number="00000493"/>
 <frame number="00000494"/>
 <frame number="00000495"/>
 <frame number="00000496"/>
 <frame number="00000497"/>
 <frame number="00000498"/>
 <frame number="00000499"/>
 <frame number="00000500"/>
 <frame number="00000501"/>
 <frame number="00000502"/>
 <frame number="00000503"/>
 <frame number="00000504"/>
 <frame number="00000505"/>
 <frame number="00000506"/>
 <frame number="00000507"/>
 <frame number="00000508"/>
 <frame number="00000509"/>
 <frame number="00000510"/>
 <frame number="00000511"/>
 <frame number="00000512"/>
 <frame number="00000513"/>
 <frame number="00000514"/>
 <frame number="00000515"/>
 <frame number="00000516"/>
 <frame number="00000517"/>
 <frame number="00000518"/>
 <frame number="00000519"/>
 <frame number="00000520"/>
 <frame number="00000521"/>
 <frame number="00000522"/>
 <frame number="00000523"/>
 <frame number="00000524"/>
 <frame number="00000525"/>
 <frame number="00000526"/>
 <frame number="00000527">
  <person id="0003">
   <leftEye x="400" y="171"/>
   <rightEye x="416" y="171"/>
  </person>
 </frame>
 <frame number="00000528">
  <person id="0003">
   <leftEye x="400" y="171"/>
   <rightEye x="415" y="171"/>
  </person>
 </frame>
 <frame number="00000529">
  <person id="0003">
   <leftEye x="399" y="171"/>
   <rightEye x="414" y="172"/>
  </person>
 </frame>
 <frame number="00000530">
  <person id="0003">
   <leftEye x="398" y="172"/>
   <rightEye x="413" y="172"/>
  </person>
 </frame>
 <frame number="00000531">
  <person id="0003">
   <leftEye x="398" y="173"/>
   <rightEye x="412" y="173"/>
  </person>
 </frame>
 <frame number="00000532">
  <person id="0003">
   <leftEye x="398" y="174"/>
   <rightEye x="412" y="174"/>
  </person>
 </frame>
 <frame number="00000533">
  <person id="0003">
   <leftEye x="398" y="176"/>
   <rightEye x="412" y="176"/>
  </person>
 </frame>
 <frame number="00000534">
  <person id="0003">
   <leftEye x="397" y="178"/>
   <rightEye x="412" y="179"/>
  </person>
 </frame>
 <frame number="00000535">
  <person id="0003">
   <leftEye x="396" y="180"/>
   <rightEye x="412" y="181"/>
  </person>
 </frame>
 <frame number="00000536">
  <person id="0003">
   <leftEye x="396" y="182"/>
   <rightEye x="412" y="183"/>
  </person>
 </frame>
 <frame number="00000537">
  <person id="0003">
   <leftEye x="396" y="184"/>
   <rightEye x="412" y="184"/>
  </person>
 </frame>
 <frame number="00000538">
  <person id="0003">
   <leftEye x="396" y="184"/>
   <rightEye x="412" y="184"/>
  </person>
 </frame>
 <frame number="00000539">
  <person id="0003">
   <leftEye x="395" y="184"/>
   <rightEye x="412" y="184"/>
  </person>
 </frame>
 <frame number="00000540">
  <person id="0003">
   <leftEye x="395" y="183"/>
   <rightEye x="412" y="184"/>
  </person>
 </frame>
 <frame number="00000541">
  <person id="0003">
   <leftEye x="394" y="182"/>
   <rightEye x="411" y="183"/>
  </person>
 </frame>
 <frame number="00000542">
  <person id="0003">
   <leftEye x="394" y="182"/>
   <rightEye x="411" y="183"/>
  </person>
 </frame>
 <frame number="00000543">
  <person id="0003">
   <leftEye x="393" y="182"/>
   <rightEye x="411" y="183"/>
  </person>
 </frame>
 <frame number="00000544">
  <person id="0003">
   <leftEye x="392" y="183"/>
   <rightEye x="410" y="183"/>
  </person>
 </frame>
 <frame number="00000545">
  <person id="0003">
   <leftEye x="391" y="185"/>
   <rightEye x="409" y="185"/>
  </person>
 </frame>
 <frame number="00000546">
  <person id="0003">
   <leftEye x="390" y="187"/>
   <rightEye x="408" y="187"/>
  </person>
 </frame>
 <frame number="00000547">
  <person id="0003">
   <leftEye x="388" y="190"/>
   <rightEye x="406" y="190"/>
  </person>
 </frame>
 <frame number="00000548">
  <person id="0003">
   <leftEye x="387" y="193"/>
   <rightEye x="405" y="193"/>
  </person>
 </frame>
 <frame number="00000549">
  <person id="0003">
   <leftEye x="387" y="196"/>
   <rightEye x="404" y="196"/>
  </person>
 </frame>
 <frame number="00000550">
  <person id="0003">
   <leftEye x="385" y="198"/>
   <rightEye x="403" y="198"/>
  </person>
 </frame>
 <frame number="00000551">
  <person id="0003">
   <leftEye x="383" y="199"/>
   <rightEye x="402" y="200"/>
  </person>
 </frame>
 <frame number="00000552">
  <person id="0003">
   <leftEye x="382" y="200"/>
   <rightEye x="401" y="201"/>
  </person>
 </frame>
 <frame number="00000553">
  <person id="0003">
   <leftEye x="380" y="200"/>
   <rightEye x="399" y="201"/>
  </person>
 </frame>
 <frame number="00000554">
  <person id="0003">
   <leftEye x="378" y="200"/>
   <rightEye x="398" y="201"/>
  </person>
 </frame>
 <frame number="00000555">
  <person id="0003">
   <leftEye x="377" y="200"/>
   <rightEye x="397" y="200"/>
  </person>
 </frame>
 <frame number="00000556">
  <person id="0003">
   <leftEye x="376" y="200"/>
   <rightEye x="396" y="200"/>
  </person>
 </frame>
 <frame number="00000557">
  <person id="0003">
   <leftEye x="375" y="200"/>
   <rightEye x="395" y="200"/>
  </person>
 </frame>
 <frame number="00000558">
  <person id="0003">
   <leftEye x="375" y="200"/>
   <rightEye x="395" y="201"/>
  </person>
 </frame>
 <frame number="00000559">
  <person id="0003">
   <leftEye x="375" y="202"/>
   <rightEye x="395" y="203"/>
  </person>
 </frame>
 <frame number="00000560">
  <person id="0003">
   <leftEye x="375" y="204"/>
   <rightEye x="395" y="205"/>
  </person>
 </frame>
 <frame number="00000561">
  <person id="0003">
   <leftEye x="374" y="207"/>
   <rightEye x="395" y="208"/>
  </person>
 </frame>
 <frame number="00000562">
  <person id="0003">
   <leftEye x="374" y="210"/>
   <rightEye x="395" y="211"/>
  </person>
 </frame>
 <frame number="00000563">
  <person id="0003">
   <leftEye x="373" y="214"/>
   <rightEye x="395" y="215"/>
  </person>
 </frame>
 <frame number="00000564">
  <person id="0003">
   <leftEye x="373" y="218"/>
   <rightEye x="395" y="219"/>
  </person>
 </frame>
 <frame number="00000565">
  <person id="0003">
   <leftEye x="373" y="222"/>
   <rightEye x="395" y="223"/>
  </person>
 </frame>
 <frame number="00000566">
  <person id="0003">
   <leftEye x="373" y="225"/>
   <rightEye x="395" y="226"/>
  </person>
 </frame>
 <frame number="00000567">
  <person id="0003">
   <leftEye x="373" y="227"/>
   <rightEye x="395" y="227"/>
  </person>
 </frame>
 <frame number="00000568">
  <person id="0003">
   <leftEye x="372" y="227"/>
   <rightEye x="395" y="227"/>
  </person>
 </frame>
 <frame number="00000569">
  <person id="0003">
   <leftEye x="371" y="226"/>
   <rightEye x="394" y="226"/>
  </person>
 </frame>
 <frame number="00000570">
  <person id="0003">
   <leftEye x="370" y="226"/>
   <rightEye x="394" y="226"/>
  </person>
 </frame>
 <frame number="00000571">
  <person id="0003">
   <leftEye x="368" y="226"/>
   <rightEye x="393" y="226"/>
  </person>
 </frame>
 <frame number="00000572">
  <person id="0003">
   <leftEye x="366" y="227"/>
   <rightEye x="390" y="227"/>
  </person>
 </frame>
 <frame number="00000573">
  <person id="0003">
   <leftEye x="364" y="229"/>
   <rightEye x="388" y="229"/>
  </person>
 </frame>
 <frame number="00000574">
  <person id="0003">
   <leftEye x="362" y="232"/>
   <rightEye x="387" y="232"/>
  </person>
 </frame>
 <frame number="00000575">
  <person id="0003">
   <leftEye x="360" y="237"/>
   <rightEye x="385" y="237"/>
  </person>
 </frame>
 <frame number="00000576">
  <person id="0003">
   <leftEye x="358" y="242"/>
   <rightEye x="383" y="242"/>
  </person>
 </frame>
 <frame number="00000577">
  <person id="0003">
   <leftEye x="355" y="248"/>
   <rightEye x="380" y="248"/>
  </person>
 </frame>
 <frame number="00000578">
  <person id="0003">
   <leftEye x="352" y="254"/>
   <rightEye x="377" y="254"/>
  </person>
 </frame>
 <frame number="00000579">
  <person id="0003">
   <leftEye x="349" y="259"/>
   <rightEye x="374" y="259"/>
  </person>
 </frame>
 <frame number="00000580">
  <person id="0003">
   <leftEye x="345" y="263"/>
   <rightEye x="372" y="263"/>
  </person>
 </frame>
 <frame number="00000581">
  <person id="0003">
   <leftEye x="341" y="265"/>
   <rightEye x="369" y="266"/>
  </person>
 </frame>
 <frame number="00000582">
  <person id="0003">
   <leftEye x="337" y="266"/>
   <rightEye x="365" y="267"/>
  </person>
 </frame>
 <frame number="00000583">
  <person id="0003">
   <leftEye x="333" y="267"/>
   <rightEye x="363" y="268"/>
  </person>
 </frame>
 <frame number="00000584">
  <person id="0003">
   <leftEye x="329" y="267"/>
   <rightEye x="361" y="268"/>
  </person>
 </frame>
 <frame number="00000585">
  <person id="0003">
   <leftEye x="325" y="268"/>
   <rightEye x="358" y="269"/>
  </person>
 </frame>
 <frame number="00000586">
  <person id="0003">
   <leftEye x="321" y="269"/>
   <rightEye x="355" y="270"/>
  </person>
 </frame>
 <frame number="00000587">
  <person id="0003">
   <leftEye x="319" y="271"/>
   <rightEye x="353" y="272"/>
  </person>
 </frame>
 <frame number="00000588">
  <person id="0003">
   <leftEye x="318" y="273"/>
   <rightEye x="352" y="274"/>
  </person>
 </frame>
 <frame number="00000589">
  <person id="0003">
   <leftEye x="315" y="280"/>
   <rightEye x="350" y="281"/>
  </person>
 </frame>
 <frame number="00000590">
  <person id="0003">
   <leftEye x="312" y="287"/>
   <rightEye x="348" y="288"/>
  </person>
 </frame>
 <frame number="00000591">
  <person id="0003">
   <leftEye x="310" y="293"/>
   <rightEye x="346" y="295"/>
  </person>
 </frame>
 <frame number="00000592">
  <person id="0003">
   <leftEye x="307" y="303"/>
   <rightEye x="344" y="304"/>
  </person>
 </frame>
 <frame number="00000593">
  <person id="0003">
   <leftEye x="304" y="314"/>
   <rightEye x="342" y="315"/>
  </person>
 </frame>
 <frame number="00000594">
  <person id="0003">
   <leftEye x="301" y="325"/>
   <rightEye x="340" y="327"/>
  </person>
 </frame>
 <frame number="00000595">
  <person id="0003">
   <leftEye x="298" y="336"/>
   <rightEye x="338" y="338"/>
  </person>
 </frame>
 <frame number="00000596">
  <person id="0003">
   <leftEye x="295" y="345"/>
   <rightEye x="336" y="347"/>
  </person>
 </frame>
 <frame number="00000597">
  <person id="0003">
   <leftEye x="291" y="351"/>
   <rightEye x="333" y="353"/>
  </person>
 </frame>
 <frame number="00000598">
  <person id="0003">
   <leftEye x="287" y="355"/>
   <rightEye x="330" y="357"/>
  </person>
 </frame>
 <frame number="00000599">
  <person id="0003">
   <leftEye x="281" y="358"/>
   <rightEye x="326" y="361"/>
  </person>
 </frame>
 <frame number="00000600">
  <person id="0003">
   <leftEye x="274" y="362"/>
   <rightEye x="321" y="365"/>
  </person>
 </frame>
 <frame number="00000601">
  <person id="0003">
   <leftEye x="266" y="366"/>
   <rightEye x="315" y="369"/>
  </person>
 </frame>
 <frame number="00000602">
  <person id="0003">
   <leftEye x="257" y="372"/>
   <rightEye x="309" y="375"/>
  </person>
 </frame>
 <frame number="00000603">
  <person id="0003">
   <leftEye x="248" y="380"/>
   <rightEye x="303" y="383"/>
  </person>
 </frame>
 <frame number="00000604">
  <person id="0003">
   <leftEye x="239" y="392"/>
   <rightEye x="295" y="394"/>
  </person>
 </frame>
 <frame number="00000605">
  <person id="0003">
   <leftEye x="229" y="407"/>
   <rightEye x="286" y="409"/>
  </person>
 </frame>
 <frame number="00000606">
  <person id="0003">
   <leftEye x="219" y="426"/>
   <rightEye x="277" y="428"/>
  </person>
 </frame>
 <frame number="00000607">
  <person id="0003">
   <leftEye x="208" y="447"/>
   <rightEye x="268" y="450"/>
  </person>
 </frame>
 <frame number="00000608">
  <person id="0003">
   <leftEye x="196" y="471"/>
   <rightEye x="258" y="474"/>
  </person>
 </frame>
 <frame number="00000609">
  <person id="0003">
   <leftEye x="183" y="497"/>
   <rightEye x="249" y="501"/>
  </person>
 </frame>
 <frame number="00000610"/>
 <frame number="00000611"/>
 <frame number="00000612"/>
 <frame number="00000613"/>
 <frame number="00000614"/>
 <frame number="00000615"/>
 <frame number="00000616"/>
 <frame number="00000617"/>
 <frame number="00000618"/>
 <frame number="00000619"/>
 <frame number="00000620"/>
 <frame number="00000621"/>
 <frame number="00000622"/>
 <frame number="00000688"/>
 <frame number="00000689"/>
 <frame number="00000690"/>
 <frame number="00000691"/>
 <frame number="00000692"/>
 <frame number="00000693"/>
 <frame number="00000694"/>
 <frame number="00000695"/>
 <frame number="00000696"/>
 <frame number="00000697"/>
 <frame number="00000698"/>
 <frame number="00000699"/>
 <frame number="00000700"/>
 <frame number="00000701"/>
 <frame number="00000702"/>
 <frame number="00000703"/>
 <frame number="00000704"/>
 <frame number="00000705"/>
 <frame number="00000706"/>
 <frame number="00000707"/>
 <frame number="00000708"/>
 <frame number="00000709"/>
 <frame number="00000710"/>
 <frame number="00000711"/>
 <frame number="00000712"/>
 <frame number="00000713"/>
 <frame number="00000714"/>
 <frame number="00000715"/>
 <frame number="00000716"/>
 <frame number="00000717"/>
 <frame number="00000718"/>
 <frame number="00000719"/>
 <frame number="00000720"/>
 <frame number="00000721"/>
 <frame number="00000722"/>
 <frame number="00000723"/>
 <frame number="00000724"/>
 <frame number="00000725"/>
 <frame number="00000726"/>
 <frame number="00000727"/>
 <frame number="00000728"/>
 <frame number="00000729"/>
 <frame number="00000730"/>
 <frame number="00000731"/>
 <frame number="00000732"/>
 <frame number="00000733"/>
 <frame number="00000734"/>
 <frame number="00000735"/>
 <frame number="00000736"/>
 <frame number="00000737"/>
 <frame number="00000738"/>
 <frame number="00000739"/>
 <frame number="00000740"/>
 <frame number="00000741"/>
 <frame number="00000742"/>
 <frame number="00000743"/>
 <frame number="00000744"/>
 <frame number="00000745"/>
 <frame number="00000746"/>
 <frame number="00000747"/>
 <frame number="00000748"/>
 <frame number="00000749"/>
 <frame number="00000750"/>
 <frame number="00000751"/>
 <frame number="00000752"/>
 <frame number="00000753"/>
 <frame number="00000754"/>
 <frame number="00000755"/>
 <frame number="00000756"/>
 <frame number="00000757"/>
 <frame number="00000758"/>
 <frame number="00000759"/>
 <frame number="00000760"/>
 <frame number="00000761"/>
 <frame number="00000762"/>
 <frame number="00000763"/>
 <frame number="00000764"/>
 <frame number="00000765">
  <person id="0015">
   <leftEye x="405" y="163"/>
   <rightEye x="421" y="163"/>
  </person>
 </frame>
 <frame number="00000766">
  <person id="0015">
   <leftEye x="404" y="161"/>
   <rightEye x="420" y="161"/>
  </person>
 </frame>
 <frame number="00000767">
  <person id="0015">
   <leftEye x="403" y="161"/>
   <rightEye x="419" y="161"/>
  </person>
 </frame>
 <frame number="00000768">
  <person id="0015">
   <leftEye x="401" y="161"/>
   <rightEye x="418" y="161"/>
  </person>
 </frame>
 <frame number="00000769">
  <person id="0015">
   <leftEye x="399" y="162"/>
   <rightEye x="416" y="162"/>
  </person>
 </frame>
 <frame number="00000770">
  <person id="0015">
   <leftEye x="397" y="164"/>
   <rightEye x="414" y="164"/>
  </person>
 </frame>
 <frame number="00000771">
  <person id="0015">
   <leftEye x="395" y="167"/>
   <rightEye x="412" y="167"/>
  </person>
 </frame>
 <frame number="00000772">
  <person id="0015">
   <leftEye x="393" y="170"/>
   <rightEye x="410" y="170"/>
  </person>
 </frame>
 <frame number="00000773">
  <person id="0015">
   <leftEye x="391" y="174"/>
   <rightEye x="408" y="174"/>
  </person>
 </frame>
 <frame number="00000774">
  <person id="0015">
   <leftEye x="389" y="177"/>
   <rightEye x="406" y="177"/>
  </person>
 </frame>
 <frame number="00000775">
  <person id="0015">
   <leftEye x="386" y="180"/>
   <rightEye x="404" y="180"/>
  </person>
 </frame>
 <frame number="00000776">
  <person id="0015">
   <leftEye x="384" y="182"/>
   <rightEye x="402" y="182"/>
  </person>
 </frame>
 <frame number="00000777">
  <person id="0015">
   <leftEye x="381" y="182"/>
   <rightEye x="400" y="182"/>
  </person>
 </frame>
 <frame number="00000778">
  <person id="0015">
   <leftEye x="379" y="182"/>
   <rightEye x="398" y="182"/>
  </person>
 </frame>
 <frame number="00000779">
  <person id="0015">
   <leftEye x="377" y="182"/>
   <rightEye x="396" y="182"/>
  </person>
 </frame>
 <frame number="00000780">
  <person id="0015">
   <leftEye x="376" y="181"/>
   <rightEye x="394" y="181"/>
  </person>
 </frame>
 <frame number="00000781">
  <person id="0015">
   <leftEye x="374" y="179"/>
   <rightEye x="393" y="179"/>
  </person>
 </frame>
 <frame number="00000782">
  <person id="0015">
   <leftEye x="373" y="178"/>
   <rightEye x="392" y="178"/>
  </person>
 </frame>
 <frame number="00000783">
  <person id="0015">
   <leftEye x="372" y="177"/>
   <rightEye x="391" y="177"/>
  </person>
 </frame>
 <frame number="00000784">
  <person id="0015">
   <leftEye x="371" y="177"/>
   <rightEye x="390" y="177"/>
  </person>
 </frame>
 <frame number="00000785">
  <person id="0015">
   <leftEye x="370" y="178"/>
   <rightEye x="390" y="178"/>
  </person>
 </frame>
 <frame number="00000786">
  <person id="0015">
   <leftEye x="369" y="180"/>
   <rightEye x="389" y="180"/>
  </person>
 </frame>
 <frame number="00000787">
  <person id="0015">
   <leftEye x="368" y="184"/>
   <rightEye x="389" y="183"/>
  </person>
 </frame>
 <frame number="00000788">
  <person id="0015">
   <leftEye x="367" y="188"/>
   <rightEye x="388" y="188"/>
  </person>
 </frame>
 <frame number="00000789">
  <person id="0015">
   <leftEye x="366" y="193"/>
   <rightEye x="388" y="193"/>
  </person>
 </frame>
 <frame number="00000790">
  <person id="0015">
   <leftEye x="365" y="197"/>
   <rightEye x="387" y="197"/>
  </person>
 </frame>
 <frame number="00000791">
  <person id="0015">
   <leftEye x="364" y="201"/>
   <rightEye x="386" y="201"/>
  </person>
 </frame>
 <frame number="00000792">
  <person id="0015">
   <leftEye x="363" y="204"/>
   <rightEye x="386" y="204"/>
  </person>
 </frame>
 <frame number="00000793">
  <person id="0015">
   <leftEye x="362" y="205"/>
   <rightEye x="385" y="205"/>
  </person>
 </frame>
 <frame number="00000794">
  <person id="0015">
   <leftEye x="360" y="205"/>
   <rightEye x="384" y="205"/>
  </person>
 </frame>
 <frame number="00000795">
  <person id="0015">
   <leftEye x="358" y="204"/>
   <rightEye x="382" y="204"/>
  </person>
 </frame>
 <frame number="00000796">
  <person id="0015">
   <leftEye x="356" y="203"/>
   <rightEye x="381" y="204"/>
  </person>
 </frame>
 <frame number="00000797">
  <person id="0015">
   <leftEye x="353" y="202"/>
   <rightEye x="380" y="203"/>
  </person>
 </frame>
 <frame number="00000798">
  <person id="0015">
   <leftEye x="349" y="202"/>
   <rightEye x="377" y="202"/>
  </person>
 </frame>
 <frame number="00000799">
  <person id="0015">
   <leftEye x="345" y="203"/>
   <rightEye x="374" y="202"/>
  </person>
 </frame>
 <frame number="00000800">
  <person id="0015">
   <leftEye x="341" y="205"/>
   <rightEye x="371" y="204"/>
  </person>
 </frame>
 <frame number="00000801">
  <person id="0015">
   <leftEye x="337" y="208"/>
   <rightEye x="367" y="208"/>
  </person>
 </frame>
 <frame number="00000802">
  <person id="0015">
   <leftEye x="332" y="214"/>
   <rightEye x="362" y="214"/>
  </person>
 </frame>
 <frame number="00000803">
  <person id="0015">
   <leftEye x="326" y="222"/>
   <rightEye x="357" y="222"/>
  </person>
 </frame>
 <frame number="00000804">
  <person id="0015">
   <leftEye x="320" y="230"/>
   <rightEye x="352" y="230"/>
  </person>
 </frame>
 <frame number="00000805">
  <person id="0015">
   <leftEye x="314" y="238"/>
   <rightEye x="347" y="238"/>
  </person>
 </frame>
 <frame number="00000806">
  <person id="0015">
   <leftEye x="307" y="245"/>
   <rightEye x="341" y="245"/>
  </person>
 </frame>
 <frame number="00000807">
  <person id="0015">
   <leftEye x="300" y="251"/>
   <rightEye x="334" y="251"/>
  </person>
 </frame>
 <frame number="00000808">
  <person id="0015">
   <leftEye x="292" y="255"/>
   <rightEye x="327" y="254"/>
  </person>
 </frame>
 <frame number="00000809">
  <person id="0015">
   <leftEye x="284" y="257"/>
   <rightEye x="320" y="256"/>
  </person>
 </frame>
 <frame number="00000810">
  <person id="0015">
   <leftEye x="276" y="258"/>
   <rightEye x="313" y="258"/>
  </person>
 </frame>
 <frame number="00000811">
  <person id="0015">
   <leftEye x="268" y="259"/>
   <rightEye x="306" y="259"/>
  </person>
 </frame>
 <frame number="00000812">
  <person id="0015">
   <leftEye x="261" y="259"/>
   <rightEye x="299" y="259"/>
  </person>
 </frame>
 <frame number="00000813">
  <person id="0015">
   <leftEye x="253" y="260"/>
   <rightEye x="293" y="259"/>
  </person>
 </frame>
 <frame number="00000814">
  <person id="0015">
   <leftEye x="245" y="262"/>
   <rightEye x="287" y="261"/>
  </person>
 </frame>
 <frame number="00000815">
  <person id="0015">
   <leftEye x="238" y="266"/>
   <rightEye x="281" y="265"/>
  </person>
 </frame>
 <frame number="00000816">
  <person id="0015">
   <leftEye x="231" y="273"/>
   <rightEye x="276" y="273"/>
  </person>
 </frame>
 <frame number="00000817">
  <person id="0015">
   <leftEye x="223" y="285"/>
   <rightEye x="269" y="285"/>
  </person>
 </frame>
 <frame number="00000818">
  <person id="0015">
   <leftEye x="217" y="295"/>
   <rightEye x="265" y="294"/>
  </person>
 </frame>
 <frame number="00000819">
  <person id="0015">
   <leftEye x="209" y="310"/>
   <rightEye x="259" y="309"/>
  </person>
 </frame>
 <frame number="00000820">
  <person id="0015">
   <leftEye x="196" y="333"/>
   <rightEye x="249" y="332"/>
  </person>
 </frame>
 <frame number="00000821">
  <person id="0015">
   <leftEye x="183" y="353"/>
   <rightEye x="239" y="353"/>
  </person>
 </frame>
 <frame number="00000822">
  <person id="0015">
   <leftEye x="175" y="365"/>
   <rightEye x="233" y="366"/>
  </person>
 </frame>
 <frame number="00000823">
  <person id="0015">
   <leftEye x="162" y="378"/>
   <rightEye x="222" y="379"/>
  </person>
 </frame>
 <frame number="00000824">
  <person id="0015">
   <leftEye x="141" y="395"/>
   <rightEye x="205" y="396"/>
  </person>
 </frame>
 <frame number="00000825">
  <person id="0015">
   <leftEye x="127" y="405"/>
   <rightEye x="194" y="406"/>
  </person>
 </frame>
 <frame number="00000826">
  <person id="0015">
   <leftEye x="115" y="413"/>
   <rightEye x="184" y="413"/>
  </person>
 </frame>
 <frame number="00000827">
  <person id="0015">
   <leftEye x="95" y="424"/>
   <rightEye x="167" y="425"/>
  </person>
 </frame>
 <frame number="00000828">
  <person id="0015">
   <leftEye x="70" y="438"/>
   <rightEye x="146" y="441"/>
  </person>
 </frame>
 <frame number="00000829">
  <person id="0015">
   <leftEye x="44" y="454"/>
   <rightEye x="122" y="459"/>
  </person>
 </frame>
 <frame number="00000830"/>
 <frame number="00000831"/>
 <frame number="00000832"/>
 <frame number="00000833"/>
 <frame number="00000834"/>
 <frame number="00000835"/>
 <frame number="00000836"/>
 <frame number="00000909"/>
 <frame number="00000910"/>
 <frame number="00000911"/>
 <frame number="00000912"/>
 <frame number="00000913"/>
 <frame number="00000914"/>
 <frame number="00000915"/>
 <frame number="00000916"/>
 <frame number="00000917"/>
 <frame number="00000918"/>
 <frame number="00000919"/>
 <frame number="00000920"/>
 <frame number="00000921"/>
 <frame number="00000922"/>
 <frame number="00000923"/>
 <frame number="00000924"/>
 <frame number="00000925"/>
 <frame number="00000926"/>
 <frame number="00000927"/>
 <frame number="00000928"/>
 <frame number="00000929"/>
 <frame number="00000930"/>
 <frame number="00000931"/>
 <frame number="00000932"/>
 <frame number="00000933"/>
 <frame number="00000934"/>
 <frame number="00000935"/>
 <frame number="00000936"/>
 <frame number="00000937"/>
 <frame number="00000938"/>
 <frame number="00000939"/>
 <frame number="00000940"/>
 <frame number="00000941"/>
 <frame number="00000942"/>
 <frame number="00000943"/>
 <frame number="00000944"/>
 <frame number="00000945"/>
 <frame number="00000946"/>
 <frame number="00000947"/>
 <frame number="00000948"/>
 <frame number="00000949"/>
 <frame number="00000950"/>
 <frame number="00000951"/>
 <frame number="00000952"/>
 <frame number="00000953"/>
 <frame number="00000954"/>
 <frame number="00000955"/>
 <frame number="00000956"/>
 <frame number="00000957"/>
 <frame number="00000958"/>
 <frame number="00000959"/>
 <frame number="00000960"/>
 <frame number="00000961"/>
 <frame number="00000962"/>
 <frame number="00000963"/>
 <frame number="00000964"/>
 <frame number="00000965"/>
 <frame number="00000966"/>
 <frame number="00000967"/>
 <frame number="00000968">
  <person id="0021">
   <leftEye x="401" y="148"/>
   <rightEye x="417" y="148"/>
  </person>
 </frame>
 <frame number="00000969">
  <person id="0021">
   <leftEye x="400" y="148"/>
   <rightEye x="414" y="148"/>
  </person>
 </frame>
 <frame number="00000970">
  <person id="0021">
   <leftEye x="398" y="149"/>
   <rightEye x="412" y="149"/>
  </person>
 </frame>
 <frame number="00000971">
  <person id="0021">
   <leftEye x="397" y="151"/>
   <rightEye x="411" y="151"/>
  </person>
 </frame>
 <frame number="00000972">
  <person id="0021">
   <leftEye x="396" y="153"/>
   <rightEye x="409" y="153"/>
  </person>
 </frame>
 <frame number="00000973">
  <person id="0021">
   <leftEye x="394" y="156"/>
   <rightEye x="408" y="156"/>
  </person>
 </frame>
 <frame number="00000974">
  <person id="0021">
   <leftEye x="392" y="159"/>
   <rightEye x="406" y="159"/>
  </person>
 </frame>
 <frame number="00000975">
  <person id="0021">
   <leftEye x="389" y="161"/>
   <rightEye x="404" y="161"/>
  </person>
 </frame>
 <frame number="00000976">
  <person id="0021">
   <leftEye x="387" y="163"/>
   <rightEye x="402" y="163"/>
  </person>
 </frame>
 <frame number="00000977">
  <person id="0021">
   <leftEye x="385" y="163"/>
   <rightEye x="400" y="163"/>
  </person>
 </frame>
 <frame number="00000978">
  <person id="0021">
   <leftEye x="383" y="163"/>
   <rightEye x="398" y="163"/>
  </person>
 </frame>
 <frame number="00000979">
  <person id="0021">
   <leftEye x="381" y="162"/>
   <rightEye x="396" y="162"/>
  </person>
 </frame>
 <frame number="00000980">
  <person id="0021">
   <leftEye x="380" y="161"/>
   <rightEye x="395" y="161"/>
  </person>
 </frame>
 <frame number="00000981">
  <person id="0021">
   <leftEye x="379" y="160"/>
   <rightEye x="394" y="160"/>
  </person>
 </frame>
 <frame number="00000982">
  <person id="0021">
   <leftEye x="378" y="159"/>
   <rightEye x="393" y="159"/>
  </person>
 </frame>
 <frame number="00000983">
  <person id="0021">
   <leftEye x="377" y="158"/>
   <rightEye x="393" y="158"/>
  </person>
 </frame>
 <frame number="00000984">
  <person id="0021">
   <leftEye x="376" y="158"/>
   <rightEye x="392" y="158"/>
  </person>
 </frame>
 <frame number="00000985">
  <person id="0021">
   <leftEye x="376" y="159"/>
   <rightEye x="392" y="159"/>
  </person>
 </frame>
 <frame number="00000986">
  <person id="0021">
   <leftEye x="376" y="162"/>
   <rightEye x="391" y="162"/>
  </person>
 </frame>
 <frame number="00000987">
  <person id="0021">
   <leftEye x="375" y="165"/>
   <rightEye x="391" y="165"/>
  </person>
 </frame>
 <frame number="00000988">
  <person id="0021">
   <leftEye x="375" y="168"/>
   <rightEye x="391" y="168"/>
  </person>
 </frame>
 <frame number="00000989">
  <person id="0021">
   <leftEye x="375" y="171"/>
   <rightEye x="391" y="171"/>
  </person>
 </frame>
 <frame number="00000990">
  <person id="0021">
   <leftEye x="375" y="174"/>
   <rightEye x="391" y="174"/>
  </person>
 </frame>
 <frame number="00000991">
  <person id="0021">
   <leftEye x="375" y="176"/>
   <rightEye x="391" y="176"/>
  </person>
 </frame>
 <frame number="00000992">
  <person id="0021">
   <leftEye x="375" y="177"/>
   <rightEye x="392" y="177"/>
  </person>
 </frame>
 <frame number="00000993">
  <person id="0021">
   <leftEye x="375" y="177"/>
   <rightEye x="392" y="177"/>
  </person>
 </frame>
 <frame number="00000994">
  <person id="0021">
   <leftEye x="375" y="177"/>
   <rightEye x="392" y="177"/>
  </person>
 </frame>
 <frame number="00000995">
  <person id="0021">
   <leftEye x="375" y="176"/>
   <rightEye x="392" y="177"/>
  </person>
 </frame>
 <frame number="00000996">
  <person id="0021">
   <leftEye x="373" y="174"/>
   <rightEye x="391" y="175"/>
  </person>
 </frame>
 <frame number="00000997">
  <person id="0021">
   <leftEye x="371" y="173"/>
   <rightEye x="390" y="173"/>
  </person>
 </frame>
 <frame number="00000998">
  <person id="0021">
   <leftEye x="369" y="171"/>
   <rightEye x="388" y="172"/>
  </person>
 </frame>
 <frame number="00000999">
  <person id="0021">
   <leftEye x="367" y="171"/>
   <rightEye x="386" y="171"/>
  </person>
 </frame>
 <frame number="00001000">
  <person id="0021">
   <leftEye x="364" y="172"/>
   <rightEye x="383" y="172"/>
  </person>
 </frame>
 <frame number="00001001">
  <person id="0021">
   <leftEye x="361" y="175"/>
   <rightEye x="380" y="175"/>
  </person>
 </frame>
 <frame number="00001002">
  <person id="0021">
   <leftEye x="357" y="179"/>
   <rightEye x="377" y="179"/>
  </person>
 </frame>
 <frame number="00001003">
  <person id="0021">
   <leftEye x="353" y="184"/>
   <rightEye x="374" y="184"/>
  </person>
 </frame>
 <frame number="00001004">
  <person id="0021">
   <leftEye x="350" y="189"/>
   <rightEye x="370" y="189"/>
  </person>
 </frame>
 <frame number="00001005">
  <person id="0021">
   <leftEye x="346" y="193"/>
   <rightEye x="366" y="193"/>
  </person>
 </frame>
 <frame number="00001006">
  <person id="0021">
   <leftEye x="341" y="197"/>
   <rightEye x="362" y="197"/>
  </person>
 </frame>
 <frame number="00001007">
  <person id="0021">
   <leftEye x="336" y="199"/>
   <rightEye x="358" y="199"/>
  </person>
 </frame>
 <frame number="00001008">
  <person id="0021">
   <leftEye x="331" y="201"/>
   <rightEye x="354" y="201"/>
  </person>
 </frame>
 <frame number="00001009">
  <person id="0021">
   <leftEye x="327" y="202"/>
   <rightEye x="350" y="202"/>
  </person>
 </frame>
 <frame number="00001010">
  <person id="0021">
   <leftEye x="323" y="202"/>
   <rightEye x="346" y="202"/>
  </person>
 </frame>
 <frame number="00001011">
  <person id="0021">
   <leftEye x="319" y="201"/>
   <rightEye x="343" y="201"/>
  </person>
 </frame>
 <frame number="00001012">
  <person id="0021">
   <leftEye x="316" y="200"/>
   <rightEye x="340" y="200"/>
  </person>
 </frame>
 <frame number="00001013">
  <person id="0021">
   <leftEye x="314" y="199"/>
   <rightEye x="338" y="199"/>
  </person>
 </frame>
 <frame number="00001014">
  <person id="0021">
   <leftEye x="312" y="199"/>
   <rightEye x="337" y="199"/>
  </person>
 </frame>
 <frame number="00001015">
  <person id="0021">
   <leftEye x="310" y="200"/>
   <rightEye x="336" y="200"/>
  </person>
 </frame>
 <frame number="00001016">
  <person id="0021">
   <leftEye x="308" y="203"/>
   <rightEye x="335" y="204"/>
  </person>
 </frame>
 <frame number="00001017">
  <person id="0021">
   <leftEye x="306" y="209"/>
   <rightEye x="333" y="209"/>
  </person>
 </frame>
 <frame number="00001018">
  <person id="0021">
   <leftEye x="304" y="216"/>
   <rightEye x="332" y="216"/>
  </person>
 </frame>
 <frame number="00001019">
  <person id="0021">
   <leftEye x="303" y="224"/>
   <rightEye x="331" y="224"/>
  </person>
 </frame>
 <frame number="00001020">
  <person id="0021">
   <leftEye x="302" y="231"/>
   <rightEye x="330" y="232"/>
  </person>
 </frame>
 <frame number="00001021">
  <person id="0021">
   <leftEye x="301" y="238"/>
   <rightEye x="329" y="239"/>
  </person>
 </frame>
 <frame number="00001022">
  <person id="0021">
   <leftEye x="300" y="242"/>
   <rightEye x="329" y="244"/>
  </person>
 </frame>
 <frame number="00001023">
  <person id="0021">
   <leftEye x="299" y="245"/>
   <rightEye x="329" y="247"/>
  </person>
 </frame>
 <frame number="00001024">
  <person id="0021">
   <leftEye x="297" y="247"/>
   <rightEye x="328" y="249"/>
  </person>
 </frame>
 <frame number="00001025">
  <person id="0021">
   <leftEye x="294" y="248"/>
   <rightEye x="327" y="250"/>
  </person>
 </frame>
 <frame number="00001026">
  <person id="0021">
   <leftEye x="291" y="248"/>
   <rightEye x="324" y="250"/>
  </person>
 </frame>
 <frame number="00001027">
  <person id="0021">
   <leftEye x="286" y="246"/>
   <rightEye x="320" y="248"/>
  </person>
 </frame>
 <frame number="00001028">
  <person id="0021">
   <leftEye x="280" y="244"/>
   <rightEye x="315" y="246"/>
  </person>
 </frame>
 <frame number="00001029">
  <person id="0021">
   <leftEye x="274" y="244"/>
   <rightEye x="310" y="246"/>
  </person>
 </frame>
 <frame number="00001030">
  <person id="0021">
   <leftEye x="267" y="247"/>
   <rightEye x="304" y="248"/>
  </person>
 </frame>
 <frame number="00001031">
  <person id="0021">
   <leftEye x="259" y="252"/>
   <rightEye x="297" y="253"/>
  </person>
 </frame>
 <frame number="00001032">
  <person id="0021">
   <leftEye x="251" y="261"/>
   <rightEye x="290" y="262"/>
  </person>
 </frame>
 <frame number="00001033">
  <person id="0021">
   <leftEye x="243" y="273"/>
   <rightEye x="283" y="274"/>
  </person>
 </frame>
 <frame number="00001034">
  <person id="0021">
   <leftEye x="233" y="288"/>
   <rightEye x="274" y="289"/>
  </person>
 </frame>
 <frame number="00001035">
  <person id="0021">
   <leftEye x="222" y="304"/>
   <rightEye x="264" y="305"/>
  </person>
 </frame>
 <frame number="00001036">
  <person id="0021">
   <leftEye x="209" y="319"/>
   <rightEye x="253" y="320"/>
  </person>
 </frame>
 <frame number="00001037">
  <person id="0021">
   <leftEye x="194" y="333"/>
   <rightEye x="241" y="334"/>
  </person>
 </frame>
 <frame number="00001038">
  <person id="0021">
   <leftEye x="179" y="344"/>
   <rightEye x="227" y="345"/>
  </person>
 </frame>
 <frame number="00001039">
  <person id="0021">
   <leftEye x="163" y="354"/>
   <rightEye x="212" y="355"/>
  </person>
 </frame>
 <frame number="00001040">
  <person id="0021">
   <leftEye x="146" y="364"/>
   <rightEye x="198" y="365"/>
  </person>
 </frame>
 <frame number="00001041">
  <person id="0021">
   <leftEye x="130" y="372"/>
   <rightEye x="184" y="373"/>
  </person>
 </frame>
 <frame number="00001042">
  <person id="0021">
   <leftEye x="114" y="379"/>
   <rightEye x="169" y="380"/>
  </person>
 </frame>
 <frame number="00001043">
  <person id="0021">
   <leftEye x="98" y="386"/>
   <rightEye x="156" y="388"/>
  </person>
 </frame>
 <frame number="00001044">
  <person id="0021">
   <leftEye x="81" y="395"/>
   <rightEye x="142" y="398"/>
  </person>
 </frame>
 <frame number="00001045">
  <person id="0021">
   <leftEye x="63" y="410"/>
   <rightEye x="127" y="413"/>
  </person>
 </frame>
 <frame number="00001046">
  <person id="0021">
   <leftEye x="45" y="431"/>
   <rightEye x="111" y="435"/>
  </person>
 </frame>
 <frame number="00001047">
  <person id="0021">
   <leftEye x="26" y="455"/>
   <rightEye x="96" y="460"/>
  </person>
 </frame>
 <frame number="00001048"/>
 <frame number="00001049"/>
 <frame number="00001050"/>
 <frame number="00001051"/>
 <frame number="00001052"/>
 <frame number="00001053"/>
 <frame number="00001054"/>
 <frame number="00001055"/>
 <frame number="00001056"/>
 <frame number="00001057"/>
</dataset>
