<!DOCTYPE GroundTruth>
<dataset name="P2L_S2_C2">
 <frame number="00000000"/>
 <frame number="00000001"/>
 <frame number="00000002"/>
 <frame number="00000003"/>
 <frame number="00000004"/>
 <frame number="00000005"/>
 <frame number="00000006"/>
 <frame number="00000007"/>
 <frame number="00000008"/>
 <frame number="00000009"/>
 <frame number="00000010"/>
 <frame number="00000011"/>
 <frame number="00000012"/>
 <frame number="00000013"/>
 <frame number="00000014"/>
 <frame number="00000015"/>
 <frame number="00000016"/>
 <frame number="00000017"/>
 <frame number="00000018"/>
 <frame number="00000019"/>
 <frame number="00000020"/>
 <frame number="00000021"/>
 <frame number="00000022"/>
 <frame number="00000023"/>
 <frame number="00000024"/>
 <frame number="00000025"/>
 <frame number="00000026"/>
 <frame number="00000027"/>
 <frame number="00000028"/>
 <frame number="00000029"/>
 <frame number="00000030"/>
 <frame number="00000031"/>
 <frame number="00000032"/>
 <frame number="00000033"/>
 <frame number="00000034"/>
 <frame number="00000035"/>
 <frame number="00000036"/>
 <frame number="00000037"/>
 <frame number="00000038"/>
 <frame number="00000039"/>
 <frame number="00000040"/>
 <frame number="00000041"/>
 <frame number="00000042"/>
 <frame number="00000043"/>
 <frame number="00000044"/>
 <frame number="00000045"/>
 <frame number="00000046"/>
 <frame number="00000047"/>
 <frame number="00000048"/>
 <frame number="00000049"/>
 <frame number="00000050"/>
 <frame number="00000051"/>
 <frame number="00000052"/>
 <frame number="00000053"/>
 <frame number="00000054"/>
 <frame number="00000055"/>
 <frame number="00000056"/>
 <frame number="00000057"/>
 <frame number="00000058"/>
 <frame number="00000059"/>
 <frame number="00000060"/>
 <frame number="00000061"/>
 <frame number="00000062"/>
 <frame number="00000063"/>
 <frame number="00000064"/>
 <frame number="00000065"/>
 <frame number="00000066"/>
 <frame number="00000067"/>
 <frame number="00000068"/>
 <frame number="00000069"/>
 <frame number="00000070"/>
 <frame number="00000071"/>
 <frame number="00000072"/>
 <frame number="00000073"/>
 <frame number="00000074"/>
 <frame number="00000075"/>
 <frame number="00000076"/>
 <frame number="00000077"/>
 <frame number="00000078"/>
 <frame number="00000079"/>
 <frame number="00000080"/>
 <frame number="00000081"/>
 <frame number="00000082"/>
 <frame number="00000083"/>
 <frame number="00000084"/>
 <frame number="00000085"/>
 <frame number="00000086"/>
 <frame number="00000087"/>
 <frame number="00000088"/>
 <frame number="00000089"/>
 <frame number="00000090"/>
 <frame number="00000091"/>
 <frame number="00000092"/>
 <frame number="00000093"/>
 <frame number="00000094"/>
 <frame number="00000095"/>
 <frame number="00000096"/>
 <frame number="00000097"/>
 <frame number="00000098"/>
 <frame number="00000099"/>
 <frame number="00000156"/>
 <frame number="00000157"/>
 <frame number="00000158"/>
 <frame number="00000159"/>
 <frame number="00000160"/>
 <frame number="00000161"/>
 <frame number="00000162"/>
 <frame number="00000163"/>
 <frame number="00000164"/>
 <frame number="00000165"/>
 <frame number="00000166"/>
 <frame number="00000167"/>
 <frame number="00000168"/>
 <frame number="00000169"/>
 <frame number="00000170"/>
 <frame number="00000171"/>
 <frame number="00000172"/>
 <frame number="00000173"/>
 <frame number="00000174"/>
 <frame number="00000175"/>
 <frame number="00000176"/>
 <frame number="00000177"/>
 <frame number="00000178"/>
 <frame number="00000179"/>
 <frame number="00000180"/>
 <frame number="00000181"/>
 <frame number="00000182"/>
 <frame number="00000183"/>
 <frame number="00000184"/>
 <frame number="00000185"/>
 <frame number="00000186"/>
 <frame number="00000187"/>
 <frame number="00000188"/>
 <frame number="00000189"/>
 <frame number="00000190"/>
 <frame number="00000191"/>
 <frame number="00000192"/>
 <frame number="00000193"/>
 <frame number="00000194"/>
 <frame number="00000195"/>
 <frame number="00000196"/>
 <frame number="00000197"/>
 <frame number="00000198"/>
 <frame number="00000199"/>
 <frame number="00000200"/>
 <frame number="00000201"/>
 <frame number="00000202"/>
 <frame number="00000203"/>
 <frame number="00000204"/>
 <frame number="00000205"/>
 <frame number="00000206"/>
 <frame number="00000207"/>
 <frame number="00000208"/>
 <frame number="00000209"/>
 <frame number="00000210"/>
 <frame number="00000211"/>
 <frame number="00000212"/>
 <frame number="00000213"/>
 <frame number="00000214"/>
 <frame number="00000215"/>
 <frame number="00000216"/>
 <frame number="00000217"/>
 <frame number="00000218"/>
 <frame number="00000219"/>
 <frame number="00000220"/>
 <frame number="00000221"/>
 <frame number="00000222"/>
 <frame number="00000223"/>
 <frame number="00000224"/>
 <frame number="00000225"/>
 <frame number="00000226"/>
 <frame number="00000227"/>
 <frame number="00000228"/>
 <frame number="00000229"/>
 <frame number="00000230"/>
 <frame number="00000231"/>
 <frame number="00000232">
  <person id="0022">
   <leftEye x="449" y="154"/>
   <rightEye x="465" y="154"/>
  </person>
 </frame>
 <frame number="00000233">
  <person id="0022">
   <leftEye x="448" y="158"/>
   <rightEye x="464" y="158"/>
  </person>
 </frame>
 <frame number="00000234">
  <person id="0022">
   <leftEye x="448" y="161"/>
   <rightEye x="464" y="161"/>
  </person>
 </frame>
 <frame number="00000235">
  <person id="0022">
   <leftEye x="448" y="164"/>
   <rightEye x="465" y="164"/>
  </person>
 </frame>
 <frame number="00000236">
  <person id="0022">
   <leftEye x="448" y="166"/>
   <rightEye x="465" y="166"/>
  </person>
 </frame>
 <frame number="00000237">
  <person id="0022">
   <leftEye x="449" y="167"/>
   <rightEye x="466" y="167"/>
  </person>
 </frame>
 <frame number="00000238">
  <person id="0022">
   <leftEye x="449" y="168"/>
   <rightEye x="467" y="167"/>
  </person>
 </frame>
 <frame number="00000239">
  <person id="0022">
   <leftEye x="450" y="167"/>
   <rightEye x="467" y="167"/>
  </person>
 </frame>
 <frame number="00000240">
  <person id="0022">
   <leftEye x="450" y="166"/>
   <rightEye x="467" y="166"/>
  </person>
 </frame>
 <frame number="00000241">
  <person id="0022">
   <leftEye x="450" y="165"/>
   <rightEye x="467" y="165"/>
  </person>
 </frame>
 <frame number="00000242">
  <person id="0022">
   <leftEye x="450" y="164"/>
   <rightEye x="467" y="164"/>
  </person>
 </frame>
 <frame number="00000243">
  <person id="0022">
   <leftEye x="450" y="164"/>
   <rightEye x="467" y="163"/>
  </person>
 </frame>
 <frame number="00000244">
  <person id="0022">
   <leftEye x="450" y="164"/>
   <rightEye x="467" y="163"/>
  </person>
 </frame>
 <frame number="00000245">
  <person id="0022">
   <leftEye x="450" y="165"/>
   <rightEye x="467" y="164"/>
  </person>
 </frame>
 <frame number="00000246">
  <person id="0022">
   <leftEye x="449" y="167"/>
   <rightEye x="467" y="167"/>
  </person>
 </frame>
 <frame number="00000247">
  <person id="0022">
   <leftEye x="448" y="171"/>
   <rightEye x="467" y="171"/>
  </person>
 </frame>
 <frame number="00000248">
  <person id="0022">
   <leftEye x="447" y="176"/>
   <rightEye x="467" y="176"/>
  </person>
 </frame>
 <frame number="00000249">
  <person id="0022">
   <leftEye x="446" y="182"/>
   <rightEye x="466" y="181"/>
  </person>
 </frame>
 <frame number="00000250">
  <person id="0022">
   <leftEye x="445" y="187"/>
   <rightEye x="465" y="186"/>
  </person>
 </frame>
 <frame number="00000251">
  <person id="0022">
   <leftEye x="443" y="192"/>
   <rightEye x="464" y="190"/>
  </person>
 </frame>
 <frame number="00000252">
  <person id="0022">
   <leftEye x="441" y="194"/>
   <rightEye x="462" y="193"/>
  </person>
 </frame>
 <frame number="00000253">
  <person id="0022">
   <leftEye x="439" y="195"/>
   <rightEye x="460" y="194"/>
  </person>
 </frame>
 <frame number="00000254">
  <person id="0022">
   <leftEye x="437" y="195"/>
   <rightEye x="458" y="195"/>
  </person>
 </frame>
 <frame number="00000255">
  <person id="0022">
   <leftEye x="435" y="195"/>
   <rightEye x="457" y="195"/>
  </person>
 </frame>
 <frame number="00000256">
  <person id="0022">
   <leftEye x="433" y="195"/>
   <rightEye x="456" y="194"/>
  </person>
 </frame>
 <frame number="00000257">
  <person id="0022">
   <leftEye x="432" y="194"/>
   <rightEye x="455" y="193"/>
  </person>
 </frame>
 <frame number="00000258">
  <person id="0022">
   <leftEye x="431" y="194"/>
   <rightEye x="454" y="192"/>
  </person>
 </frame>
 <frame number="00000259">
  <person id="0022">
   <leftEye x="430" y="194"/>
   <rightEye x="454" y="192"/>
  </person>
 </frame>
 <frame number="00000260">
  <person id="0022">
   <leftEye x="430" y="195"/>
   <rightEye x="454" y="194"/>
  </person>
 </frame>
 <frame number="00000261">
  <person id="0022">
   <leftEye x="430" y="198"/>
   <rightEye x="454" y="197"/>
  </person>
 </frame>
 <frame number="00000262">
  <person id="0022">
   <leftEye x="430" y="203"/>
   <rightEye x="454" y="202"/>
  </person>
 </frame>
 <frame number="00000263">
  <person id="0022">
   <leftEye x="430" y="210"/>
   <rightEye x="454" y="209"/>
  </person>
 </frame>
 <frame number="00000264">
  <person id="0022">
   <leftEye x="430" y="218"/>
   <rightEye x="454" y="218"/>
  </person>
 </frame>
 <frame number="00000265">
  <person id="0022">
   <leftEye x="431" y="227"/>
   <rightEye x="456" y="227"/>
  </person>
 </frame>
 <frame number="00000266">
  <person id="0022">
   <leftEye x="432" y="236"/>
   <rightEye x="458" y="236"/>
  </person>
 </frame>
 <frame number="00000267">
  <person id="0022">
   <leftEye x="433" y="243"/>
   <rightEye x="460" y="243"/>
  </person>
 </frame>
 <frame number="00000268">
  <person id="0022">
   <leftEye x="434" y="247"/>
   <rightEye x="461" y="247"/>
  </person>
 </frame>
 <frame number="00000269">
  <person id="0022">
   <leftEye x="435" y="249"/>
   <rightEye x="463" y="249"/>
  </person>
 </frame>
 <frame number="00000270">
  <person id="0022">
   <leftEye x="435" y="250"/>
   <rightEye x="465" y="249"/>
  </person>
 </frame>
 <frame number="00000271">
  <person id="0022">
   <leftEye x="435" y="250"/>
   <rightEye x="466" y="249"/>
  </person>
 </frame>
 <frame number="00000272">
  <person id="0022">
   <leftEye x="435" y="249"/>
   <rightEye x="467" y="249"/>
  </person>
 </frame>
 <frame number="00000273">
  <person id="0022">
   <leftEye x="435" y="248"/>
   <rightEye x="467" y="249"/>
  </person>
 </frame>
 <frame number="00000274">
  <person id="0022">
   <leftEye x="434" y="248"/>
   <rightEye x="467" y="248"/>
  </person>
 </frame>
 <frame number="00000275">
  <person id="0022">
   <leftEye x="433" y="248"/>
   <rightEye x="466" y="248"/>
  </person>
 </frame>
 <frame number="00000276">
  <person id="0022">
   <leftEye x="430" y="250"/>
   <rightEye x="465" y="249"/>
  </person>
 </frame>
 <frame number="00000277">
  <person id="0022">
   <leftEye x="427" y="254"/>
   <rightEye x="463" y="253"/>
  </person>
 </frame>
 <frame number="00000278">
  <person id="0022">
   <leftEye x="424" y="261"/>
   <rightEye x="461" y="260"/>
  </person>
 </frame>
 <frame number="00000279">
  <person id="0022">
   <leftEye x="420" y="272"/>
   <rightEye x="458" y="270"/>
  </person>
 </frame>
 <frame number="00000280">
  <person id="0022">
   <leftEye x="416" y="285"/>
   <rightEye x="454" y="283"/>
  </person>
 </frame>
 <frame number="00000281">
  <person id="0022">
   <leftEye x="410" y="299"/>
   <rightEye x="450" y="297"/>
  </person>
 </frame>
 <frame number="00000282">
  <person id="0022">
   <leftEye x="404" y="313"/>
   <rightEye x="445" y="310"/>
  </person>
 </frame>
 <frame number="00000283">
  <person id="0022">
   <leftEye x="397" y="324"/>
   <rightEye x="439" y="321"/>
  </person>
 </frame>
 <frame number="00000284">
  <person id="0022">
   <leftEye x="389" y="333"/>
   <rightEye x="433" y="331"/>
  </person>
 </frame>
 <frame number="00000285">
  <person id="0022">
   <leftEye x="380" y="341"/>
   <rightEye x="427" y="340"/>
  </person>
 </frame>
 <frame number="00000286">
  <person id="0022">
   <leftEye x="372" y="349"/>
   <rightEye x="420" y="348"/>
  </person>
 </frame>
 <frame number="00000287">
  <person id="0022">
   <leftEye x="363" y="357"/>
   <rightEye x="413" y="355"/>
  </person>
 </frame>
 <frame number="00000288">
  <person id="0022">
   <leftEye x="354" y="364"/>
   <rightEye x="407" y="361"/>
  </person>
 </frame>
 <frame number="00000289">
  <person id="0022">
   <leftEye x="346" y="370"/>
   <rightEye x="401" y="366"/>
  </person>
 </frame>
 <frame number="00000290">
  <person id="0022">
   <leftEye x="339" y="377"/>
   <rightEye x="395" y="373"/>
  </person>
 </frame>
 <frame number="00000291">
  <person id="0022">
   <leftEye x="331" y="386"/>
   <rightEye x="390" y="382"/>
  </person>
 </frame>
 <frame number="00000292">
  <person id="0022">
   <leftEye x="323" y="400"/>
   <rightEye x="385" y="395"/>
  </person>
 </frame>
 <frame number="00000293">
  <person id="0022">
   <leftEye x="314" y="419"/>
   <rightEye x="379" y="414"/>
  </person>
 </frame>
 <frame number="00000294">
  <person id="0022">
   <leftEye x="304" y="444"/>
   <rightEye x="373" y="441"/>
  </person>
 </frame>
 <frame number="00000295">
  <person id="0022">
   <leftEye x="296" y="474"/>
   <rightEye x="367" y="472"/>
  </person>
 </frame>
 <frame number="00000296"/>
 <frame number="00000297"/>
 <frame number="00000298"/>
 <frame number="00000299"/>
 <frame number="00000300"/>
 <frame number="00000301"/>
 <frame number="00000302"/>
 <frame number="00000303"/>
 <frame number="00000304"/>
 <frame number="00000305"/>
 <frame number="00000306"/>
 <frame number="00000307"/>
 <frame number="00000308"/>
 <frame number="00000309"/>
 <frame number="00000310"/>
 <frame number="00000311"/>
 <frame number="00000312"/>
 <frame number="00000313"/>
 <frame number="00000314"/>
 <frame number="00000315"/>
 <frame number="00000316"/>
 <frame number="00000317"/>
 <frame number="00000318"/>
 <frame number="00000319"/>
 <frame number="00000320"/>
 <frame number="00000321"/>
 <frame number="00000322"/>
 <frame number="00000323"/>
 <frame number="00000324"/>
 <frame number="00000325"/>
 <frame number="00000326"/>
 <frame number="00000327"/>
 <frame number="00000328"/>
 <frame number="00000329"/>
 <frame number="00000330"/>
 <frame number="00000331"/>
 <frame number="00000332"/>
 <frame number="00000333"/>
 <frame number="00000334"/>
 <frame number="00000335"/>
 <frame number="00000336"/>
 <frame number="00000337"/>
 <frame number="00000338"/>
 <frame number="00000339"/>
 <frame number="00000340"/>
 <frame number="00000341"/>
 <frame number="00000342"/>
 <frame number="00000343"/>
 <frame number="00000344"/>
 <frame number="00000345"/>
 <frame number="00000346"/>
 <frame number="00000347"/>
 <frame number="00000348"/>
 <frame number="00000349"/>
 <frame number="00000350"/>
 <frame number="00000351"/>
 <frame number="00000352"/>
 <frame number="00000353"/>
 <frame number="00000354"/>
 <frame number="00000355"/>
 <frame number="00000356"/>
 <frame number="00000357"/>
 <frame number="00000358"/>
 <frame number="00000359"/>
 <frame number="00000360"/>
 <frame number="00000361"/>
 <frame number="00000362"/>
 <frame number="00000363"/>
 <frame number="00000364"/>
 <frame number="00000365"/>
 <frame number="00000366"/>
 <frame number="00000367"/>
 <frame number="00000368"/>
 <frame number="00000369"/>
 <frame number="00000370"/>
 <frame number="00000371"/>
 <frame number="00000372"/>
 <frame number="00000373"/>
 <frame number="00000374"/>
 <frame number="00000375"/>
 <frame number="00000376"/>
 <frame number="00000377"/>
 <frame number="00000378"/>
 <frame number="00000379"/>
 <frame number="00000380"/>
 <frame number="00000381"/>
 <frame number="00000382"/>
 <frame number="00000383"/>
 <frame number="00000384"/>
 <frame number="00000385"/>
 <frame number="00000386"/>
 <frame number="00000387"/>
 <frame number="00000388"/>
 <frame number="00000389"/>
 <frame number="00000390"/>
 <frame number="00000391"/>
 <frame number="00000392"/>
 <frame number="00000393"/>
 <frame number="00000394"/>
 <frame number="00000395"/>
 <frame number="00000396"/>
 <frame number="00000397"/>
 <frame number="00000398"/>
 <frame number="00000399"/>
 <frame number="00000400"/>
 <frame number="00000401"/>
 <frame number="00000402"/>
 <frame number="00000403"/>
 <frame number="00000404"/>
 <frame number="00000405"/>
 <frame number="00000406"/>
 <frame number="00000407"/>
 <frame number="00000408"/>
 <frame number="00000409"/>
 <frame number="00000410"/>
 <frame number="00000411"/>
 <frame number="00000412"/>
 <frame number="00000413"/>
 <frame number="00000414"/>
 <frame number="00000415"/>
 <frame number="00000416"/>
 <frame number="00000417"/>
 <frame number="00000418"/>
 <frame number="00000419"/>
 <frame number="00000420"/>
 <frame number="00000421"/>
 <frame number="00000422"/>
 <frame number="00000423"/>
 <frame number="00000424"/>
 <frame number="00000425"/>
 <frame number="00000426"/>
 <frame number="00000427"/>
 <frame number="00000428"/>
 <frame number="00000429"/>
 <frame number="00000430"/>
 <frame number="00000431"/>
 <frame number="00000432"/>
 <frame number="00000433"/>
 <frame number="00000434"/>
 <frame number="00000435"/>
 <frame number="00000436"/>
 <frame number="00000437"/>
 <frame number="00000438"/>
 <frame number="00000439"/>
 <frame number="00000440"/>
 <frame number="00000441"/>
 <frame number="00000442"/>
 <frame number="00000443"/>
 <frame number="00000444"/>
 <frame number="00000445"/>
 <frame number="00000446"/>
 <frame number="00000447"/>
 <frame number="00000448"/>
 <frame number="00000449"/>
 <frame number="00000450"/>
 <frame number="00000451"/>
 <frame number="00000452"/>
 <frame number="00000453"/>
 <frame number="00000454"/>
 <frame number="00000455"/>
 <frame number="00000456"/>
 <frame number="00000457"/>
 <frame number="00000458"/>
 <frame number="00000459"/>
 <frame number="00000460"/>
 <frame number="00000461"/>
 <frame number="00000462"/>
 <frame number="00000463"/>
 <frame number="00000464"/>
 <frame number="00000465"/>
 <frame number="00000466"/>
 <frame number="00000467"/>
 <frame number="00000468"/>
 <frame number="00000469"/>
 <frame number="00000470"/>
 <frame number="00000471"/>
 <frame number="00000472"/>
 <frame number="00000473"/>
 <frame number="00000474"/>
 <frame number="00000475"/>
 <frame number="00000476"/>
 <frame number="00000477"/>
 <frame number="00000478"/>
 <frame number="00000479"/>
 <frame number="00000480">
  <person id="0021">
   <leftEye x="454" y="129"/>
   <rightEye x="470" y="130"/>
  </person>
 </frame>
 <frame number="00000481">
  <person id="0021">
   <leftEye x="453" y="129"/>
   <rightEye x="469" y="129"/>
  </person>
 </frame>
 <frame number="00000482">
  <person id="0021">
   <leftEye x="452" y="129"/>
   <rightEye x="467" y="129"/>
  </person>
 </frame>
 <frame number="00000483">
  <person id="0021">
   <leftEye x="451" y="131"/>
   <rightEye x="466" y="130"/>
  </person>
 </frame>
 <frame number="00000484">
  <person id="0021">
   <leftEye x="449" y="133"/>
   <rightEye x="465" y="133"/>
  </person>
 </frame>
 <frame number="00000485">
  <person id="0021">
   <leftEye x="447" y="136"/>
   <rightEye x="464" y="136"/>
  </person>
 </frame>
 <frame number="00000486">
  <person id="0021">
   <leftEye x="446" y="139"/>
   <rightEye x="463" y="140"/>
  </person>
 </frame>
 <frame number="00000487">
  <person id="0021">
   <leftEye x="444" y="142"/>
   <rightEye x="461" y="143"/>
  </person>
 </frame>
 <frame number="00000488">
  <person id="0021">
   <leftEye x="442" y="145"/>
   <rightEye x="459" y="145"/>
  </person>
 </frame>
 <frame number="00000489">
  <person id="0021">
   <leftEye x="440" y="147"/>
   <rightEye x="457" y="147"/>
  </person>
 </frame>
 <frame number="00000490">
  <person id="0021">
   <leftEye x="438" y="148"/>
   <rightEye x="456" y="148"/>
  </person>
 </frame>
 <frame number="00000491">
  <person id="0021">
   <leftEye x="436" y="148"/>
   <rightEye x="453" y="148"/>
  </person>
 </frame>
 <frame number="00000492">
  <person id="0021">
   <leftEye x="435" y="148"/>
   <rightEye x="452" y="148"/>
  </person>
 </frame>
 <frame number="00000493">
  <person id="0021">
   <leftEye x="433" y="148"/>
   <rightEye x="451" y="148"/>
  </person>
 </frame>
 <frame number="00000494">
  <person id="0021">
   <leftEye x="434" y="147"/>
   <rightEye x="450" y="147"/>
  </person>
 </frame>
 <frame number="00000495">
  <person id="0021">
   <leftEye x="433" y="146"/>
   <rightEye x="451" y="146"/>
  </person>
 </frame>
 <frame number="00000496">
  <person id="0021">
   <leftEye x="433" y="146"/>
   <rightEye x="452" y="146"/>
  </person>
 </frame>
 <frame number="00000497">
  <person id="0021">
   <leftEye x="434" y="146"/>
   <rightEye x="452" y="146"/>
  </person>
 </frame>
 <frame number="00000498">
  <person id="0021">
   <leftEye x="434" y="147"/>
   <rightEye x="453" y="147"/>
  </person>
 </frame>
 <frame number="00000499">
  <person id="0021">
   <leftEye x="434" y="150"/>
   <rightEye x="454" y="150"/>
  </person>
 </frame>
 <frame number="00000500">
  <person id="0021">
   <leftEye x="435" y="154"/>
   <rightEye x="455" y="154"/>
  </person>
 </frame>
 <frame number="00000501">
  <person id="0021">
   <leftEye x="437" y="159"/>
   <rightEye x="456" y="159"/>
  </person>
 </frame>
 <frame number="00000502">
  <person id="0021">
   <leftEye x="438" y="164"/>
   <rightEye x="459" y="164"/>
  </person>
 </frame>
 <frame number="00000503">
  <person id="0021">
   <leftEye x="438" y="164"/>
   <rightEye x="459" y="164"/>
  </person>
 </frame>
 <frame number="00000504">
  <person id="0021">
   <leftEye x="440" y="168"/>
   <rightEye x="460" y="169"/>
  </person>
 </frame>
 <frame number="00000505">
  <person id="0021">
   <leftEye x="443" y="171"/>
   <rightEye x="464" y="172"/>
  </person>
 </frame>
 <frame number="00000506">
  <person id="0021">
   <leftEye x="445" y="173"/>
   <rightEye x="466" y="173"/>
  </person>
 </frame>
 <frame number="00000507">
  <person id="0021">
   <leftEye x="448" y="173"/>
   <rightEye x="469" y="174"/>
  </person>
 </frame>
 <frame number="00000508">
  <person id="0021">
   <leftEye x="449" y="173"/>
   <rightEye x="471" y="174"/>
  </person>
 </frame>
 <frame number="00000509">
  <person id="0021">
   <leftEye x="451" y="172"/>
   <rightEye x="473" y="173"/>
  </person>
 </frame>
 <frame number="00000510">
  <person id="0021">
   <leftEye x="450" y="170"/>
   <rightEye x="474" y="170"/>
  </person>
 </frame>
 <frame number="00000511">
  <person id="0021">
   <leftEye x="450" y="167"/>
   <rightEye x="473" y="167"/>
  </person>
 </frame>
 <frame number="00000512">
  <person id="0021">
   <leftEye x="449" y="165"/>
   <rightEye x="473" y="165"/>
  </person>
 </frame>
 <frame number="00000513">
  <person id="0021">
   <leftEye x="448" y="164"/>
   <rightEye x="473" y="165"/>
  </person>
 </frame>
 <frame number="00000514">
  <person id="0021">
   <leftEye x="447" y="165"/>
   <rightEye x="472" y="166"/>
  </person>
 </frame>
 <frame number="00000515">
  <person id="0021">
   <leftEye x="447" y="168"/>
   <rightEye x="471" y="168"/>
  </person>
 </frame>
 <frame number="00000516">
  <person id="0021">
   <leftEye x="444" y="173"/>
   <rightEye x="470" y="173"/>
  </person>
 </frame>
 <frame number="00000517">
  <person id="0021">
   <leftEye x="443" y="179"/>
   <rightEye x="469" y="179"/>
  </person>
 </frame>
 <frame number="00000518">
  <person id="0021">
   <leftEye x="441" y="185"/>
   <rightEye x="467" y="186"/>
  </person>
 </frame>
 <frame number="00000519">
  <person id="0021">
   <leftEye x="439" y="192"/>
   <rightEye x="465" y="192"/>
  </person>
 </frame>
 <frame number="00000520">
  <person id="0021">
   <leftEye x="436" y="197"/>
   <rightEye x="463" y="197"/>
  </person>
 </frame>
 <frame number="00000521">
  <person id="0021">
   <leftEye x="433" y="201"/>
   <rightEye x="461" y="201"/>
  </person>
 </frame>
 <frame number="00000522">
  <person id="0021">
   <leftEye x="430" y="203"/>
   <rightEye x="458" y="203"/>
  </person>
 </frame>
 <frame number="00000523">
  <person id="0021">
   <leftEye x="427" y="204"/>
   <rightEye x="455" y="204"/>
  </person>
 </frame>
 <frame number="00000524">
  <person id="0021">
   <leftEye x="424" y="204"/>
   <rightEye x="453" y="204"/>
  </person>
 </frame>
 <frame number="00000525">
  <person id="0021">
   <leftEye x="422" y="204"/>
   <rightEye x="452" y="204"/>
  </person>
 </frame>
 <frame number="00000526">
  <person id="0021">
   <leftEye x="421" y="203"/>
   <rightEye x="452" y="202"/>
  </person>
 </frame>
 <frame number="00000527">
  <person id="0021">
   <leftEye x="420" y="201"/>
   <rightEye x="452" y="201"/>
  </person>
 </frame>
 <frame number="00000528">
  <person id="0021">
   <leftEye x="420" y="201"/>
   <rightEye x="453" y="201"/>
  </person>
 </frame>
 <frame number="00000529">
  <person id="0021">
   <leftEye x="421" y="202"/>
   <rightEye x="454" y="202"/>
  </person>
 </frame>
 <frame number="00000530">
  <person id="0021">
   <leftEye x="422" y="206"/>
   <rightEye x="456" y="206"/>
  </person>
 </frame>
 <frame number="00000531">
  <person id="0021">
   <leftEye x="422" y="213"/>
   <rightEye x="458" y="213"/>
  </person>
 </frame>
 <frame number="00000532">
  <person id="0021">
   <leftEye x="423" y="222"/>
   <rightEye x="460" y="223"/>
  </person>
 </frame>
 <frame number="00000533">
  <person id="0021">
   <leftEye x="425" y="232"/>
   <rightEye x="462" y="234"/>
  </person>
 </frame>
 <frame number="00000534">
  <person id="0021">
   <leftEye x="427" y="243"/>
   <rightEye x="466" y="245"/>
  </person>
 </frame>
 <frame number="00000535">
  <person id="0021">
   <leftEye x="429" y="254"/>
   <rightEye x="470" y="255"/>
  </person>
 </frame>
 <frame number="00000536">
  <person id="0021">
   <leftEye x="432" y="263"/>
   <rightEye x="475" y="265"/>
  </person>
 </frame>
 <frame number="00000537">
  <person id="0021">
   <leftEye x="436" y="270"/>
   <rightEye x="480" y="272"/>
  </person>
 </frame>
 <frame number="00000538">
  <person id="0021">
   <leftEye x="440" y="275"/>
   <rightEye x="486" y="278"/>
  </person>
 </frame>
 <frame number="00000539">
  <person id="0021">
   <leftEye x="444" y="281"/>
   <rightEye x="491" y="284"/>
  </person>
 </frame>
 <frame number="00000540">
  <person id="0021">
   <leftEye x="446" y="286"/>
   <rightEye x="496" y="289"/>
  </person>
 </frame>
 <frame number="00000541">
  <person id="0021">
   <leftEye x="448" y="289"/>
   <rightEye x="499" y="292"/>
  </person>
 </frame>
 <frame number="00000542">
  <person id="0021">
   <leftEye x="449" y="291"/>
   <rightEye x="501" y="294"/>
  </person>
 </frame>
 <frame number="00000543">
  <person id="0021">
   <leftEye x="449" y="293"/>
   <rightEye x="503" y="295"/>
  </person>
 </frame>
 <frame number="00000544">
  <person id="0021">
   <leftEye x="448" y="297"/>
   <rightEye x="505" y="299"/>
  </person>
 </frame>
 <frame number="00000545">
  <person id="0021">
   <leftEye x="447" y="305"/>
   <rightEye x="507" y="306"/>
  </person>
 </frame>
 <frame number="00000546">
  <person id="0021">
   <leftEye x="445" y="318"/>
   <rightEye x="508" y="319"/>
  </person>
 </frame>
 <frame number="00000547">
  <person id="0021">
   <leftEye x="443" y="337"/>
   <rightEye x="508" y="338"/>
  </person>
 </frame>
 <frame number="00000548">
  <person id="0021">
   <leftEye x="440" y="362"/>
   <rightEye x="510" y="363"/>
  </person>
 </frame>
 <frame number="00000549">
  <person id="0021">
   <leftEye x="437" y="393"/>
   <rightEye x="510" y="392"/>
  </person>
 </frame>
 <frame number="00000550">
  <person id="0021">
   <leftEye x="432" y="428"/>
   <rightEye x="510" y="427"/>
  </person>
 </frame>
 <frame number="00000551">
  <person id="0021">
   <leftEye x="426" y="464"/>
   <rightEye x="510" y="465"/>
  </person>
 </frame>
 <frame number="00000552"/>
 <frame number="00000553"/>
 <frame number="00000554"/>
 <frame number="00000555"/>
 <frame number="00000556"/>
 <frame number="00000557"/>
 <frame number="00000558"/>
 <frame number="00000559"/>
 <frame number="00000560"/>
 <frame number="00000561"/>
 <frame number="00000562"/>
 <frame number="00000563"/>
 <frame number="00000564"/>
 <frame number="00000565"/>
 <frame number="00000566"/>
 <frame number="00000567"/>
 <frame number="00000568"/>
 <frame number="00000569"/>
 <frame number="00000570"/>
 <frame number="00000571"/>
 <frame number="00000572"/>
 <frame number="00000573"/>
 <frame number="00000574"/>
 <frame number="00000575"/>
 <frame number="00000576"/>
 <frame number="00000577"/>
 <frame number="00000578"/>
 <frame number="00000579"/>
 <frame number="00000580"/>
 <frame number="00000581"/>
 <frame number="00000582"/>
 <frame number="00000583"/>
 <frame number="00000584"/>
 <frame number="00000585"/>
 <frame number="00000586"/>
 <frame number="00000587"/>
 <frame number="00000588"/>
 <frame number="00000589"/>
 <frame number="00000590"/>
 <frame number="00000591"/>
 <frame number="00000592"/>
 <frame number="00000593"/>
 <frame number="00000594"/>
 <frame number="00000595"/>
 <frame number="00000596"/>
 <frame number="00000597"/>
 <frame number="00000598"/>
 <frame number="00000599"/>
 <frame number="00000600"/>
 <frame number="00000601"/>
 <frame number="00000602"/>
 <frame number="00000603"/>
 <frame number="00000604"/>
 <frame number="00000605"/>
 <frame number="00000606"/>
 <frame number="00000607"/>
 <frame number="00000608"/>
 <frame number="00000609"/>
 <frame number="00000610"/>
 <frame number="00000611"/>
 <frame number="00000612"/>
 <frame number="00000613"/>
 <frame number="00000614"/>
 <frame number="00000615"/>
 <frame number="00000616"/>
 <frame number="00000617"/>
 <frame number="00000618"/>
 <frame number="00000619"/>
 <frame number="00000620"/>
 <frame number="00000621"/>
 <frame number="00000622"/>
 <frame number="00000623"/>
 <frame number="00000624"/>
 <frame number="00000625"/>
 <frame number="00000626"/>
 <frame number="00000627"/>
 <frame number="00000628"/>
 <frame number="00000629"/>
 <frame number="00000630"/>
 <frame number="00000631"/>
 <frame number="00000632"/>
 <frame number="00000633"/>
 <frame number="00000634"/>
 <frame number="00000635"/>
 <frame number="00000636"/>
 <frame number="00000637"/>
 <frame number="00000638"/>
 <frame number="00000639"/>
 <frame number="00000640"/>
 <frame number="00000641"/>
 <frame number="00000642"/>
 <frame number="00000643"/>
 <frame number="00000644"/>
 <frame number="00000645"/>
 <frame number="00000646"/>
 <frame number="00000647"/>
 <frame number="00000648"/>
 <frame number="00000649"/>
 <frame number="00000650"/>
 <frame number="00000651"/>
 <frame number="00000652"/>
 <frame number="00000653"/>
 <frame number="00000654"/>
 <frame number="00000655"/>
 <frame number="00000656"/>
 <frame number="00000657"/>
 <frame number="00000658"/>
 <frame number="00000659"/>
 <frame number="00000660"/>
 <frame number="00000661"/>
 <frame number="00000662"/>
 <frame number="00000663"/>
 <frame number="00000664"/>
 <frame number="00000665"/>
 <frame number="00000666"/>
 <frame number="00000667"/>
 <frame number="00000668"/>
 <frame number="00000669"/>
 <frame number="00000670"/>
 <frame number="00000671"/>
 <frame number="00000672"/>
 <frame number="00000673"/>
 <frame number="00000674"/>
 <frame number="00000675"/>
 <frame number="00000676"/>
 <frame number="00000677"/>
 <frame number="00000678"/>
 <frame number="00000679"/>
 <frame number="00000680"/>
 <frame number="00000681"/>
 <frame number="00000682"/>
 <frame number="00000683"/>
 <frame number="00000684"/>
 <frame number="00000685"/>
 <frame number="00000686"/>
 <frame number="00000687"/>
 <frame number="00000688"/>
 <frame number="00000689"/>
 <frame number="00000690"/>
 <frame number="00000691"/>
 <frame number="00000692"/>
 <frame number="00000693"/>
 <frame number="00000694"/>
 <frame number="00000695"/>
 <frame number="00000696"/>
 <frame number="00000697">
  <person id="0015">
   <leftEye x="466" y="130"/>
   <rightEye x="482" y="129"/>
  </person>
 </frame>
 <frame number="00000698">
  <person id="0015">
   <leftEye x="465" y="128"/>
   <rightEye x="481" y="127"/>
  </person>
 </frame>
 <frame number="00000699">
  <person id="0015">
   <leftEye x="465" y="127"/>
   <rightEye x="481" y="126"/>
  </person>
 </frame>
 <frame number="00000700">
  <person id="0015">
   <leftEye x="465" y="127"/>
   <rightEye x="481" y="126"/>
  </person>
 </frame>
 <frame number="00000701">
  <person id="0015">
   <leftEye x="465" y="128"/>
   <rightEye x="481" y="127"/>
  </person>
 </frame>
 <frame number="00000702">
  <person id="0015">
   <leftEye x="465" y="129"/>
   <rightEye x="481" y="128"/>
  </person>
 </frame>
 <frame number="00000703">
  <person id="0015">
   <leftEye x="465" y="132"/>
   <rightEye x="481" y="131"/>
  </person>
 </frame>
 <frame number="00000704">
  <person id="0015">
   <leftEye x="465" y="135"/>
   <rightEye x="481" y="134"/>
  </person>
 </frame>
 <frame number="00000705">
  <person id="0015">
   <leftEye x="465" y="138"/>
   <rightEye x="481" y="137"/>
  </person>
 </frame>
 <frame number="00000706">
  <person id="0015">
   <leftEye x="465" y="141"/>
   <rightEye x="481" y="140"/>
  </person>
 </frame>
 <frame number="00000707">
  <person id="0015">
   <leftEye x="465" y="144"/>
   <rightEye x="482" y="143"/>
  </person>
 </frame>
 <frame number="00000708">
  <person id="0015">
   <leftEye x="465" y="146"/>
   <rightEye x="482" y="145"/>
  </person>
 </frame>
 <frame number="00000709">
  <person id="0015">
   <leftEye x="466" y="147"/>
   <rightEye x="483" y="146"/>
  </person>
 </frame>
 <frame number="00000710">
  <person id="0015">
   <leftEye x="466" y="146"/>
   <rightEye x="484" y="145"/>
  </person>
 </frame>
 <frame number="00000711">
  <person id="0015">
   <leftEye x="467" y="145"/>
   <rightEye x="485" y="144"/>
  </person>
 </frame>
 <frame number="00000712">
  <person id="0015">
   <leftEye x="468" y="143"/>
   <rightEye x="486" y="143"/>
  </person>
 </frame>
 <frame number="00000713">
  <person id="0015">
   <leftEye x="469" y="142"/>
   <rightEye x="488" y="141"/>
  </person>
 </frame>
 <frame number="00000714">
  <person id="0015">
   <leftEye x="471" y="141"/>
   <rightEye x="490" y="140"/>
  </person>
 </frame>
 <frame number="00000715">
  <person id="0015">
   <leftEye x="474" y="141"/>
   <rightEye x="492" y="140"/>
  </person>
 </frame>
 <frame number="00000716">
  <person id="0015">
   <leftEye x="476" y="142"/>
   <rightEye x="495" y="141"/>
  </person>
 </frame>
 <frame number="00000717">
  <person id="0015">
   <leftEye x="478" y="144"/>
   <rightEye x="497" y="144"/>
  </person>
 </frame>
 <frame number="00000718">
  <person id="0015">
   <leftEye x="479" y="148"/>
   <rightEye x="500" y="148"/>
  </person>
 </frame>
 <frame number="00000719">
  <person id="0015">
   <leftEye x="481" y="152"/>
   <rightEye x="502" y="152"/>
  </person>
 </frame>
 <frame number="00000720">
  <person id="0015">
   <leftEye x="483" y="157"/>
   <rightEye x="504" y="156"/>
  </person>
 </frame>
 <frame number="00000721">
  <person id="0015">
   <leftEye x="486" y="161"/>
   <rightEye x="506" y="160"/>
  </person>
 </frame>
 <frame number="00000722">
  <person id="0015">
   <leftEye x="488" y="165"/>
   <rightEye x="508" y="163"/>
  </person>
 </frame>
 <frame number="00000723">
  <person id="0015">
   <leftEye x="490" y="167"/>
   <rightEye x="511" y="165"/>
  </person>
 </frame>
 <frame number="00000724">
  <person id="0015">
   <leftEye x="493" y="167"/>
   <rightEye x="514" y="166"/>
  </person>
 </frame>
 <frame number="00000725">
  <person id="0015">
   <leftEye x="495" y="166"/>
   <rightEye x="516" y="165"/>
  </person>
 </frame>
 <frame number="00000726">
  <person id="0015">
   <leftEye x="497" y="164"/>
   <rightEye x="518" y="164"/>
  </person>
 </frame>
 <frame number="00000727">
  <person id="0015">
   <leftEye x="498" y="162"/>
   <rightEye x="520" y="162"/>
  </person>
 </frame>
 <frame number="00000728">
  <person id="0015">
   <leftEye x="498" y="160"/>
   <rightEye x="521" y="160"/>
  </person>
 </frame>
 <frame number="00000729">
  <person id="0015">
   <leftEye x="498" y="159"/>
   <rightEye x="522" y="159"/>
  </person>
 </frame>
 <frame number="00000730">
  <person id="0015">
   <leftEye x="499" y="159"/>
   <rightEye x="522" y="159"/>
  </person>
 </frame>
 <frame number="00000731">
  <person id="0015">
   <leftEye x="499" y="160"/>
   <rightEye x="523" y="160"/>
  </person>
 </frame>
 <frame number="00000732">
  <person id="0015">
   <leftEye x="499" y="163"/>
   <rightEye x="524" y="162"/>
  </person>
 </frame>
 <frame number="00000733">
  <person id="0015">
   <leftEye x="499" y="167"/>
   <rightEye x="525" y="166"/>
  </person>
 </frame>
 <frame number="00000734">
  <person id="0015">
   <leftEye x="499" y="174"/>
   <rightEye x="525" y="173"/>
  </person>
 </frame>
 <frame number="00000735">
  <person id="0015">
   <leftEye x="499" y="173"/>
   <rightEye x="525" y="172"/>
  </person>
 </frame>
 <frame number="00000736">
  <person id="0015">
   <leftEye x="498" y="189"/>
   <rightEye x="526" y="187"/>
  </person>
 </frame>
 <frame number="00000737">
  <person id="0015">
   <leftEye x="498" y="189"/>
   <rightEye x="526" y="188"/>
  </person>
 </frame>
 <frame number="00000738">
  <person id="0015">
   <leftEye x="497" y="197"/>
   <rightEye x="527" y="195"/>
  </person>
 </frame>
 <frame number="00000739">
  <person id="0015">
   <leftEye x="497" y="203"/>
   <rightEye x="527" y="202"/>
  </person>
 </frame>
 <frame number="00000740">
  <person id="0015">
   <leftEye x="497" y="208"/>
   <rightEye x="527" y="206"/>
  </person>
 </frame>
 <frame number="00000741">
  <person id="0015">
   <leftEye x="498" y="211"/>
   <rightEye x="528" y="209"/>
  </person>
 </frame>
 <frame number="00000742">
  <person id="0015">
   <leftEye x="499" y="212"/>
   <rightEye x="530" y="210"/>
  </person>
 </frame>
 <frame number="00000743">
  <person id="0015">
   <leftEye x="500" y="212"/>
   <rightEye x="532" y="210"/>
  </person>
 </frame>
 <frame number="00000744">
  <person id="0015">
   <leftEye x="502" y="211"/>
   <rightEye x="535" y="209"/>
  </person>
 </frame>
 <frame number="00000745">
  <person id="0015">
   <leftEye x="505" y="209"/>
   <rightEye x="539" y="207"/>
  </person>
 </frame>
 <frame number="00000746">
  <person id="0015">
   <leftEye x="508" y="207"/>
   <rightEye x="544" y="205"/>
  </person>
 </frame>
 <frame number="00000747">
  <person id="0015">
   <leftEye x="511" y="207"/>
   <rightEye x="549" y="206"/>
  </person>
 </frame>
 <frame number="00000748">
  <person id="0015">
   <leftEye x="515" y="209"/>
   <rightEye x="553" y="208"/>
  </person>
 </frame>
 <frame number="00000749">
  <person id="0015">
   <leftEye x="519" y="214"/>
   <rightEye x="557" y="213"/>
  </person>
 </frame>
 <frame number="00000750">
  <person id="0015">
   <leftEye x="522" y="222"/>
   <rightEye x="562" y="221"/>
  </person>
 </frame>
 <frame number="00000751">
  <person id="0015">
   <leftEye x="526" y="232"/>
   <rightEye x="568" y="232"/>
  </person>
 </frame>
 <frame number="00000752">
  <person id="0015">
   <leftEye x="530" y="243"/>
   <rightEye x="574" y="243"/>
  </person>
 </frame>
 <frame number="00000753">
  <person id="0015">
   <leftEye x="535" y="254"/>
   <rightEye x="580" y="254"/>
  </person>
 </frame>
 <frame number="00000754">
  <person id="0015">
   <leftEye x="541" y="265"/>
   <rightEye x="587" y="265"/>
  </person>
 </frame>
 <frame number="00000755">
  <person id="0015">
   <leftEye x="547" y="275"/>
   <rightEye x="594" y="273"/>
  </person>
 </frame>
 <frame number="00000756">
  <person id="0015">
   <leftEye x="553" y="282"/>
   <rightEye x="602" y="279"/>
  </person>
 </frame>
 <frame number="00000757">
  <person id="0015">
   <leftEye x="559" y="287"/>
   <rightEye x="610" y="284"/>
  </person>
 </frame>
 <frame number="00000758">
  <person id="0015">
   <leftEye x="566" y="292"/>
   <rightEye x="619" y="289"/>
  </person>
 </frame>
 <frame number="00000759">
  <person id="0015">
   <leftEye x="572" y="297"/>
   <rightEye x="627" y="294"/>
  </person>
 </frame>
 <frame number="00000760">
  <person id="0015">
   <leftEye x="577" y="302"/>
   <rightEye x="636" y="299"/>
  </person>
 </frame>
 <frame number="00000761">
  <person id="0015">
   <leftEye x="583" y="308"/>
   <rightEye x="644" y="304"/>
  </person>
 </frame>
 <frame number="00000762">
  <person id="0015">
   <leftEye x="589" y="316"/>
   <rightEye x="652" y="312"/>
  </person>
 </frame>
 <frame number="00000763">
  <person id="0015">
   <leftEye x="595" y="329"/>
   <rightEye x="661" y="323"/>
  </person>
 </frame>
 <frame number="00000764">
  <person id="0015">
   <leftEye x="600" y="346"/>
   <rightEye x="671" y="340"/>
  </person>
 </frame>
 <frame number="00000765">
  <person id="0015">
   <leftEye x="606" y="370"/>
   <rightEye x="683" y="362"/>
  </person>
 </frame>
 <frame number="00000766">
  <person id="0015">
   <leftEye x="615" y="399"/>
   <rightEye x="695" y="391"/>
  </person>
 </frame>
 <frame number="00000767">
  <person id="0015">
   <leftEye x="626" y="436"/>
   <rightEye x="709" y="426"/>
  </person>
 </frame>
 <frame number="00000768"/>
 <frame number="00000769"/>
 <frame number="00000770"/>
 <frame number="00000771"/>
 <frame number="00000772"/>
 <frame number="00000773"/>
 <frame number="00000774"/>
 <frame number="00000775"/>
 <frame number="00000776"/>
 <frame number="00000777"/>
 <frame number="00000808"/>
 <frame number="00000809"/>
 <frame number="00000810"/>
 <frame number="00000811"/>
 <frame number="00000812"/>
 <frame number="00000813"/>
 <frame number="00000814"/>
 <frame number="00000815"/>
 <frame number="00000816"/>
 <frame number="00000817"/>
 <frame number="00000818"/>
 <frame number="00000819"/>
 <frame number="00000820"/>
 <frame number="00000821"/>
 <frame number="00000822"/>
 <frame number="00000823"/>
 <frame number="00000824"/>
 <frame number="00000825"/>
 <frame number="00000826"/>
 <frame number="00000827"/>
 <frame number="00000828"/>
 <frame number="00000829"/>
 <frame number="00000830"/>
 <frame number="00000831"/>
 <frame number="00000832"/>
 <frame number="00000833"/>
 <frame number="00000834"/>
 <frame number="00000835"/>
 <frame number="00000836"/>
 <frame number="00000837"/>
 <frame number="00000838"/>
 <frame number="00000839"/>
 <frame number="00000840"/>
 <frame number="00000841"/>
 <frame number="00000842"/>
 <frame number="00000843"/>
 <frame number="00000844"/>
 <frame number="00000845"/>
 <frame number="00000846"/>
 <frame number="00000847"/>
 <frame number="00000848"/>
 <frame number="00000849"/>
 <frame number="00000850"/>
 <frame number="00000851"/>
 <frame number="00000852"/>
 <frame number="00000853"/>
 <frame number="00000854"/>
 <frame number="00000855"/>
 <frame number="00000856"/>
 <frame number="00000857"/>
 <frame number="00000858"/>
 <frame number="00000859"/>
 <frame number="00000860"/>
 <frame number="00000861"/>
 <frame number="00000862"/>
 <frame number="00000863"/>
 <frame number="00000864"/>
 <frame number="00000865"/>
 <frame number="00000866"/>
 <frame number="00000867"/>
 <frame number="00000868"/>
 <frame number="00000869"/>
 <frame number="00000870"/>
 <frame number="00000871"/>
 <frame number="00000872"/>
 <frame number="00000873"/>
 <frame number="00000874"/>
 <frame number="00000875"/>
 <frame number="00000876"/>
 <frame number="00000877"/>
 <frame number="00000878"/>
 <frame number="00000879"/>
 <frame number="00000880"/>
 <frame number="00000881"/>
 <frame number="00000882"/>
 <frame number="00000883"/>
 <frame number="00000884"/>
 <frame number="00000885"/>
 <frame number="00000886"/>
 <frame number="00000887"/>
 <frame number="00000888"/>
 <frame number="00000889"/>
 <frame number="00000890"/>
 <frame number="00000891"/>
 <frame number="00000892">
  <person id="0003">
   <leftEye x="458" y="143"/>
   <rightEye x="473" y="144"/>
  </person>
 </frame>
 <frame number="00000893">
  <person id="0003">
   <leftEye x="457" y="141"/>
   <rightEye x="473" y="142"/>
  </person>
 </frame>
 <frame number="00000894">
  <person id="0003">
   <leftEye x="456" y="141"/>
   <rightEye x="472" y="142"/>
  </person>
 </frame>
 <frame number="00000895">
  <person id="0003">
   <leftEye x="455" y="141"/>
   <rightEye x="470" y="142"/>
  </person>
 </frame>
 <frame number="00000896">
  <person id="0003">
   <leftEye x="454" y="142"/>
   <rightEye x="469" y="142"/>
  </person>
 </frame>
 <frame number="00000897">
  <person id="0003">
   <leftEye x="454" y="143"/>
   <rightEye x="469" y="144"/>
  </person>
 </frame>
 <frame number="00000898">
  <person id="0003">
   <leftEye x="454" y="145"/>
   <rightEye x="470" y="145"/>
  </person>
 </frame>
 <frame number="00000899">
  <person id="0003">
   <leftEye x="453" y="148"/>
   <rightEye x="469" y="148"/>
  </person>
 </frame>
 <frame number="00000900">
  <person id="0003">
   <leftEye x="453" y="150"/>
   <rightEye x="469" y="150"/>
  </person>
 </frame>
 <frame number="00000901">
  <person id="0003">
   <leftEye x="455" y="153"/>
   <rightEye x="470" y="153"/>
  </person>
 </frame>
 <frame number="00000902">
  <person id="0003">
   <leftEye x="455" y="154"/>
   <rightEye x="471" y="154"/>
  </person>
 </frame>
 <frame number="00000903">
  <person id="0003">
   <leftEye x="456" y="155"/>
   <rightEye x="472" y="155"/>
  </person>
 </frame>
 <frame number="00000904">
  <person id="0003">
   <leftEye x="457" y="155"/>
   <rightEye x="473" y="155"/>
  </person>
 </frame>
 <frame number="00000905">
  <person id="0003">
   <leftEye x="457" y="154"/>
   <rightEye x="473" y="154"/>
  </person>
 </frame>
 <frame number="00000906">
  <person id="0003">
   <leftEye x="457" y="153"/>
   <rightEye x="473" y="153"/>
  </person>
 </frame>
 <frame number="00000907">
  <person id="0003">
   <leftEye x="458" y="153"/>
   <rightEye x="474" y="154"/>
  </person>
 </frame>
 <frame number="00000908">
  <person id="0003">
   <leftEye x="458" y="153"/>
   <rightEye x="475" y="153"/>
  </person>
 </frame>
 <frame number="00000909">
  <person id="0003">
   <leftEye x="457" y="153"/>
   <rightEye x="475" y="153"/>
  </person>
 </frame>
 <frame number="00000910">
  <person id="0003">
   <leftEye x="455" y="153"/>
   <rightEye x="472" y="153"/>
  </person>
 </frame>
 <frame number="00000911">
  <person id="0003">
   <leftEye x="454" y="154"/>
   <rightEye x="471" y="154"/>
  </person>
 </frame>
 <frame number="00000912">
  <person id="0003">
   <leftEye x="454" y="156"/>
   <rightEye x="472" y="156"/>
  </person>
 </frame>
 <frame number="00000913">
  <person id="0003">
   <leftEye x="454" y="158"/>
   <rightEye x="471" y="158"/>
  </person>
 </frame>
 <frame number="00000914">
  <person id="0003">
   <leftEye x="452" y="160"/>
   <rightEye x="469" y="160"/>
  </person>
 </frame>
 <frame number="00000915">
  <person id="0003">
   <leftEye x="451" y="162"/>
   <rightEye x="469" y="162"/>
  </person>
 </frame>
 <frame number="00000916">
  <person id="0003">
   <leftEye x="450" y="165"/>
   <rightEye x="469" y="165"/>
  </person>
 </frame>
 <frame number="00000917">
  <person id="0003">
   <leftEye x="450" y="167"/>
   <rightEye x="468" y="167"/>
  </person>
 </frame>
 <frame number="00000918">
  <person id="0003">
   <leftEye x="449" y="168"/>
   <rightEye x="466" y="169"/>
  </person>
 </frame>
 <frame number="00000919">
  <person id="0003">
   <leftEye x="448" y="168"/>
   <rightEye x="467" y="169"/>
  </person>
 </frame>
 <frame number="00000920">
  <person id="0003">
   <leftEye x="447" y="168"/>
   <rightEye x="466" y="169"/>
  </person>
 </frame>
 <frame number="00000921">
  <person id="0003">
   <leftEye x="446" y="168"/>
   <rightEye x="465" y="168"/>
  </person>
 </frame>
 <frame number="00000922">
  <person id="0003">
   <leftEye x="445" y="167"/>
   <rightEye x="466" y="168"/>
  </person>
 </frame>
 <frame number="00000923">
  <person id="0003">
   <leftEye x="446" y="167"/>
   <rightEye x="465" y="168"/>
  </person>
 </frame>
 <frame number="00000924">
  <person id="0003">
   <leftEye x="446" y="167"/>
   <rightEye x="465" y="168"/>
  </person>
 </frame>
 <frame number="00000925">
  <person id="0003">
   <leftEye x="445" y="168"/>
   <rightEye x="465" y="169"/>
  </person>
 </frame>
 <frame number="00000926">
  <person id="0003">
   <leftEye x="445" y="171"/>
   <rightEye x="467" y="171"/>
  </person>
 </frame>
 <frame number="00000927">
  <person id="0003">
   <leftEye x="445" y="173"/>
   <rightEye x="465" y="173"/>
  </person>
 </frame>
 <frame number="00000928">
  <person id="0003">
   <leftEye x="445" y="176"/>
   <rightEye x="465" y="176"/>
  </person>
 </frame>
 <frame number="00000929">
  <person id="0003">
   <leftEye x="445" y="179"/>
   <rightEye x="465" y="179"/>
  </person>
 </frame>
 <frame number="00000930">
  <person id="0003">
   <leftEye x="445" y="182"/>
   <rightEye x="466" y="182"/>
  </person>
 </frame>
 <frame number="00000931">
  <person id="0003">
   <leftEye x="445" y="185"/>
   <rightEye x="467" y="185"/>
  </person>
 </frame>
 <frame number="00000932">
  <person id="0003">
   <leftEye x="446" y="188"/>
   <rightEye x="468" y="188"/>
  </person>
 </frame>
 <frame number="00000933">
  <person id="0003">
   <leftEye x="446" y="189"/>
   <rightEye x="469" y="189"/>
  </person>
 </frame>
 <frame number="00000934">
  <person id="0003">
   <leftEye x="447" y="190"/>
   <rightEye x="469" y="190"/>
  </person>
 </frame>
 <frame number="00000935">
  <person id="0003">
   <leftEye x="447" y="190"/>
   <rightEye x="469" y="190"/>
  </person>
 </frame>
 <frame number="00000936">
  <person id="0003">
   <leftEye x="447" y="189"/>
   <rightEye x="470" y="190"/>
  </person>
 </frame>
 <frame number="00000937">
  <person id="0003">
   <leftEye x="447" y="189"/>
   <rightEye x="470" y="190"/>
  </person>
 </frame>
 <frame number="00000938">
  <person id="0003">
   <leftEye x="447" y="190"/>
   <rightEye x="470" y="191"/>
  </person>
 </frame>
 <frame number="00000939">
  <person id="0003">
   <leftEye x="447" y="191"/>
   <rightEye x="470" y="192"/>
  </person>
 </frame>
 <frame number="00000940">
  <person id="0003">
   <leftEye x="446" y="193"/>
   <rightEye x="470" y="194"/>
  </person>
 </frame>
 <frame number="00000941">
  <person id="0003">
   <leftEye x="445" y="196"/>
   <rightEye x="469" y="196"/>
  </person>
 </frame>
 <frame number="00000942">
  <person id="0003">
   <leftEye x="444" y="199"/>
   <rightEye x="468" y="199"/>
  </person>
 </frame>
 <frame number="00000943">
  <person id="0003">
   <leftEye x="443" y="203"/>
   <rightEye x="467" y="203"/>
  </person>
 </frame>
 <frame number="00000944">
  <person id="0003">
   <leftEye x="442" y="207"/>
   <rightEye x="466" y="207"/>
  </person>
 </frame>
 <frame number="00000945">
  <person id="0003">
   <leftEye x="441" y="211"/>
   <rightEye x="465" y="212"/>
  </person>
 </frame>
 <frame number="00000946">
  <person id="0003">
   <leftEye x="440" y="215"/>
   <rightEye x="464" y="216"/>
  </person>
 </frame>
 <frame number="00000947">
  <person id="0003">
   <leftEye x="438" y="218"/>
   <rightEye x="463" y="219"/>
  </person>
 </frame>
 <frame number="00000948">
  <person id="0003">
   <leftEye x="437" y="220"/>
   <rightEye x="462" y="221"/>
  </person>
 </frame>
 <frame number="00000949">
  <person id="0003">
   <leftEye x="435" y="221"/>
   <rightEye x="461" y="222"/>
  </person>
 </frame>
 <frame number="00000950">
  <person id="0003">
   <leftEye x="434" y="221"/>
   <rightEye x="460" y="222"/>
  </person>
 </frame>
 <frame number="00000951">
  <person id="0003">
   <leftEye x="433" y="221"/>
   <rightEye x="459" y="223"/>
  </person>
 </frame>
 <frame number="00000952">
  <person id="0003">
   <leftEye x="432" y="222"/>
   <rightEye x="458" y="224"/>
  </person>
 </frame>
 <frame number="00000953">
  <person id="0003">
   <leftEye x="431" y="224"/>
   <rightEye x="458" y="226"/>
  </person>
 </frame>
 <frame number="00000954">
  <person id="0003">
   <leftEye x="431" y="227"/>
   <rightEye x="458" y="229"/>
  </person>
 </frame>
 <frame number="00000955">
  <person id="0003">
   <leftEye x="430" y="230"/>
   <rightEye x="459" y="232"/>
  </person>
 </frame>
 <frame number="00000956">
  <person id="0003">
   <leftEye x="430" y="235"/>
   <rightEye x="460" y="237"/>
  </person>
 </frame>
 <frame number="00000957">
  <person id="0003">
   <leftEye x="430" y="241"/>
   <rightEye x="460" y="243"/>
  </person>
 </frame>
 <frame number="00000958">
  <person id="0003">
   <leftEye x="430" y="248"/>
   <rightEye x="461" y="250"/>
  </person>
 </frame>
 <frame number="00000959">
  <person id="0003">
   <leftEye x="430" y="255"/>
   <rightEye x="462" y="256"/>
  </person>
 </frame>
 <frame number="00000960">
  <person id="0003">
   <leftEye x="430" y="262"/>
   <rightEye x="463" y="262"/>
  </person>
 </frame>
 <frame number="00000961">
  <person id="0003">
   <leftEye x="431" y="268"/>
   <rightEye x="465" y="268"/>
  </person>
 </frame>
 <frame number="00000962">
  <person id="0003">
   <leftEye x="432" y="272"/>
   <rightEye x="466" y="273"/>
  </person>
 </frame>
 <frame number="00000963">
  <person id="0003">
   <leftEye x="433" y="275"/>
   <rightEye x="468" y="276"/>
  </person>
 </frame>
 <frame number="00000964">
  <person id="0003">
   <leftEye x="434" y="276"/>
   <rightEye x="470" y="278"/>
  </person>
 </frame>
 <frame number="00000965">
  <person id="0003">
   <leftEye x="434" y="277"/>
   <rightEye x="471" y="280"/>
  </person>
 </frame>
 <frame number="00000966">
  <person id="0003">
   <leftEye x="434" y="279"/>
   <rightEye x="472" y="282"/>
  </person>
 </frame>
 <frame number="00000967">
  <person id="0003">
   <leftEye x="433" y="281"/>
   <rightEye x="472" y="285"/>
  </person>
 </frame>
 <frame number="00000968">
  <person id="0003">
   <leftEye x="430" y="286"/>
   <rightEye x="471" y="289"/>
  </person>
 </frame>
 <frame number="00000969">
  <person id="0003">
   <leftEye x="430" y="286"/>
   <rightEye x="471" y="289"/>
  </person>
 </frame>
 <frame number="00000970">
  <person id="0003">
   <leftEye x="428" y="292"/>
   <rightEye x="470" y="295"/>
  </person>
 </frame>
 <frame number="00000971">
  <person id="0003">
   <leftEye x="421" y="310"/>
   <rightEye x="467" y="312"/>
  </person>
 </frame>
 <frame number="00000972">
  <person id="0003">
   <leftEye x="421" y="310"/>
   <rightEye x="467" y="312"/>
  </person>
 </frame>
 <frame number="00000973">
  <person id="0003">
   <leftEye x="418" y="320"/>
   <rightEye x="465" y="322"/>
  </person>
 </frame>
 <frame number="00000974">
  <person id="0003">
   <leftEye x="415" y="331"/>
   <rightEye x="463" y="333"/>
  </person>
 </frame>
 <frame number="00000975">
  <person id="0003">
   <leftEye x="411" y="344"/>
   <rightEye x="460" y="346"/>
  </person>
 </frame>
 <frame number="00000976">
  <person id="0003">
   <leftEye x="407" y="357"/>
   <rightEye x="457" y="360"/>
  </person>
 </frame>
 <frame number="00000977">
  <person id="0003">
   <leftEye x="402" y="371"/>
   <rightEye x="454" y="373"/>
  </person>
 </frame>
 <frame number="00000978">
  <person id="0003">
   <leftEye x="397" y="383"/>
   <rightEye x="450" y="385"/>
  </person>
 </frame>
 <frame number="00000979">
  <person id="0003">
   <leftEye x="393" y="392"/>
   <rightEye x="448" y="394"/>
  </person>
 </frame>
 <frame number="00000980">
  <person id="0003">
   <leftEye x="388" y="400"/>
   <rightEye x="445" y="401"/>
  </person>
 </frame>
 <frame number="00000981">
  <person id="0003">
   <leftEye x="384" y="407"/>
   <rightEye x="443" y="408"/>
  </person>
 </frame>
 <frame number="00000982">
  <person id="0003">
   <leftEye x="380" y="414"/>
   <rightEye x="442" y="416"/>
  </person>
 </frame>
 <frame number="00000983">
  <person id="0003">
   <leftEye x="377" y="424"/>
   <rightEye x="442" y="426"/>
  </person>
 </frame>
 <frame number="00000984">
  <person id="0003">
   <leftEye x="375" y="438"/>
   <rightEye x="442" y="439"/>
  </person>
 </frame>
 <frame number="00000985">
  <person id="0003">
   <leftEye x="371" y="454"/>
   <rightEye x="441" y="456"/>
  </person>
 </frame>
 <frame number="00000986">
  <person id="0003">
   <leftEye x="368" y="472"/>
   <rightEye x="441" y="475"/>
  </person>
 </frame>
 <frame number="00000987"/>
 <frame number="00000988"/>
 <frame number="00000989"/>
 <frame number="00000990"/>
 <frame number="00000991"/>
 <frame number="00000992"/>
 <frame number="00000993"/>
 <frame number="00000994"/>
 <frame number="00000995"/>
 <frame number="00000996"/>
 <frame number="00000997"/>
 <frame number="00000998"/>
 <frame number="00000999"/>
 <frame number="00001000"/>
</dataset>
