<!DOCTYPE GroundTruth>
<dataset name="P2L_S4_C2">
 <frame number="00000000"/>
 <frame number="00000001"/>
 <frame number="00000002"/>
 <frame number="00000003"/>
 <frame number="00000004"/>
 <frame number="00000005"/>
 <frame number="00000006"/>
 <frame number="00000007"/>
 <frame number="00000008"/>
 <frame number="00000009"/>
 <frame number="00000010"/>
 <frame number="00000011"/>
 <frame number="00000012"/>
 <frame number="00000013"/>
 <frame number="00000014"/>
 <frame number="00000015"/>
 <frame number="00000016"/>
 <frame number="00000017"/>
 <frame number="00000018"/>
 <frame number="00000019"/>
 <frame number="00000020"/>
 <frame number="00000021"/>
 <frame number="00000022"/>
 <frame number="00000023"/>
 <frame number="00000024"/>
 <frame number="00000025"/>
 <frame number="00000026"/>
 <frame number="00000027"/>
 <frame number="00000028"/>
 <frame number="00000029"/>
 <frame number="00000030"/>
 <frame number="00000031"/>
 <frame number="00000032"/>
 <frame number="00000033"/>
 <frame number="00000034"/>
 <frame number="00000035"/>
 <frame number="00000036"/>
 <frame number="00000037"/>
 <frame number="00000038"/>
 <frame number="00000039"/>
 <frame number="00000040"/>
 <frame number="00000041"/>
 <frame number="00000042"/>
 <frame number="00000043"/>
 <frame number="00000044"/>
 <frame number="00000045"/>
 <frame number="00000046"/>
 <frame number="00000047"/>
 <frame number="00000048"/>
 <frame number="00000049"/>
 <frame number="00000050"/>
 <frame number="00000051"/>
 <frame number="00000052"/>
 <frame number="00000053"/>
 <frame number="00000054"/>
 <frame number="00000055"/>
 <frame number="00000056"/>
 <frame number="00000057"/>
 <frame number="00000058"/>
 <frame number="00000059"/>
 <frame number="00000060"/>
 <frame number="00000061"/>
 <frame number="00000062"/>
 <frame number="00000063"/>
 <frame number="00000064"/>
 <frame number="00000065"/>
 <frame number="00000066"/>
 <frame number="00000067"/>
 <frame number="00000068"/>
 <frame number="00000069"/>
 <frame number="00000070"/>
 <frame number="00000071"/>
 <frame number="00000072"/>
 <frame number="00000073"/>
 <frame number="00000074"/>
 <frame number="00000075"/>
 <frame number="00000076"/>
 <frame number="00000077"/>
 <frame number="00000078"/>
 <frame number="00000079"/>
 <frame number="00000080"/>
 <frame number="00000081"/>
 <frame number="00000082"/>
 <frame number="00000083"/>
 <frame number="00000084"/>
 <frame number="00000085"/>
 <frame number="00000086"/>
 <frame number="00000087"/>
 <frame number="00000088"/>
 <frame number="00000089"/>
 <frame number="00000090"/>
 <frame number="00000091"/>
 <frame number="00000092"/>
 <frame number="00000093"/>
 <frame number="00000094"/>
 <frame number="00000095"/>
 <frame number="00000096"/>
 <frame number="00000097"/>
 <frame number="00000098"/>
 <frame number="00000099"/>
 <frame number="00000232"/>
 <frame number="00000233"/>
 <frame number="00000234"/>
 <frame number="00000235"/>
 <frame number="00000236"/>
 <frame number="00000237"/>
 <frame number="00000238"/>
 <frame number="00000239"/>
 <frame number="00000240"/>
 <frame number="00000241"/>
 <frame number="00000242"/>
 <frame number="00000243"/>
 <frame number="00000244"/>
 <frame number="00000245"/>
 <frame number="00000246"/>
 <frame number="00000247"/>
 <frame number="00000248"/>
 <frame number="00000249"/>
 <frame number="00000250"/>
 <frame number="00000251"/>
 <frame number="00000252"/>
 <frame number="00000253"/>
 <frame number="00000254"/>
 <frame number="00000255"/>
 <frame number="00000256"/>
 <frame number="00000257"/>
 <frame number="00000258"/>
 <frame number="00000259"/>
 <frame number="00000260"/>
 <frame number="00000261"/>
 <frame number="00000262"/>
 <frame number="00000263"/>
 <frame number="00000264"/>
 <frame number="00000265"/>
 <frame number="00000266"/>
 <frame number="00000267"/>
 <frame number="00000268"/>
 <frame number="00000269"/>
 <frame number="00000270"/>
 <frame number="00000271"/>
 <frame number="00000272"/>
 <frame number="00000273"/>
 <frame number="00000274"/>
 <frame number="00000275"/>
 <frame number="00000276"/>
 <frame number="00000277"/>
 <frame number="00000278"/>
 <frame number="00000279"/>
 <frame number="00000280"/>
 <frame number="00000281"/>
 <frame number="00000282"/>
 <frame number="00000283"/>
 <frame number="00000284"/>
 <frame number="00000285"/>
 <frame number="00000286"/>
 <frame number="00000287"/>
 <frame number="00000288"/>
 <frame number="00000289"/>
 <frame number="00000290"/>
 <frame number="00000291"/>
 <frame number="00000292"/>
 <frame number="00000293"/>
 <frame number="00000294"/>
 <frame number="00000295"/>
 <frame number="00000296"/>
 <frame number="00000297"/>
 <frame number="00000298"/>
 <frame number="00000299"/>
 <frame number="00000300">
  <person id="0022">
   <leftEye x="499" y="155"/>
   <rightEye x="515" y="154"/>
  </person>
 </frame>
 <frame number="00000301">
  <person id="0022">
   <leftEye x="498" y="155"/>
   <rightEye x="514" y="154"/>
  </person>
 </frame>
 <frame number="00000302">
  <person id="0022">
   <leftEye x="498" y="154"/>
   <rightEye x="514" y="154"/>
  </person>
 </frame>
 <frame number="00000303">
  <person id="0022">
   <leftEye x="497" y="153"/>
   <rightEye x="514" y="153"/>
  </person>
 </frame>
 <frame number="00000304">
  <person id="0022">
   <leftEye x="497" y="152"/>
   <rightEye x="514" y="152"/>
  </person>
 </frame>
 <frame number="00000305">
  <person id="0022">
   <leftEye x="498" y="151"/>
   <rightEye x="514" y="151"/>
  </person>
 </frame>
 <frame number="00000306">
  <person id="0022">
   <leftEye x="499" y="151"/>
   <rightEye x="515" y="150"/>
  </person>
 </frame>
 <frame number="00000307">
  <person id="0022">
   <leftEye x="499" y="151"/>
   <rightEye x="516" y="151"/>
  </person>
 </frame>
 <frame number="00000308">
  <person id="0022">
   <leftEye x="500" y="153"/>
   <rightEye x="517" y="152"/>
  </person>
 </frame>
 <frame number="00000309">
  <person id="0022">
   <leftEye x="501" y="155"/>
   <rightEye x="519" y="155"/>
  </person>
 </frame>
 <frame number="00000310">
  <person id="0022">
   <leftEye x="503" y="159"/>
   <rightEye x="520" y="159"/>
  </person>
 </frame>
 <frame number="00000311">
  <person id="0022">
   <leftEye x="505" y="163"/>
   <rightEye x="522" y="163"/>
  </person>
 </frame>
 <frame number="00000312">
  <person id="0022">
   <leftEye x="506" y="166"/>
   <rightEye x="524" y="166"/>
  </person>
 </frame>
 <frame number="00000313">
  <person id="0022">
   <leftEye x="508" y="169"/>
   <rightEye x="526" y="169"/>
  </person>
 </frame>
 <frame number="00000314">
  <person id="0022">
   <leftEye x="510" y="171"/>
   <rightEye x="529" y="171"/>
  </person>
 </frame>
 <frame number="00000315">
  <person id="0022">
   <leftEye x="512" y="173"/>
   <rightEye x="531" y="173"/>
  </person>
 </frame>
 <frame number="00000316">
  <person id="0022">
   <leftEye x="515" y="174"/>
   <rightEye x="533" y="174"/>
  </person>
 </frame>
 <frame number="00000317">
  <person id="0022">
   <leftEye x="517" y="174"/>
   <rightEye x="535" y="174"/>
  </person>
 </frame>
 <frame number="00000318">
  <person id="0022">
   <leftEye x="519" y="174"/>
   <rightEye x="537" y="174"/>
  </person>
 </frame>
 <frame number="00000319">
  <person id="0022">
   <leftEye x="521" y="172"/>
   <rightEye x="539" y="172"/>
  </person>
 </frame>
 <frame number="00000320">
  <person id="0022">
   <leftEye x="522" y="171"/>
   <rightEye x="541" y="171"/>
  </person>
 </frame>
 <frame number="00000321">
  <person id="0022">
   <leftEye x="524" y="171"/>
   <rightEye x="544" y="171"/>
  </person>
 </frame>
 <frame number="00000322">
  <person id="0022">
   <leftEye x="525" y="173"/>
   <rightEye x="546" y="173"/>
  </person>
 </frame>
 <frame number="00000323">
  <person id="0022">
   <leftEye x="527" y="176"/>
   <rightEye x="547" y="176"/>
  </person>
 </frame>
 <frame number="00000324">
  <person id="0022">
   <leftEye x="528" y="181"/>
   <rightEye x="548" y="181"/>
  </person>
 </frame>
 <frame number="00000325">
  <person id="0022">
   <leftEye x="529" y="187"/>
   <rightEye x="549" y="186"/>
  </person>
 </frame>
 <frame number="00000326">
  <person id="0022">
   <leftEye x="529" y="192"/>
   <rightEye x="550" y="192"/>
  </person>
 </frame>
 <frame number="00000327">
  <person id="0022">
   <leftEye x="529" y="197"/>
   <rightEye x="551" y="197"/>
  </person>
 </frame>
 <frame number="00000328">
  <person id="0022">
   <leftEye x="529" y="201"/>
   <rightEye x="552" y="200"/>
  </person>
 </frame>
 <frame number="00000329">
  <person id="0022">
   <leftEye x="529" y="203"/>
   <rightEye x="552" y="203"/>
  </person>
 </frame>
 <frame number="00000330">
  <person id="0022">
   <leftEye x="529" y="205"/>
   <rightEye x="553" y="205"/>
  </person>
 </frame>
 <frame number="00000331">
  <person id="0022">
   <leftEye x="530" y="206"/>
   <rightEye x="554" y="206"/>
  </person>
 </frame>
 <frame number="00000332">
  <person id="0022">
   <leftEye x="531" y="206"/>
   <rightEye x="556" y="206"/>
  </person>
 </frame>
 <frame number="00000333">
  <person id="0022">
   <leftEye x="533" y="205"/>
   <rightEye x="558" y="205"/>
  </person>
 </frame>
 <frame number="00000334">
  <person id="0022">
   <leftEye x="535" y="204"/>
   <rightEye x="560" y="204"/>
  </person>
 </frame>
 <frame number="00000335">
  <person id="0022">
   <leftEye x="537" y="204"/>
   <rightEye x="563" y="204"/>
  </person>
 </frame>
 <frame number="00000336">
  <person id="0022">
   <leftEye x="539" y="206"/>
   <rightEye x="566" y="205"/>
  </person>
 </frame>
 <frame number="00000337">
  <person id="0022">
   <leftEye x="541" y="209"/>
   <rightEye x="569" y="208"/>
  </person>
 </frame>
 <frame number="00000338">
  <person id="0022">
   <leftEye x="544" y="213"/>
   <rightEye x="572" y="213"/>
  </person>
 </frame>
 <frame number="00000339">
  <person id="0022">
   <leftEye x="547" y="220"/>
   <rightEye x="575" y="221"/>
  </person>
 </frame>
 <frame number="00000340">
  <person id="0022">
   <leftEye x="550" y="229"/>
   <rightEye x="579" y="230"/>
  </person>
 </frame>
 <frame number="00000341">
  <person id="0022">
   <leftEye x="553" y="237"/>
   <rightEye x="583" y="238"/>
  </person>
 </frame>
 <frame number="00000342">
  <person id="0022">
   <leftEye x="556" y="246"/>
   <rightEye x="587" y="247"/>
  </person>
 </frame>
 <frame number="00000343">
  <person id="0022">
   <leftEye x="557" y="246"/>
   <rightEye x="587" y="247"/>
  </person>
 </frame>
 <frame number="00000344">
  <person id="0022">
   <leftEye x="560" y="252"/>
   <rightEye x="592" y="252"/>
  </person>
 </frame>
 <frame number="00000345">
  <person id="0022">
   <leftEye x="569" y="262"/>
   <rightEye x="603" y="262"/>
  </person>
 </frame>
 <frame number="00000346">
  <person id="0022">
   <leftEye x="574" y="266"/>
   <rightEye x="608" y="265"/>
  </person>
 </frame>
 <frame number="00000347">
  <person id="0022">
   <leftEye x="575" y="265"/>
   <rightEye x="608" y="265"/>
  </person>
 </frame>
 <frame number="00000348">
  <person id="0022">
   <leftEye x="579" y="266"/>
   <rightEye x="613" y="265"/>
  </person>
 </frame>
 <frame number="00000349">
  <person id="0022">
   <leftEye x="584" y="266"/>
   <rightEye x="619" y="265"/>
  </person>
 </frame>
 <frame number="00000350">
  <person id="0022">
   <leftEye x="589" y="267"/>
   <rightEye x="626" y="266"/>
  </person>
 </frame>
 <frame number="00000351">
  <person id="0022">
   <leftEye x="594" y="270"/>
   <rightEye x="632" y="268"/>
  </person>
 </frame>
 <frame number="00000352">
  <person id="0022">
   <leftEye x="599" y="275"/>
   <rightEye x="638" y="273"/>
  </person>
 </frame>
 <frame number="00000353">
  <person id="0022">
   <leftEye x="604" y="284"/>
   <rightEye x="645" y="282"/>
  </person>
 </frame>
 <frame number="00000354">
  <person id="0022">
   <leftEye x="609" y="297"/>
   <rightEye x="652" y="294"/>
  </person>
 </frame>
 <frame number="00000355">
  <person id="0022">
   <leftEye x="615" y="313"/>
   <rightEye x="659" y="309"/>
  </person>
 </frame>
 <frame number="00000356">
  <person id="0022">
   <leftEye x="620" y="330"/>
   <rightEye x="665" y="327"/>
  </person>
 </frame>
 <frame number="00000357">
  <person id="0022">
   <leftEye x="624" y="348"/>
   <rightEye x="670" y="344"/>
  </person>
 </frame>
 <frame number="00000358">
  <person id="0022">
   <leftEye x="627" y="365"/>
   <rightEye x="676" y="361"/>
  </person>
 </frame>
 <frame number="00000359">
  <person id="0022">
   <leftEye x="630" y="381"/>
   <rightEye x="681" y="377"/>
  </person>
 </frame>
 <frame number="00000360">
  <person id="0022">
   <leftEye x="633" y="395"/>
   <rightEye x="685" y="391"/>
  </person>
 </frame>
 <frame number="00000361">
  <person id="0022">
   <leftEye x="635" y="409"/>
   <rightEye x="689" y="405"/>
  </person>
 </frame>
 <frame number="00000362">
  <person id="0022">
   <leftEye x="639" y="422"/>
   <rightEye x="696" y="418"/>
  </person>
 </frame>
 <frame number="00000363">
  <person id="0022">
   <leftEye x="645" y="433"/>
   <rightEye x="705" y="429"/>
  </person>
 </frame>
 <frame number="00000364">
  <person id="0022">
   <leftEye x="652" y="444"/>
   <rightEye x="715" y="438"/>
  </person>
 </frame>
 <frame number="00000365">
  <person id="0022">
   <leftEye x="660" y="457"/>
   <rightEye x="727" y="451"/>
  </person>
 </frame>
 <frame number="00000366">
  <person id="0022">
   <leftEye x="670" y="473"/>
   <rightEye x="741" y="467"/>
  </person>
 </frame>
 <frame number="00000367">
  <person id="0022">
   <leftEye x="681" y="492"/>
   <rightEye x="756" y="484"/>
  </person>
 </frame>
 <frame number="00000368"/>
 <frame number="00000369"/>
 <frame number="00000370"/>
 <frame number="00000371"/>
 <frame number="00000372"/>
 <frame number="00000373"/>
 <frame number="00000374"/>
 <frame number="00000375"/>
 <frame number="00000376"/>
 <frame number="00000453"/>
 <frame number="00000454"/>
 <frame number="00000455"/>
 <frame number="00000456"/>
 <frame number="00000457"/>
 <frame number="00000458"/>
 <frame number="00000459"/>
 <frame number="00000460"/>
 <frame number="00000461"/>
 <frame number="00000462"/>
 <frame number="00000463"/>
 <frame number="00000464"/>
 <frame number="00000465"/>
 <frame number="00000466"/>
 <frame number="00000467"/>
 <frame number="00000468"/>
 <frame number="00000469"/>
 <frame number="00000470"/>
 <frame number="00000471"/>
 <frame number="00000472"/>
 <frame number="00000473"/>
 <frame number="00000474"/>
 <frame number="00000475"/>
 <frame number="00000476"/>
 <frame number="00000477"/>
 <frame number="00000478"/>
 <frame number="00000479"/>
 <frame number="00000480"/>
 <frame number="00000481"/>
 <frame number="00000482"/>
 <frame number="00000483"/>
 <frame number="00000484"/>
 <frame number="00000485"/>
 <frame number="00000486"/>
 <frame number="00000487"/>
 <frame number="00000488"/>
 <frame number="00000489"/>
 <frame number="00000490"/>
 <frame number="00000491"/>
 <frame number="00000492"/>
 <frame number="00000493"/>
 <frame number="00000494"/>
 <frame number="00000495"/>
 <frame number="00000496"/>
 <frame number="00000497"/>
 <frame number="00000498"/>
 <frame number="00000499"/>
 <frame number="00000500"/>
 <frame number="00000501"/>
 <frame number="00000502"/>
 <frame number="00000503"/>
 <frame number="00000504"/>
 <frame number="00000505"/>
 <frame number="00000506"/>
 <frame number="00000507"/>
 <frame number="00000508"/>
 <frame number="00000509"/>
 <frame number="00000510"/>
 <frame number="00000511"/>
 <frame number="00000512"/>
 <frame number="00000513"/>
 <frame number="00000514"/>
 <frame number="00000515"/>
 <frame number="00000516"/>
 <frame number="00000517"/>
 <frame number="00000518"/>
 <frame number="00000519"/>
 <frame number="00000520"/>
 <frame number="00000521"/>
 <frame number="00000522"/>
 <frame number="00000523">
  <person id="0003">
   <leftEye x="497" y="150"/>
   <rightEye x="513" y="150"/>
  </person>
 </frame>
 <frame number="00000524">
  <person id="0003">
   <leftEye x="497" y="149"/>
   <rightEye x="512" y="149"/>
  </person>
 </frame>
 <frame number="00000525">
  <person id="0003">
   <leftEye x="497" y="148"/>
   <rightEye x="512" y="148"/>
  </person>
 </frame>
 <frame number="00000526">
  <person id="0003">
   <leftEye x="497" y="148"/>
   <rightEye x="512" y="148"/>
  </person>
 </frame>
 <frame number="00000527">
  <person id="0003">
   <leftEye x="497" y="147"/>
   <rightEye x="512" y="147"/>
  </person>
 </frame>
 <frame number="00000528">
  <person id="0003">
   <leftEye x="497" y="147"/>
   <rightEye x="512" y="147"/>
  </person>
 </frame>
 <frame number="00000529">
  <person id="0003">
   <leftEye x="497" y="147"/>
   <rightEye x="513" y="147"/>
  </person>
 </frame>
 <frame number="00000530">
  <person id="0003">
   <leftEye x="498" y="148"/>
   <rightEye x="513" y="148"/>
  </person>
 </frame>
 <frame number="00000531">
  <person id="0003">
   <leftEye x="498" y="149"/>
   <rightEye x="514" y="149"/>
  </person>
 </frame>
 <frame number="00000532">
  <person id="0003">
   <leftEye x="498" y="151"/>
   <rightEye x="515" y="151"/>
  </person>
 </frame>
 <frame number="00000533">
  <person id="0003">
   <leftEye x="499" y="153"/>
   <rightEye x="516" y="153"/>
  </person>
 </frame>
 <frame number="00000534">
  <person id="0003">
   <leftEye x="500" y="155"/>
   <rightEye x="516" y="155"/>
  </person>
 </frame>
 <frame number="00000535">
  <person id="0003">
   <leftEye x="501" y="157"/>
   <rightEye x="517" y="157"/>
  </person>
 </frame>
 <frame number="00000536">
  <person id="0003">
   <leftEye x="502" y="159"/>
   <rightEye x="518" y="159"/>
  </person>
 </frame>
 <frame number="00000537">
  <person id="0003">
   <leftEye x="503" y="160"/>
   <rightEye x="520" y="160"/>
  </person>
 </frame>
 <frame number="00000538">
  <person id="0003">
   <leftEye x="504" y="161"/>
   <rightEye x="522" y="161"/>
  </person>
 </frame>
 <frame number="00000539">
  <person id="0003">
   <leftEye x="506" y="161"/>
   <rightEye x="523" y="161"/>
  </person>
 </frame>
 <frame number="00000540">
  <person id="0003">
   <leftEye x="507" y="160"/>
   <rightEye x="524" y="161"/>
  </person>
 </frame>
 <frame number="00000541">
  <person id="0003">
   <leftEye x="508" y="159"/>
   <rightEye x="525" y="160"/>
  </person>
 </frame>
 <frame number="00000542">
  <person id="0003">
   <leftEye x="508" y="158"/>
   <rightEye x="526" y="160"/>
  </person>
 </frame>
 <frame number="00000543">
  <person id="0003">
   <leftEye x="508" y="159"/>
   <rightEye x="527" y="160"/>
  </person>
 </frame>
 <frame number="00000544">
  <person id="0003">
   <leftEye x="509" y="160"/>
   <rightEye x="528" y="161"/>
  </person>
 </frame>
 <frame number="00000545">
  <person id="0003">
   <leftEye x="510" y="162"/>
   <rightEye x="528" y="162"/>
  </person>
 </frame>
 <frame number="00000546">
  <person id="0003">
   <leftEye x="510" y="164"/>
   <rightEye x="529" y="164"/>
  </person>
 </frame>
 <frame number="00000547">
  <person id="0003">
   <leftEye x="510" y="167"/>
   <rightEye x="529" y="167"/>
  </person>
 </frame>
 <frame number="00000548">
  <person id="0003">
   <leftEye x="510" y="170"/>
   <rightEye x="529" y="170"/>
  </person>
 </frame>
 <frame number="00000549">
  <person id="0003">
   <leftEye x="511" y="173"/>
   <rightEye x="529" y="173"/>
  </person>
 </frame>
 <frame number="00000550">
  <person id="0003">
   <leftEye x="512" y="176"/>
   <rightEye x="529" y="176"/>
  </person>
 </frame>
 <frame number="00000551">
  <person id="0003">
   <leftEye x="512" y="177"/>
   <rightEye x="530" y="178"/>
  </person>
 </frame>
 <frame number="00000552">
  <person id="0003">
   <leftEye x="512" y="178"/>
   <rightEye x="531" y="179"/>
  </person>
 </frame>
 <frame number="00000553">
  <person id="0003">
   <leftEye x="512" y="178"/>
   <rightEye x="532" y="179"/>
  </person>
 </frame>
 <frame number="00000554">
  <person id="0003">
   <leftEye x="513" y="178"/>
   <rightEye x="533" y="178"/>
  </person>
 </frame>
 <frame number="00000555">
  <person id="0003">
   <leftEye x="514" y="178"/>
   <rightEye x="534" y="178"/>
  </person>
 </frame>
 <frame number="00000556">
  <person id="0003">
   <leftEye x="515" y="178"/>
   <rightEye x="536" y="178"/>
  </person>
 </frame>
 <frame number="00000557">
  <person id="0003">
   <leftEye x="517" y="178"/>
   <rightEye x="538" y="178"/>
  </person>
 </frame>
 <frame number="00000558">
  <person id="0003">
   <leftEye x="518" y="178"/>
   <rightEye x="539" y="179"/>
  </person>
 </frame>
 <frame number="00000559">
  <person id="0003">
   <leftEye x="520" y="180"/>
   <rightEye x="541" y="181"/>
  </person>
 </frame>
 <frame number="00000560">
  <person id="0003">
   <leftEye x="522" y="182"/>
   <rightEye x="543" y="183"/>
  </person>
 </frame>
 <frame number="00000561">
  <person id="0003">
   <leftEye x="524" y="185"/>
   <rightEye x="545" y="186"/>
  </person>
 </frame>
 <frame number="00000562">
  <person id="0003">
   <leftEye x="526" y="189"/>
   <rightEye x="548" y="190"/>
  </person>
 </frame>
 <frame number="00000563">
  <person id="0003">
   <leftEye x="529" y="194"/>
   <rightEye x="550" y="194"/>
  </person>
 </frame>
 <frame number="00000564">
  <person id="0003">
   <leftEye x="531" y="197"/>
   <rightEye x="552" y="198"/>
  </person>
 </frame>
 <frame number="00000565">
  <person id="0003">
   <leftEye x="533" y="200"/>
   <rightEye x="555" y="201"/>
  </person>
 </frame>
 <frame number="00000566">
  <person id="0003">
   <leftEye x="536" y="203"/>
   <rightEye x="558" y="204"/>
  </person>
 </frame>
 <frame number="00000567">
  <person id="0003">
   <leftEye x="538" y="205"/>
   <rightEye x="561" y="205"/>
  </person>
 </frame>
 <frame number="00000568">
  <person id="0003">
   <leftEye x="540" y="205"/>
   <rightEye x="564" y="205"/>
  </person>
 </frame>
 <frame number="00000569">
  <person id="0003">
   <leftEye x="542" y="204"/>
   <rightEye x="567" y="204"/>
  </person>
 </frame>
 <frame number="00000570">
  <person id="0003">
   <leftEye x="544" y="204"/>
   <rightEye x="569" y="204"/>
  </person>
 </frame>
 <frame number="00000571">
  <person id="0003">
   <leftEye x="547" y="204"/>
   <rightEye x="571" y="205"/>
  </person>
 </frame>
 <frame number="00000572">
  <person id="0003">
   <leftEye x="547" y="204"/>
   <rightEye x="572" y="205"/>
  </person>
 </frame>
 <frame number="00000573">
  <person id="0003">
   <leftEye x="549" y="208"/>
   <rightEye x="574" y="208"/>
  </person>
 </frame>
 <frame number="00000574">
  <person id="0003">
   <leftEye x="548" y="208"/>
   <rightEye x="574" y="208"/>
  </person>
 </frame>
 <frame number="00000575">
  <person id="0003">
   <leftEye x="549" y="212"/>
   <rightEye x="575" y="212"/>
  </person>
 </frame>
 <frame number="00000576">
  <person id="0003">
   <leftEye x="550" y="217"/>
   <rightEye x="577" y="217"/>
  </person>
 </frame>
 <frame number="00000577">
  <person id="0003">
   <leftEye x="552" y="222"/>
   <rightEye x="579" y="222"/>
  </person>
 </frame>
 <frame number="00000578">
  <person id="0003">
   <leftEye x="553" y="228"/>
   <rightEye x="580" y="228"/>
  </person>
 </frame>
 <frame number="00000579">
  <person id="0003">
   <leftEye x="554" y="234"/>
   <rightEye x="581" y="233"/>
  </person>
 </frame>
 <frame number="00000580">
  <person id="0003">
   <leftEye x="555" y="239"/>
   <rightEye x="583" y="239"/>
  </person>
 </frame>
 <frame number="00000581">
  <person id="0003">
   <leftEye x="555" y="243"/>
   <rightEye x="584" y="243"/>
  </person>
 </frame>
 <frame number="00000582">
  <person id="0003">
   <leftEye x="555" y="245"/>
   <rightEye x="586" y="246"/>
  </person>
 </frame>
 <frame number="00000583">
  <person id="0003">
   <leftEye x="556" y="246"/>
   <rightEye x="588" y="248"/>
  </person>
 </frame>
 <frame number="00000584">
  <person id="0003">
   <leftEye x="558" y="247"/>
   <rightEye x="590" y="248"/>
  </person>
 </frame>
 <frame number="00000585">
  <person id="0003">
   <leftEye x="560" y="248"/>
   <rightEye x="592" y="248"/>
  </person>
 </frame>
 <frame number="00000586">
  <person id="0003">
   <leftEye x="562" y="249"/>
   <rightEye x="596" y="249"/>
  </person>
 </frame>
 <frame number="00000587">
  <person id="0003">
   <leftEye x="565" y="251"/>
   <rightEye x="600" y="251"/>
  </person>
 </frame>
 <frame number="00000588">
  <person id="0003">
   <leftEye x="569" y="254"/>
   <rightEye x="604" y="254"/>
  </person>
 </frame>
 <frame number="00000589">
  <person id="0003">
   <leftEye x="573" y="259"/>
   <rightEye x="609" y="259"/>
  </person>
 </frame>
 <frame number="00000590">
  <person id="0003">
   <leftEye x="577" y="266"/>
   <rightEye x="614" y="266"/>
  </person>
 </frame>
 <frame number="00000591">
  <person id="0003">
   <leftEye x="581" y="274"/>
   <rightEye x="619" y="275"/>
  </person>
 </frame>
 <frame number="00000592">
  <person id="0003">
   <leftEye x="586" y="284"/>
   <rightEye x="624" y="286"/>
  </person>
 </frame>
 <frame number="00000593">
  <person id="0003">
   <leftEye x="591" y="296"/>
   <rightEye x="630" y="298"/>
  </person>
 </frame>
 <frame number="00000594">
  <person id="0003">
   <leftEye x="596" y="309"/>
   <rightEye x="636" y="309"/>
  </person>
 </frame>
 <frame number="00000595">
  <person id="0003">
   <leftEye x="602" y="320"/>
   <rightEye x="643" y="320"/>
  </person>
 </frame>
 <frame number="00000596">
  <person id="0003">
   <leftEye x="609" y="329"/>
   <rightEye x="651" y="329"/>
  </person>
 </frame>
 <frame number="00000597">
  <person id="0003">
   <leftEye x="616" y="336"/>
   <rightEye x="659" y="336"/>
  </person>
 </frame>
 <frame number="00000598">
  <person id="0003">
   <leftEye x="623" y="340"/>
   <rightEye x="667" y="341"/>
  </person>
 </frame>
 <frame number="00000599">
  <person id="0003">
   <leftEye x="630" y="344"/>
   <rightEye x="675" y="344"/>
  </person>
 </frame>
 <frame number="00000600">
  <person id="0003">
   <leftEye x="637" y="348"/>
   <rightEye x="683" y="348"/>
  </person>
 </frame>
 <frame number="00000601">
  <person id="0003">
   <leftEye x="643" y="353"/>
   <rightEye x="691" y="352"/>
  </person>
 </frame>
 <frame number="00000602">
  <person id="0003">
   <leftEye x="649" y="359"/>
   <rightEye x="699" y="359"/>
  </person>
 </frame>
 <frame number="00000603">
  <person id="0003">
   <leftEye x="656" y="368"/>
   <rightEye x="707" y="368"/>
  </person>
 </frame>
 <frame number="00000604">
  <person id="0003">
   <leftEye x="663" y="381"/>
   <rightEye x="714" y="380"/>
  </person>
 </frame>
 <frame number="00000605">
  <person id="0003">
   <leftEye x="669" y="398"/>
   <rightEye x="723" y="395"/>
  </person>
 </frame>
 <frame number="00000606">
  <person id="0003">
   <leftEye x="675" y="417"/>
   <rightEye x="731" y="414"/>
  </person>
 </frame>
 <frame number="00000607">
  <person id="0003">
   <leftEye x="682" y="439"/>
   <rightEye x="741" y="437"/>
  </person>
 </frame>
 <frame number="00000608">
  <person id="0003">
   <leftEye x="690" y="465"/>
   <rightEye x="751" y="463"/>
  </person>
 </frame>
 <frame number="00000609">
  <person id="0003">
   <leftEye x="698" y="493"/>
   <rightEye x="761" y="490"/>
  </person>
 </frame>
 <frame number="00000610"/>
 <frame number="00000611"/>
 <frame number="00000612"/>
 <frame number="00000613"/>
 <frame number="00000614"/>
 <frame number="00000615"/>
 <frame number="00000616"/>
 <frame number="00000617"/>
 <frame number="00000618"/>
 <frame number="00000619"/>
 <frame number="00000620"/>
 <frame number="00000621"/>
 <frame number="00000622"/>
 <frame number="00000688"/>
 <frame number="00000689"/>
 <frame number="00000690"/>
 <frame number="00000691"/>
 <frame number="00000692"/>
 <frame number="00000693"/>
 <frame number="00000694"/>
 <frame number="00000695"/>
 <frame number="00000696"/>
 <frame number="00000697"/>
 <frame number="00000698"/>
 <frame number="00000699"/>
 <frame number="00000700"/>
 <frame number="00000701"/>
 <frame number="00000702"/>
 <frame number="00000703"/>
 <frame number="00000704"/>
 <frame number="00000705"/>
 <frame number="00000706"/>
 <frame number="00000707"/>
 <frame number="00000708"/>
 <frame number="00000709"/>
 <frame number="00000710"/>
 <frame number="00000711"/>
 <frame number="00000712"/>
 <frame number="00000713"/>
 <frame number="00000714"/>
 <frame number="00000715"/>
 <frame number="00000716"/>
 <frame number="00000717"/>
 <frame number="00000718"/>
 <frame number="00000719"/>
 <frame number="00000720"/>
 <frame number="00000721"/>
 <frame number="00000722"/>
 <frame number="00000723"/>
 <frame number="00000724"/>
 <frame number="00000725"/>
 <frame number="00000726"/>
 <frame number="00000727"/>
 <frame number="00000728"/>
 <frame number="00000729"/>
 <frame number="00000730"/>
 <frame number="00000731"/>
 <frame number="00000732"/>
 <frame number="00000733"/>
 <frame number="00000734"/>
 <frame number="00000735"/>
 <frame number="00000736"/>
 <frame number="00000737"/>
 <frame number="00000738"/>
 <frame number="00000739"/>
 <frame number="00000740"/>
 <frame number="00000741"/>
 <frame number="00000742"/>
 <frame number="00000743"/>
 <frame number="00000744"/>
 <frame number="00000745"/>
 <frame number="00000746"/>
 <frame number="00000747"/>
 <frame number="00000748"/>
 <frame number="00000749"/>
 <frame number="00000750"/>
 <frame number="00000751"/>
 <frame number="00000752"/>
 <frame number="00000753">
  <person id="0015">
   <leftEye x="507" y="125"/>
   <rightEye x="523" y="125"/>
  </person>
 </frame>
 <frame number="00000754">
  <person id="0015">
   <leftEye x="508" y="126"/>
   <rightEye x="524" y="126"/>
  </person>
 </frame>
 <frame number="00000755">
  <person id="0015">
   <leftEye x="509" y="128"/>
   <rightEye x="524" y="128"/>
  </person>
 </frame>
 <frame number="00000756">
  <person id="0015">
   <leftEye x="510" y="130"/>
   <rightEye x="526" y="131"/>
  </person>
 </frame>
 <frame number="00000757">
  <person id="0015">
   <leftEye x="511" y="133"/>
   <rightEye x="527" y="133"/>
  </person>
 </frame>
 <frame number="00000758">
  <person id="0015">
   <leftEye x="513" y="136"/>
   <rightEye x="528" y="135"/>
  </person>
 </frame>
 <frame number="00000759">
  <person id="0015">
   <leftEye x="515" y="138"/>
   <rightEye x="530" y="138"/>
  </person>
 </frame>
 <frame number="00000760">
  <person id="0015">
   <leftEye x="517" y="140"/>
   <rightEye x="532" y="140"/>
  </person>
 </frame>
 <frame number="00000761">
  <person id="0015">
   <leftEye x="518" y="140"/>
   <rightEye x="534" y="140"/>
  </person>
 </frame>
 <frame number="00000762">
  <person id="0015">
   <leftEye x="520" y="140"/>
   <rightEye x="537" y="140"/>
  </person>
 </frame>
 <frame number="00000763">
  <person id="0015">
   <leftEye x="521" y="140"/>
   <rightEye x="539" y="139"/>
  </person>
 </frame>
 <frame number="00000764">
  <person id="0015">
   <leftEye x="522" y="139"/>
   <rightEye x="539" y="138"/>
  </person>
 </frame>
 <frame number="00000765">
  <person id="0015">
   <leftEye x="523" y="138"/>
   <rightEye x="539" y="137"/>
  </person>
 </frame>
 <frame number="00000766">
  <person id="0015">
   <leftEye x="523" y="137"/>
   <rightEye x="540" y="137"/>
  </person>
 </frame>
 <frame number="00000767">
  <person id="0015">
   <leftEye x="523" y="137"/>
   <rightEye x="541" y="137"/>
  </person>
 </frame>
 <frame number="00000768">
  <person id="0015">
   <leftEye x="523" y="138"/>
   <rightEye x="541" y="138"/>
  </person>
 </frame>
 <frame number="00000769">
  <person id="0015">
   <leftEye x="523" y="139"/>
   <rightEye x="541" y="139"/>
  </person>
 </frame>
 <frame number="00000770">
  <person id="0015">
   <leftEye x="522" y="141"/>
   <rightEye x="541" y="141"/>
  </person>
 </frame>
 <frame number="00000771">
  <person id="0015">
   <leftEye x="522" y="144"/>
   <rightEye x="541" y="144"/>
  </person>
 </frame>
 <frame number="00000772">
  <person id="0015">
   <leftEye x="522" y="147"/>
   <rightEye x="541" y="147"/>
  </person>
 </frame>
 <frame number="00000773">
  <person id="0015">
   <leftEye x="522" y="150"/>
   <rightEye x="541" y="150"/>
  </person>
 </frame>
 <frame number="00000774">
  <person id="0015">
   <leftEye x="522" y="154"/>
   <rightEye x="541" y="153"/>
  </person>
 </frame>
 <frame number="00000775">
  <person id="0015">
   <leftEye x="522" y="157"/>
   <rightEye x="541" y="156"/>
  </person>
 </frame>
 <frame number="00000776">
  <person id="0015">
   <leftEye x="522" y="159"/>
   <rightEye x="541" y="158"/>
  </person>
 </frame>
 <frame number="00000777">
  <person id="0015">
   <leftEye x="522" y="159"/>
   <rightEye x="542" y="159"/>
  </person>
 </frame>
 <frame number="00000778">
  <person id="0015">
   <leftEye x="522" y="158"/>
   <rightEye x="542" y="159"/>
  </person>
 </frame>
 <frame number="00000779">
  <person id="0015">
   <leftEye x="523" y="158"/>
   <rightEye x="543" y="158"/>
  </person>
 </frame>
 <frame number="00000780">
  <person id="0015">
   <leftEye x="524" y="157"/>
   <rightEye x="544" y="157"/>
  </person>
 </frame>
 <frame number="00000781">
  <person id="0015">
   <leftEye x="525" y="156"/>
   <rightEye x="545" y="156"/>
  </person>
 </frame>
 <frame number="00000782">
  <person id="0015">
   <leftEye x="526" y="155"/>
   <rightEye x="547" y="155"/>
  </person>
 </frame>
 <frame number="00000783">
  <person id="0015">
   <leftEye x="528" y="154"/>
   <rightEye x="549" y="154"/>
  </person>
 </frame>
 <frame number="00000784">
  <person id="0015">
   <leftEye x="530" y="154"/>
   <rightEye x="551" y="154"/>
  </person>
 </frame>
 <frame number="00000785">
  <person id="0015">
   <leftEye x="531" y="156"/>
   <rightEye x="553" y="156"/>
  </person>
 </frame>
 <frame number="00000786">
  <person id="0015">
   <leftEye x="533" y="158"/>
   <rightEye x="555" y="158"/>
  </person>
 </frame>
 <frame number="00000787">
  <person id="0015">
   <leftEye x="535" y="162"/>
   <rightEye x="557" y="162"/>
  </person>
 </frame>
 <frame number="00000788">
  <person id="0015">
   <leftEye x="537" y="167"/>
   <rightEye x="560" y="167"/>
  </person>
 </frame>
 <frame number="00000789">
  <person id="0015">
   <leftEye x="539" y="172"/>
   <rightEye x="563" y="172"/>
  </person>
 </frame>
 <frame number="00000790">
  <person id="0015">
   <leftEye x="542" y="176"/>
   <rightEye x="567" y="176"/>
  </person>
 </frame>
 <frame number="00000791">
  <person id="0015">
   <leftEye x="545" y="180"/>
   <rightEye x="570" y="180"/>
  </person>
 </frame>
 <frame number="00000792">
  <person id="0015">
   <leftEye x="548" y="182"/>
   <rightEye x="573" y="182"/>
  </person>
 </frame>
 <frame number="00000793">
  <person id="0015">
   <leftEye x="551" y="183"/>
   <rightEye x="577" y="182"/>
  </person>
 </frame>
 <frame number="00000794">
  <person id="0015">
   <leftEye x="554" y="183"/>
   <rightEye x="580" y="182"/>
  </person>
 </frame>
 <frame number="00000795">
  <person id="0015">
   <leftEye x="557" y="182"/>
   <rightEye x="582" y="182"/>
  </person>
 </frame>
 <frame number="00000796">
  <person id="0015">
   <leftEye x="559" y="181"/>
   <rightEye x="585" y="181"/>
  </person>
 </frame>
 <frame number="00000797">
  <person id="0015">
   <leftEye x="561" y="181"/>
   <rightEye x="588" y="180"/>
  </person>
 </frame>
 <frame number="00000798">
  <person id="0015">
   <leftEye x="562" y="181"/>
   <rightEye x="590" y="180"/>
  </person>
 </frame>
 <frame number="00000799">
  <person id="0015">
   <leftEye x="563" y="182"/>
   <rightEye x="592" y="181"/>
  </person>
 </frame>
 <frame number="00000800">
  <person id="0015">
   <leftEye x="564" y="184"/>
   <rightEye x="593" y="184"/>
  </person>
 </frame>
 <frame number="00000801">
  <person id="0015">
   <leftEye x="565" y="189"/>
   <rightEye x="595" y="188"/>
  </person>
 </frame>
 <frame number="00000802">
  <person id="0015">
   <leftEye x="565" y="195"/>
   <rightEye x="596" y="194"/>
  </person>
 </frame>
 <frame number="00000803">
  <person id="0015">
   <leftEye x="566" y="203"/>
   <rightEye x="598" y="201"/>
  </person>
 </frame>
 <frame number="00000804">
  <person id="0015">
   <leftEye x="567" y="211"/>
   <rightEye x="599" y="209"/>
  </person>
 </frame>
 <frame number="00000805">
  <person id="0015">
   <leftEye x="567" y="219"/>
   <rightEye x="600" y="218"/>
  </person>
 </frame>
 <frame number="00000806">
  <person id="0015">
   <leftEye x="567" y="225"/>
   <rightEye x="601" y="224"/>
  </person>
 </frame>
 <frame number="00000807">
  <person id="0015">
   <leftEye x="568" y="229"/>
   <rightEye x="602" y="229"/>
  </person>
 </frame>
 <frame number="00000808">
  <person id="0015">
   <leftEye x="568" y="233"/>
   <rightEye x="604" y="233"/>
  </person>
 </frame>
 <frame number="00000809">
  <person id="0015">
   <leftEye x="569" y="236"/>
   <rightEye x="605" y="235"/>
  </person>
 </frame>
 <frame number="00000810">
  <person id="0015">
   <leftEye x="571" y="238"/>
   <rightEye x="608" y="237"/>
  </person>
 </frame>
 <frame number="00000811">
  <person id="0015">
   <leftEye x="573" y="240"/>
   <rightEye x="612" y="239"/>
  </person>
 </frame>
 <frame number="00000812">
  <person id="0015">
   <leftEye x="575" y="241"/>
   <rightEye x="615" y="239"/>
  </person>
 </frame>
 <frame number="00000813">
  <person id="0015">
   <leftEye x="578" y="242"/>
   <rightEye x="619" y="239"/>
  </person>
 </frame>
 <frame number="00000814">
  <person id="0015">
   <leftEye x="582" y="243"/>
   <rightEye x="624" y="239"/>
  </person>
 </frame>
 <frame number="00000815">
  <person id="0015">
   <leftEye x="587" y="245"/>
   <rightEye x="630" y="241"/>
  </person>
 </frame>
 <frame number="00000816">
  <person id="0015">
   <leftEye x="593" y="250"/>
   <rightEye x="637" y="246"/>
  </person>
 </frame>
 <frame number="00000817">
  <person id="0015">
   <leftEye x="600" y="259"/>
   <rightEye x="645" y="255"/>
  </person>
 </frame>
 <frame number="00000818">
  <person id="0015">
   <leftEye x="607" y="272"/>
   <rightEye x="655" y="268"/>
  </person>
 </frame>
 <frame number="00000819">
  <person id="0015">
   <leftEye x="614" y="288"/>
   <rightEye x="667" y="284"/>
  </person>
 </frame>
 <frame number="00000820">
  <person id="0015">
   <leftEye x="622" y="305"/>
   <rightEye x="679" y="302"/>
  </person>
 </frame>
 <frame number="00000821">
  <person id="0015">
   <leftEye x="632" y="324"/>
   <rightEye x="690" y="321"/>
  </person>
 </frame>
 <frame number="00000822">
  <person id="0015">
   <leftEye x="643" y="343"/>
   <rightEye x="702" y="340"/>
  </person>
 </frame>
 <frame number="00000823">
  <person id="0015">
   <leftEye x="654" y="361"/>
   <rightEye x="715" y="357"/>
  </person>
 </frame>
 <frame number="00000824">
  <person id="0015">
   <leftEye x="667" y="376"/>
   <rightEye x="730" y="372"/>
  </person>
 </frame>
 <frame number="00000825">
  <person id="0015">
   <leftEye x="681" y="390"/>
   <rightEye x="746" y="386"/>
  </person>
 </frame>
 <frame number="00000826">
  <person id="0015">
   <leftEye x="696" y="405"/>
   <rightEye x="765" y="401"/>
  </person>
 </frame>
 <frame number="00000827">
  <person id="0015">
   <leftEye x="709" y="417"/>
   <rightEye x="781" y="414"/>
  </person>
 </frame>
 <frame number="00000828"/>
 <frame number="00000829"/>
 <frame number="00000830"/>
 <frame number="00000831"/>
 <frame number="00000832"/>
 <frame number="00000833"/>
 <frame number="00000834"/>
 <frame number="00000835"/>
 <frame number="00000836"/>
 <frame number="00000909"/>
 <frame number="00000910"/>
 <frame number="00000911"/>
 <frame number="00000912"/>
 <frame number="00000913"/>
 <frame number="00000914"/>
 <frame number="00000915"/>
 <frame number="00000916"/>
 <frame number="00000917"/>
 <frame number="00000918"/>
 <frame number="00000919"/>
 <frame number="00000920"/>
 <frame number="00000921"/>
 <frame number="00000922"/>
 <frame number="00000923"/>
 <frame number="00000924"/>
 <frame number="00000925"/>
 <frame number="00000926"/>
 <frame number="00000927"/>
 <frame number="00000928"/>
 <frame number="00000929"/>
 <frame number="00000930"/>
 <frame number="00000931"/>
 <frame number="00000932"/>
 <frame number="00000933"/>
 <frame number="00000934"/>
 <frame number="00000935"/>
 <frame number="00000936"/>
 <frame number="00000937"/>
 <frame number="00000938"/>
 <frame number="00000939"/>
 <frame number="00000940"/>
 <frame number="00000941"/>
 <frame number="00000942"/>
 <frame number="00000943"/>
 <frame number="00000944"/>
 <frame number="00000945"/>
 <frame number="00000946"/>
 <frame number="00000947"/>
 <frame number="00000948"/>
 <frame number="00000949"/>
 <frame number="00000950"/>
 <frame number="00000951"/>
 <frame number="00000952"/>
 <frame number="00000953"/>
 <frame number="00000954"/>
 <frame number="00000955"/>
 <frame number="00000956"/>
 <frame number="00000957"/>
 <frame number="00000958"/>
 <frame number="00000959"/>
 <frame number="00000960"/>
 <frame number="00000961"/>
 <frame number="00000962"/>
 <frame number="00000963"/>
 <frame number="00000964"/>
 <frame number="00000965"/>
 <frame number="00000966"/>
 <frame number="00000967"/>
 <frame number="00000968"/>
 <frame number="00000969"/>
 <frame number="00000970"/>
 <frame number="00000971"/>
 <frame number="00000972"/>
 <frame number="00000973"/>
 <frame number="00000974">
  <person id="0021">
   <leftEye x="492" y="137"/>
   <rightEye x="508" y="136"/>
  </person>
 </frame>
 <frame number="00000975">
  <person id="0021">
   <leftEye x="491" y="138"/>
   <rightEye x="507" y="137"/>
  </person>
 </frame>
 <frame number="00000976">
  <person id="0021">
   <leftEye x="490" y="139"/>
   <rightEye x="506" y="138"/>
  </person>
 </frame>
 <frame number="00000977">
  <person id="0021">
   <leftEye x="489" y="139"/>
   <rightEye x="505" y="139"/>
  </person>
 </frame>
 <frame number="00000978">
  <person id="0021">
   <leftEye x="488" y="139"/>
   <rightEye x="504" y="138"/>
  </person>
 </frame>
 <frame number="00000979">
  <person id="0021">
   <leftEye x="489" y="139"/>
   <rightEye x="504" y="139"/>
  </person>
 </frame>
 <frame number="00000980">
  <person id="0021">
   <leftEye x="488" y="137"/>
   <rightEye x="504" y="137"/>
  </person>
 </frame>
 <frame number="00000981">
  <person id="0021">
   <leftEye x="488" y="135"/>
   <rightEye x="504" y="135"/>
  </person>
 </frame>
 <frame number="00000982">
  <person id="0021">
   <leftEye x="489" y="134"/>
   <rightEye x="505" y="134"/>
  </person>
 </frame>
 <frame number="00000983">
  <person id="0021">
   <leftEye x="490" y="134"/>
   <rightEye x="506" y="134"/>
  </person>
 </frame>
 <frame number="00000984">
  <person id="0021">
   <leftEye x="491" y="134"/>
   <rightEye x="507" y="134"/>
  </person>
 </frame>
 <frame number="00000985">
  <person id="0021">
   <leftEye x="492" y="136"/>
   <rightEye x="508" y="135"/>
  </person>
 </frame>
 <frame number="00000986">
  <person id="0021">
   <leftEye x="493" y="138"/>
   <rightEye x="509" y="138"/>
  </person>
 </frame>
 <frame number="00000987">
  <person id="0021">
   <leftEye x="495" y="142"/>
   <rightEye x="511" y="142"/>
  </person>
 </frame>
 <frame number="00000988">
  <person id="0021">
   <leftEye x="495" y="145"/>
   <rightEye x="513" y="145"/>
  </person>
 </frame>
 <frame number="00000989">
  <person id="0021">
   <leftEye x="497" y="148"/>
   <rightEye x="515" y="149"/>
  </person>
 </frame>
 <frame number="00000990">
  <person id="0021">
   <leftEye x="499" y="151"/>
   <rightEye x="517" y="152"/>
  </person>
 </frame>
 <frame number="00000991">
  <person id="0021">
   <leftEye x="502" y="153"/>
   <rightEye x="519" y="154"/>
  </person>
 </frame>
 <frame number="00000992">
  <person id="0021">
   <leftEye x="504" y="153"/>
   <rightEye x="522" y="154"/>
  </person>
 </frame>
 <frame number="00000993">
  <person id="0021">
   <leftEye x="506" y="154"/>
   <rightEye x="525" y="155"/>
  </person>
 </frame>
 <frame number="00000994">
  <person id="0021">
   <leftEye x="508" y="154"/>
   <rightEye x="527" y="155"/>
  </person>
 </frame>
 <frame number="00000995">
  <person id="0021">
   <leftEye x="509" y="152"/>
   <rightEye x="528" y="154"/>
  </person>
 </frame>
 <frame number="00000996">
  <person id="0021">
   <leftEye x="510" y="150"/>
   <rightEye x="529" y="152"/>
  </person>
 </frame>
 <frame number="00000997">
  <person id="0021">
   <leftEye x="510" y="149"/>
   <rightEye x="530" y="150"/>
  </person>
 </frame>
 <frame number="00000998">
  <person id="0021">
   <leftEye x="510" y="148"/>
   <rightEye x="530" y="149"/>
  </person>
 </frame>
 <frame number="00000999">
  <person id="0021">
   <leftEye x="510" y="148"/>
   <rightEye x="530" y="149"/>
  </person>
 </frame>
 <frame number="00001000">
  <person id="0021">
   <leftEye x="510" y="149"/>
   <rightEye x="530" y="150"/>
  </person>
 </frame>
 <frame number="00001001">
  <person id="0021">
   <leftEye x="509" y="152"/>
   <rightEye x="530" y="153"/>
  </person>
 </frame>
 <frame number="00001002">
  <person id="0021">
   <leftEye x="508" y="157"/>
   <rightEye x="529" y="157"/>
  </person>
 </frame>
 <frame number="00001003">
  <person id="0021">
   <leftEye x="507" y="162"/>
   <rightEye x="528" y="162"/>
  </person>
 </frame>
 <frame number="00001004">
  <person id="0021">
   <leftEye x="506" y="167"/>
   <rightEye x="527" y="167"/>
  </person>
 </frame>
 <frame number="00001005">
  <person id="0021">
   <leftEye x="505" y="172"/>
   <rightEye x="526" y="171"/>
  </person>
 </frame>
 <frame number="00001006">
  <person id="0021">
   <leftEye x="503" y="175"/>
   <rightEye x="525" y="175"/>
  </person>
 </frame>
 <frame number="00001007">
  <person id="0021">
   <leftEye x="502" y="178"/>
   <rightEye x="524" y="177"/>
  </person>
 </frame>
 <frame number="00001008">
  <person id="0021">
   <leftEye x="501" y="180"/>
   <rightEye x="523" y="179"/>
  </person>
 </frame>
 <frame number="00001009">
  <person id="0021">
   <leftEye x="500" y="181"/>
   <rightEye x="523" y="180"/>
  </person>
 </frame>
 <frame number="00001010">
  <person id="0021">
   <leftEye x="499" y="181"/>
   <rightEye x="523" y="180"/>
  </person>
 </frame>
 <frame number="00001011">
  <person id="0021">
   <leftEye x="499" y="180"/>
   <rightEye x="524" y="179"/>
  </person>
 </frame>
 <frame number="00001012">
  <person id="0021">
   <leftEye x="500" y="179"/>
   <rightEye x="526" y="178"/>
  </person>
 </frame>
 <frame number="00001013">
  <person id="0021">
   <leftEye x="502" y="178"/>
   <rightEye x="528" y="177"/>
  </person>
 </frame>
 <frame number="00001014">
  <person id="0021">
   <leftEye x="504" y="178"/>
   <rightEye x="529" y="177"/>
  </person>
 </frame>
 <frame number="00001015">
  <person id="0021">
   <leftEye x="506" y="180"/>
   <rightEye x="532" y="179"/>
  </person>
 </frame>
 <frame number="00001016">
  <person id="0021">
   <leftEye x="509" y="183"/>
   <rightEye x="535" y="183"/>
  </person>
 </frame>
 <frame number="00001017">
  <person id="0021">
   <leftEye x="512" y="189"/>
   <rightEye x="539" y="189"/>
  </person>
 </frame>
 <frame number="00001018">
  <person id="0021">
   <leftEye x="515" y="196"/>
   <rightEye x="543" y="196"/>
  </person>
 </frame>
 <frame number="00001019">
  <person id="0021">
   <leftEye x="518" y="204"/>
   <rightEye x="547" y="204"/>
  </person>
 </frame>
 <frame number="00001020">
  <person id="0021">
   <leftEye x="523" y="211"/>
   <rightEye x="552" y="212"/>
  </person>
 </frame>
 <frame number="00001021">
  <person id="0021">
   <leftEye x="528" y="217"/>
   <rightEye x="558" y="219"/>
  </person>
 </frame>
 <frame number="00001022">
  <person id="0021">
   <leftEye x="534" y="222"/>
   <rightEye x="564" y="223"/>
  </person>
 </frame>
 <frame number="00001023">
  <person id="0021">
   <leftEye x="540" y="225"/>
   <rightEye x="571" y="226"/>
  </person>
 </frame>
 <frame number="00001024">
  <person id="0021">
   <leftEye x="545" y="227"/>
   <rightEye x="577" y="229"/>
  </person>
 </frame>
 <frame number="00001025">
  <person id="0021">
   <leftEye x="550" y="228"/>
   <rightEye x="583" y="230"/>
  </person>
 </frame>
 <frame number="00001026">
  <person id="0021">
   <leftEye x="554" y="227"/>
   <rightEye x="587" y="230"/>
  </person>
 </frame>
 <frame number="00001027">
  <person id="0021">
   <leftEye x="557" y="225"/>
   <rightEye x="591" y="228"/>
  </person>
 </frame>
 <frame number="00001028">
  <person id="0021">
   <leftEye x="559" y="225"/>
   <rightEye x="595" y="227"/>
  </person>
 </frame>
 <frame number="00001029">
  <person id="0021">
   <leftEye x="561" y="225"/>
   <rightEye x="598" y="227"/>
  </person>
 </frame>
 <frame number="00001030">
  <person id="0021">
   <leftEye x="563" y="228"/>
   <rightEye x="601" y="230"/>
  </person>
 </frame>
 <frame number="00001031">
  <person id="0021">
   <leftEye x="565" y="235"/>
   <rightEye x="604" y="236"/>
  </person>
 </frame>
 <frame number="00001032">
  <person id="0021">
   <leftEye x="567" y="245"/>
   <rightEye x="608" y="246"/>
  </person>
 </frame>
 <frame number="00001033">
  <person id="0021">
   <leftEye x="569" y="258"/>
   <rightEye x="612" y="258"/>
  </person>
 </frame>
 <frame number="00001034">
  <person id="0021">
   <leftEye x="569" y="257"/>
   <rightEye x="612" y="257"/>
  </person>
 </frame>
 <frame number="00001035">
  <person id="0021">
   <leftEye x="573" y="291"/>
   <rightEye x="618" y="290"/>
  </person>
 </frame>
 <frame number="00001036">
  <person id="0021">
   <leftEye x="573" y="306"/>
   <rightEye x="620" y="305"/>
  </person>
 </frame>
 <frame number="00001037">
  <person id="0021">
   <leftEye x="574" y="320"/>
   <rightEye x="623" y="319"/>
  </person>
 </frame>
 <frame number="00001038">
  <person id="0021">
   <leftEye x="576" y="334"/>
   <rightEye x="626" y="333"/>
  </person>
 </frame>
 <frame number="00001039">
  <person id="0021">
   <leftEye x="578" y="344"/>
   <rightEye x="631" y="343"/>
  </person>
 </frame>
 <frame number="00001040">
  <person id="0021">
   <leftEye x="578" y="344"/>
   <rightEye x="632" y="344"/>
  </person>
 </frame>
 <frame number="00001041">
  <person id="0021">
   <leftEye x="582" y="355"/>
   <rightEye x="638" y="354"/>
  </person>
 </frame>
 <frame number="00001042">
  <person id="0021">
   <leftEye x="597" y="372"/>
   <rightEye x="659" y="371"/>
  </person>
 </frame>
 <frame number="00001043">
  <person id="0021">
   <leftEye x="597" y="372"/>
   <rightEye x="659" y="370"/>
  </person>
 </frame>
 <frame number="00001044">
  <person id="0021">
   <leftEye x="608" y="380"/>
   <rightEye x="673" y="379"/>
  </person>
 </frame>
 <frame number="00001045">
  <person id="0021">
   <leftEye x="637" y="407"/>
   <rightEye x="710" y="404"/>
  </person>
 </frame>
 <frame number="00001046">
  <person id="0021">
   <leftEye x="637" y="407"/>
   <rightEye x="710" y="404"/>
  </person>
 </frame>
 <frame number="00001047">
  <person id="0021">
   <leftEye x="655" y="431"/>
   <rightEye x="733" y="428"/>
  </person>
 </frame>
 <frame number="00001048">
  <person id="0021">
   <leftEye x="674" y="464"/>
   <rightEye x="754" y="462"/>
  </person>
 </frame>
 <frame number="00001049"/>
 <frame number="00001050"/>
 <frame number="00001051"/>
 <frame number="00001052"/>
 <frame number="00001053"/>
 <frame number="00001054"/>
 <frame number="00001055"/>
 <frame number="00001056"/>
 <frame number="00001057"/>
</dataset>
