<!DOCTYPE GroundTruth>
<dataset name="P2L_S3_C3">
 <frame number="00000000"/>
 <frame number="00000001"/>
 <frame number="00000002"/>
 <frame number="00000003"/>
 <frame number="00000004"/>
 <frame number="00000005"/>
 <frame number="00000006"/>
 <frame number="00000007"/>
 <frame number="00000008"/>
 <frame number="00000009"/>
 <frame number="00000010"/>
 <frame number="00000011"/>
 <frame number="00000012"/>
 <frame number="00000013"/>
 <frame number="00000014"/>
 <frame number="00000015"/>
 <frame number="00000016"/>
 <frame number="00000017"/>
 <frame number="00000018"/>
 <frame number="00000019"/>
 <frame number="00000020"/>
 <frame number="00000021"/>
 <frame number="00000022"/>
 <frame number="00000023"/>
 <frame number="00000024"/>
 <frame number="00000025"/>
 <frame number="00000026"/>
 <frame number="00000027"/>
 <frame number="00000028"/>
 <frame number="00000029"/>
 <frame number="00000030"/>
 <frame number="00000031"/>
 <frame number="00000032"/>
 <frame number="00000033"/>
 <frame number="00000034"/>
 <frame number="00000035"/>
 <frame number="00000036"/>
 <frame number="00000037"/>
 <frame number="00000038"/>
 <frame number="00000039"/>
 <frame number="00000040"/>
 <frame number="00000041"/>
 <frame number="00000042"/>
 <frame number="00000043"/>
 <frame number="00000044"/>
 <frame number="00000045"/>
 <frame number="00000046"/>
 <frame number="00000047"/>
 <frame number="00000048"/>
 <frame number="00000049"/>
 <frame number="00000050"/>
 <frame number="00000051"/>
 <frame number="00000052"/>
 <frame number="00000053"/>
 <frame number="00000054"/>
 <frame number="00000055"/>
 <frame number="00000056"/>
 <frame number="00000057"/>
 <frame number="00000058"/>
 <frame number="00000059"/>
 <frame number="00000060"/>
 <frame number="00000061"/>
 <frame number="00000062"/>
 <frame number="00000063"/>
 <frame number="00000064"/>
 <frame number="00000065"/>
 <frame number="00000066"/>
 <frame number="00000067"/>
 <frame number="00000068"/>
 <frame number="00000069"/>
 <frame number="00000070"/>
 <frame number="00000071"/>
 <frame number="00000072"/>
 <frame number="00000073"/>
 <frame number="00000074"/>
 <frame number="00000075"/>
 <frame number="00000076"/>
 <frame number="00000077"/>
 <frame number="00000078"/>
 <frame number="00000079"/>
 <frame number="00000080"/>
 <frame number="00000081"/>
 <frame number="00000082"/>
 <frame number="00000083"/>
 <frame number="00000084"/>
 <frame number="00000085"/>
 <frame number="00000086"/>
 <frame number="00000087"/>
 <frame number="00000088"/>
 <frame number="00000089"/>
 <frame number="00000090"/>
 <frame number="00000091"/>
 <frame number="00000092"/>
 <frame number="00000093"/>
 <frame number="00000094"/>
 <frame number="00000095"/>
 <frame number="00000096"/>
 <frame number="00000097"/>
 <frame number="00000098"/>
 <frame number="00000099"/>
 <frame number="00000223"/>
 <frame number="00000224"/>
 <frame number="00000225"/>
 <frame number="00000226"/>
 <frame number="00000227"/>
 <frame number="00000228"/>
 <frame number="00000229"/>
 <frame number="00000230"/>
 <frame number="00000231"/>
 <frame number="00000232"/>
 <frame number="00000233"/>
 <frame number="00000234"/>
 <frame number="00000235"/>
 <frame number="00000236"/>
 <frame number="00000237"/>
 <frame number="00000238"/>
 <frame number="00000239"/>
 <frame number="00000240"/>
 <frame number="00000241"/>
 <frame number="00000242"/>
 <frame number="00000243"/>
 <frame number="00000244"/>
 <frame number="00000245"/>
 <frame number="00000246"/>
 <frame number="00000247"/>
 <frame number="00000248"/>
 <frame number="00000249"/>
 <frame number="00000250"/>
 <frame number="00000251"/>
 <frame number="00000252"/>
 <frame number="00000253"/>
 <frame number="00000254"/>
 <frame number="00000255"/>
 <frame number="00000256"/>
 <frame number="00000257"/>
 <frame number="00000258"/>
 <frame number="00000259"/>
 <frame number="00000260"/>
 <frame number="00000261"/>
 <frame number="00000262"/>
 <frame number="00000263"/>
 <frame number="00000264"/>
 <frame number="00000265"/>
 <frame number="00000266"/>
 <frame number="00000267"/>
 <frame number="00000268"/>
 <frame number="00000269"/>
 <frame number="00000270"/>
 <frame number="00000271"/>
 <frame number="00000272"/>
 <frame number="00000273"/>
 <frame number="00000274"/>
 <frame number="00000275"/>
 <frame number="00000276"/>
 <frame number="00000277"/>
 <frame number="00000278"/>
 <frame number="00000279"/>
 <frame number="00000280"/>
 <frame number="00000281"/>
 <frame number="00000282"/>
 <frame number="00000283"/>
 <frame number="00000284"/>
 <frame number="00000285"/>
 <frame number="00000286"/>
 <frame number="00000287"/>
 <frame number="00000288"/>
 <frame number="00000289"/>
 <frame number="00000290"/>
 <frame number="00000291"/>
 <frame number="00000292"/>
 <frame number="00000293"/>
 <frame number="00000294"/>
 <frame number="00000295"/>
 <frame number="00000296"/>
 <frame number="00000297"/>
 <frame number="00000298"/>
 <frame number="00000299"/>
 <frame number="00000300"/>
 <frame number="00000301"/>
 <frame number="00000302"/>
 <frame number="00000303"/>
 <frame number="00000304"/>
 <frame number="00000305"/>
 <frame number="00000306"/>
 <frame number="00000307"/>
 <frame number="00000308">
  <person id="0021">
   <leftEye x="374" y="158"/>
   <rightEye x="390" y="158"/>
  </person>
 </frame>
 <frame number="00000309">
  <person id="0021">
   <leftEye x="373" y="158"/>
   <rightEye x="388" y="158"/>
  </person>
 </frame>
 <frame number="00000310">
  <person id="0021">
   <leftEye x="372" y="158"/>
   <rightEye x="387" y="158"/>
  </person>
 </frame>
 <frame number="00000311">
  <person id="0021">
   <leftEye x="371" y="158"/>
   <rightEye x="387" y="158"/>
  </person>
 </frame>
 <frame number="00000312">
  <person id="0021">
   <leftEye x="371" y="157"/>
   <rightEye x="387" y="157"/>
  </person>
 </frame>
 <frame number="00000313">
  <person id="0021">
   <leftEye x="371" y="156"/>
   <rightEye x="387" y="156"/>
  </person>
 </frame>
 <frame number="00000314">
  <person id="0021">
   <leftEye x="371" y="155"/>
   <rightEye x="388" y="155"/>
  </person>
 </frame>
 <frame number="00000315">
  <person id="0021">
   <leftEye x="372" y="155"/>
   <rightEye x="389" y="155"/>
  </person>
 </frame>
 <frame number="00000316">
  <person id="0021">
   <leftEye x="372" y="155"/>
   <rightEye x="389" y="156"/>
  </person>
 </frame>
 <frame number="00000317">
  <person id="0021">
   <leftEye x="373" y="156"/>
   <rightEye x="389" y="157"/>
  </person>
 </frame>
 <frame number="00000318">
  <person id="0021">
   <leftEye x="374" y="159"/>
   <rightEye x="390" y="160"/>
  </person>
 </frame>
 <frame number="00000319">
  <person id="0021">
   <leftEye x="375" y="163"/>
   <rightEye x="392" y="164"/>
  </person>
 </frame>
 <frame number="00000320">
  <person id="0021">
   <leftEye x="376" y="167"/>
   <rightEye x="394" y="168"/>
  </person>
 </frame>
 <frame number="00000321">
  <person id="0021">
   <leftEye x="377" y="171"/>
   <rightEye x="395" y="171"/>
  </person>
 </frame>
 <frame number="00000322">
  <person id="0021">
   <leftEye x="379" y="174"/>
   <rightEye x="397" y="174"/>
  </person>
 </frame>
 <frame number="00000323">
  <person id="0021">
   <leftEye x="381" y="176"/>
   <rightEye x="400" y="176"/>
  </person>
 </frame>
 <frame number="00000324">
  <person id="0021">
   <leftEye x="384" y="177"/>
   <rightEye x="402" y="177"/>
  </person>
 </frame>
 <frame number="00000325">
  <person id="0021">
   <leftEye x="386" y="177"/>
   <rightEye x="405" y="177"/>
  </person>
 </frame>
 <frame number="00000326">
  <person id="0021">
   <leftEye x="388" y="177"/>
   <rightEye x="408" y="178"/>
  </person>
 </frame>
 <frame number="00000327">
  <person id="0021">
   <leftEye x="390" y="176"/>
   <rightEye x="409" y="177"/>
  </person>
 </frame>
 <frame number="00000328">
  <person id="0021">
   <leftEye x="390" y="175"/>
   <rightEye x="410" y="176"/>
  </person>
 </frame>
 <frame number="00000329">
  <person id="0021">
   <leftEye x="390" y="175"/>
   <rightEye x="411" y="176"/>
  </person>
 </frame>
 <frame number="00000330">
  <person id="0021">
   <leftEye x="390" y="171"/>
   <rightEye x="411" y="172"/>
  </person>
 </frame>
 <frame number="00000331">
  <person id="0021">
   <leftEye x="389" y="170"/>
   <rightEye x="410" y="171"/>
  </person>
 </frame>
 <frame number="00000332">
  <person id="0021">
   <leftEye x="388" y="171"/>
   <rightEye x="410" y="172"/>
  </person>
 </frame>
 <frame number="00000333">
  <person id="0021">
   <leftEye x="387" y="173"/>
   <rightEye x="409" y="174"/>
  </person>
 </frame>
 <frame number="00000334">
  <person id="0021">
   <leftEye x="386" y="177"/>
   <rightEye x="409" y="177"/>
  </person>
 </frame>
 <frame number="00000335">
  <person id="0021">
   <leftEye x="385" y="183"/>
   <rightEye x="408" y="182"/>
  </person>
 </frame>
 <frame number="00000336">
  <person id="0021">
   <leftEye x="383" y="189"/>
   <rightEye x="407" y="188"/>
  </person>
 </frame>
 <frame number="00000337">
  <person id="0021">
   <leftEye x="381" y="195"/>
   <rightEye x="405" y="194"/>
  </person>
 </frame>
 <frame number="00000338">
  <person id="0021">
   <leftEye x="380" y="200"/>
   <rightEye x="404" y="200"/>
  </person>
 </frame>
 <frame number="00000339">
  <person id="0021">
   <leftEye x="380" y="201"/>
   <rightEye x="404" y="200"/>
  </person>
 </frame>
 <frame number="00000340">
  <person id="0021">
   <leftEye x="374" y="207"/>
   <rightEye x="400" y="206"/>
  </person>
 </frame>
 <frame number="00000341">
  <person id="0021">
   <leftEye x="375" y="206"/>
   <rightEye x="400" y="206"/>
  </person>
 </frame>
 <frame number="00000342">
  <person id="0021">
   <leftEye x="372" y="207"/>
   <rightEye x="398" y="207"/>
  </person>
 </frame>
 <frame number="00000343">
  <person id="0021">
   <leftEye x="371" y="208"/>
   <rightEye x="398" y="208"/>
  </person>
 </frame>
 <frame number="00000344">
  <person id="0021">
   <leftEye x="369" y="208"/>
   <rightEye x="396" y="207"/>
  </person>
 </frame>
 <frame number="00000345">
  <person id="0021">
   <leftEye x="368" y="207"/>
   <rightEye x="396" y="206"/>
  </person>
 </frame>
 <frame number="00000346">
  <person id="0021">
   <leftEye x="368" y="206"/>
   <rightEye x="396" y="205"/>
  </person>
 </frame>
 <frame number="00000347">
  <person id="0021">
   <leftEye x="368" y="205"/>
   <rightEye x="397" y="205"/>
  </person>
 </frame>
 <frame number="00000348">
  <person id="0021">
   <leftEye x="368" y="206"/>
   <rightEye x="398" y="206"/>
  </person>
 </frame>
 <frame number="00000349">
  <person id="0021">
   <leftEye x="368" y="209"/>
   <rightEye x="399" y="209"/>
  </person>
 </frame>
 <frame number="00000350">
  <person id="0021">
   <leftEye x="368" y="215"/>
   <rightEye x="400" y="215"/>
  </person>
 </frame>
 <frame number="00000351">
  <person id="0021">
   <leftEye x="370" y="223"/>
   <rightEye x="402" y="223"/>
  </person>
 </frame>
 <frame number="00000352">
  <person id="0021">
   <leftEye x="371" y="232"/>
   <rightEye x="404" y="232"/>
  </person>
 </frame>
 <frame number="00000353">
  <person id="0021">
   <leftEye x="373" y="241"/>
   <rightEye x="407" y="242"/>
  </person>
 </frame>
 <frame number="00000354">
  <person id="0021">
   <leftEye x="376" y="250"/>
   <rightEye x="411" y="251"/>
  </person>
 </frame>
 <frame number="00000355">
  <person id="0021">
   <leftEye x="379" y="257"/>
   <rightEye x="414" y="258"/>
  </person>
 </frame>
 <frame number="00000356">
  <person id="0021">
   <leftEye x="382" y="262"/>
   <rightEye x="418" y="263"/>
  </person>
 </frame>
 <frame number="00000357">
  <person id="0021">
   <leftEye x="385" y="265"/>
   <rightEye x="423" y="266"/>
  </person>
 </frame>
 <frame number="00000358">
  <person id="0021">
   <leftEye x="388" y="267"/>
   <rightEye x="427" y="268"/>
  </person>
 </frame>
 <frame number="00000359">
  <person id="0021">
   <leftEye x="390" y="268"/>
   <rightEye x="430" y="270"/>
  </person>
 </frame>
 <frame number="00000360">
  <person id="0021">
   <leftEye x="390" y="268"/>
   <rightEye x="432" y="270"/>
  </person>
 </frame>
 <frame number="00000361">
  <person id="0021">
   <leftEye x="390" y="268"/>
   <rightEye x="433" y="269"/>
  </person>
 </frame>
 <frame number="00000362">
  <person id="0021">
   <leftEye x="389" y="268"/>
   <rightEye x="433" y="269"/>
  </person>
 </frame>
 <frame number="00000363">
  <person id="0021">
   <leftEye x="387" y="270"/>
   <rightEye x="433" y="270"/>
  </person>
 </frame>
 <frame number="00000364">
  <person id="0021">
   <leftEye x="384" y="274"/>
   <rightEye x="432" y="273"/>
  </person>
 </frame>
 <frame number="00000365">
  <person id="0021">
   <leftEye x="382" y="282"/>
   <rightEye x="431" y="281"/>
  </person>
 </frame>
 <frame number="00000366">
  <person id="0021">
   <leftEye x="380" y="294"/>
   <rightEye x="430" y="292"/>
  </person>
 </frame>
 <frame number="00000367">
  <person id="0021">
   <leftEye x="377" y="309"/>
   <rightEye x="429" y="307"/>
  </person>
 </frame>
 <frame number="00000368">
  <person id="0021">
   <leftEye x="372" y="327"/>
   <rightEye x="427" y="325"/>
  </person>
 </frame>
 <frame number="00000369">
  <person id="0021">
   <leftEye x="366" y="346"/>
   <rightEye x="424" y="344"/>
  </person>
 </frame>
 <frame number="00000370">
  <person id="0021">
   <leftEye x="360" y="366"/>
   <rightEye x="420" y="364"/>
  </person>
 </frame>
 <frame number="00000371">
  <person id="0021">
   <leftEye x="352" y="385"/>
   <rightEye x="414" y="383"/>
  </person>
 </frame>
 <frame number="00000372">
  <person id="0021">
   <leftEye x="343" y="403"/>
   <rightEye x="408" y="401"/>
  </person>
 </frame>
 <frame number="00000373">
  <person id="0021">
   <leftEye x="333" y="420"/>
   <rightEye x="401" y="418"/>
  </person>
 </frame>
 <frame number="00000374">
  <person id="0021">
   <leftEye x="322" y="438"/>
   <rightEye x="395" y="436"/>
  </person>
 </frame>
 <frame number="00000375">
  <person id="0021">
   <leftEye x="312" y="457"/>
   <rightEye x="389" y="456"/>
  </person>
 </frame>
 <frame number="00000376"/>
 <frame number="00000377"/>
 <frame number="00000378"/>
 <frame number="00000379"/>
 <frame number="00000380"/>
 <frame number="00000381"/>
 <frame number="00000382"/>
 <frame number="00000383"/>
 <frame number="00000384"/>
 <frame number="00000385"/>
 <frame number="00000386"/>
 <frame number="00000468"/>
 <frame number="00000469"/>
 <frame number="00000470"/>
 <frame number="00000471"/>
 <frame number="00000472"/>
 <frame number="00000473"/>
 <frame number="00000474"/>
 <frame number="00000475"/>
 <frame number="00000476"/>
 <frame number="00000477"/>
 <frame number="00000478"/>
 <frame number="00000479"/>
 <frame number="00000480"/>
 <frame number="00000481"/>
 <frame number="00000482"/>
 <frame number="00000483"/>
 <frame number="00000484"/>
 <frame number="00000485"/>
 <frame number="00000486"/>
 <frame number="00000487"/>
 <frame number="00000488"/>
 <frame number="00000489"/>
 <frame number="00000490"/>
 <frame number="00000491"/>
 <frame number="00000492"/>
 <frame number="00000493"/>
 <frame number="00000494"/>
 <frame number="00000495"/>
 <frame number="00000496"/>
 <frame number="00000497"/>
 <frame number="00000498"/>
 <frame number="00000499"/>
 <frame number="00000500"/>
 <frame number="00000501"/>
 <frame number="00000502"/>
 <frame number="00000503"/>
 <frame number="00000504"/>
 <frame number="00000505"/>
 <frame number="00000506"/>
 <frame number="00000507"/>
 <frame number="00000508"/>
 <frame number="00000509"/>
 <frame number="00000510"/>
 <frame number="00000511"/>
 <frame number="00000512"/>
 <frame number="00000513"/>
 <frame number="00000514"/>
 <frame number="00000515"/>
 <frame number="00000516"/>
 <frame number="00000517"/>
 <frame number="00000518"/>
 <frame number="00000519"/>
 <frame number="00000520"/>
 <frame number="00000521"/>
 <frame number="00000522"/>
 <frame number="00000523"/>
 <frame number="00000524"/>
 <frame number="00000525"/>
 <frame number="00000526"/>
 <frame number="00000527"/>
 <frame number="00000528"/>
 <frame number="00000529"/>
 <frame number="00000530"/>
 <frame number="00000531"/>
 <frame number="00000532"/>
 <frame number="00000533"/>
 <frame number="00000534"/>
 <frame number="00000535"/>
 <frame number="00000536"/>
 <frame number="00000537"/>
 <frame number="00000538"/>
 <frame number="00000539"/>
 <frame number="00000540"/>
 <frame number="00000541"/>
 <frame number="00000542"/>
 <frame number="00000543"/>
 <frame number="00000544"/>
 <frame number="00000545"/>
 <frame number="00000546"/>
 <frame number="00000547"/>
 <frame number="00000548"/>
 <frame number="00000549"/>
 <frame number="00000550"/>
 <frame number="00000551">
  <person id="0003">
   <leftEye x="402" y="164"/>
   <rightEye x="418" y="164"/>
  </person>
 </frame>
 <frame number="00000552">
  <person id="0003">
   <leftEye x="401" y="163"/>
   <rightEye x="417" y="164"/>
  </person>
 </frame>
 <frame number="00000553">
  <person id="0003">
   <leftEye x="399" y="163"/>
   <rightEye x="416" y="164"/>
  </person>
 </frame>
 <frame number="00000554">
  <person id="0003">
   <leftEye x="399" y="163"/>
   <rightEye x="416" y="164"/>
  </person>
 </frame>
 <frame number="00000555">
  <person id="0003">
   <leftEye x="399" y="162"/>
   <rightEye x="416" y="164"/>
  </person>
 </frame>
 <frame number="00000556">
  <person id="0003">
   <leftEye x="399" y="162"/>
   <rightEye x="415" y="164"/>
  </person>
 </frame>
 <frame number="00000557">
  <person id="0003">
   <leftEye x="397" y="164"/>
   <rightEye x="414" y="165"/>
  </person>
 </frame>
 <frame number="00000558">
  <person id="0003">
   <leftEye x="397" y="165"/>
   <rightEye x="413" y="166"/>
  </person>
 </frame>
 <frame number="00000559">
  <person id="0003">
   <leftEye x="397" y="166"/>
   <rightEye x="413" y="167"/>
  </person>
 </frame>
 <frame number="00000560">
  <person id="0003">
   <leftEye x="397" y="168"/>
   <rightEye x="413" y="169"/>
  </person>
 </frame>
 <frame number="00000561">
  <person id="0003">
   <leftEye x="397" y="170"/>
   <rightEye x="414" y="171"/>
  </person>
 </frame>
 <frame number="00000562">
  <person id="0003">
   <leftEye x="397" y="172"/>
   <rightEye x="414" y="174"/>
  </person>
 </frame>
 <frame number="00000563">
  <person id="0003">
   <leftEye x="398" y="174"/>
   <rightEye x="415" y="175"/>
  </person>
 </frame>
 <frame number="00000564">
  <person id="0003">
   <leftEye x="401" y="176"/>
   <rightEye x="417" y="177"/>
  </person>
 </frame>
 <frame number="00000565">
  <person id="0003">
   <leftEye x="399" y="177"/>
   <rightEye x="417" y="178"/>
  </person>
 </frame>
 <frame number="00000566">
  <person id="0003">
   <leftEye x="400" y="177"/>
   <rightEye x="418" y="178"/>
  </person>
 </frame>
 <frame number="00000567">
  <person id="0003">
   <leftEye x="400" y="177"/>
   <rightEye x="419" y="178"/>
  </person>
 </frame>
 <frame number="00000568">
  <person id="0003">
   <leftEye x="400" y="177"/>
   <rightEye x="420" y="178"/>
  </person>
 </frame>
 <frame number="00000569">
  <person id="0003">
   <leftEye x="400" y="176"/>
   <rightEye x="420" y="177"/>
  </person>
 </frame>
 <frame number="00000570">
  <person id="0003">
   <leftEye x="400" y="176"/>
   <rightEye x="419" y="177"/>
  </person>
 </frame>
 <frame number="00000571">
  <person id="0003">
   <leftEye x="400" y="176"/>
   <rightEye x="419" y="177"/>
  </person>
 </frame>
 <frame number="00000572">
  <person id="0003">
   <leftEye x="400" y="176"/>
   <rightEye x="419" y="177"/>
  </person>
 </frame>
 <frame number="00000573">
  <person id="0003">
   <leftEye x="401" y="176"/>
   <rightEye x="419" y="177"/>
  </person>
 </frame>
 <frame number="00000574">
  <person id="0003">
   <leftEye x="399" y="181"/>
   <rightEye x="418" y="181"/>
  </person>
 </frame>
 <frame number="00000575">
  <person id="0003">
   <leftEye x="398" y="184"/>
   <rightEye x="417" y="185"/>
  </person>
 </frame>
 <frame number="00000576">
  <person id="0003">
   <leftEye x="398" y="184"/>
   <rightEye x="417" y="185"/>
  </person>
 </frame>
 <frame number="00000577">
  <person id="0003">
   <leftEye x="395" y="190"/>
   <rightEye x="414" y="191"/>
  </person>
 </frame>
 <frame number="00000578">
  <person id="0003">
   <leftEye x="395" y="190"/>
   <rightEye x="413" y="190"/>
  </person>
 </frame>
 <frame number="00000579">
  <person id="0003">
   <leftEye x="395" y="192"/>
   <rightEye x="414" y="193"/>
  </person>
 </frame>
 <frame number="00000580">
  <person id="0003">
   <leftEye x="393" y="195"/>
   <rightEye x="412" y="196"/>
  </person>
 </frame>
 <frame number="00000581">
  <person id="0003">
   <leftEye x="393" y="195"/>
   <rightEye x="412" y="196"/>
  </person>
 </frame>
 <frame number="00000582">
  <person id="0003">
   <leftEye x="393" y="195"/>
   <rightEye x="412" y="196"/>
  </person>
 </frame>
 <frame number="00000583">
  <person id="0003">
   <leftEye x="392" y="195"/>
   <rightEye x="412" y="196"/>
  </person>
 </frame>
 <frame number="00000584">
  <person id="0003">
   <leftEye x="393" y="194"/>
   <rightEye x="412" y="195"/>
  </person>
 </frame>
 <frame number="00000585">
  <person id="0003">
   <leftEye x="393" y="194"/>
   <rightEye x="413" y="195"/>
  </person>
 </frame>
 <frame number="00000586">
  <person id="0003">
   <leftEye x="393" y="193"/>
   <rightEye x="414" y="195"/>
  </person>
 </frame>
 <frame number="00000587">
  <person id="0003">
   <leftEye x="394" y="195"/>
   <rightEye x="415" y="196"/>
  </person>
 </frame>
 <frame number="00000588">
  <person id="0003">
   <leftEye x="395" y="197"/>
   <rightEye x="417" y="198"/>
  </person>
 </frame>
 <frame number="00000589">
  <person id="0003">
   <leftEye x="396" y="200"/>
   <rightEye x="418" y="201"/>
  </person>
 </frame>
 <frame number="00000590">
  <person id="0003">
   <leftEye x="397" y="203"/>
   <rightEye x="420" y="204"/>
  </person>
 </frame>
 <frame number="00000591">
  <person id="0003">
   <leftEye x="398" y="206"/>
   <rightEye x="422" y="208"/>
  </person>
 </frame>
 <frame number="00000592">
  <person id="0003">
   <leftEye x="400" y="210"/>
   <rightEye x="424" y="212"/>
  </person>
 </frame>
 <frame number="00000593">
  <person id="0003">
   <leftEye x="402" y="214"/>
   <rightEye x="426" y="216"/>
  </person>
 </frame>
 <frame number="00000594">
  <person id="0003">
   <leftEye x="403" y="217"/>
   <rightEye x="428" y="219"/>
  </person>
 </frame>
 <frame number="00000595">
  <person id="0003">
   <leftEye x="405" y="220"/>
   <rightEye x="430" y="221"/>
  </person>
 </frame>
 <frame number="00000596">
  <person id="0003">
   <leftEye x="407" y="222"/>
   <rightEye x="432" y="223"/>
  </person>
 </frame>
 <frame number="00000597">
  <person id="0003">
   <leftEye x="409" y="223"/>
   <rightEye x="434" y="224"/>
  </person>
 </frame>
 <frame number="00000598">
  <person id="0003">
   <leftEye x="411" y="223"/>
   <rightEye x="436" y="224"/>
  </person>
 </frame>
 <frame number="00000599">
  <person id="0003">
   <leftEye x="412" y="223"/>
   <rightEye x="437" y="224"/>
  </person>
 </frame>
 <frame number="00000600">
  <person id="0003">
   <leftEye x="412" y="224"/>
   <rightEye x="437" y="225"/>
  </person>
 </frame>
 <frame number="00000601">
  <person id="0003">
   <leftEye x="411" y="225"/>
   <rightEye x="437" y="226"/>
  </person>
 </frame>
 <frame number="00000602">
  <person id="0003">
   <leftEye x="410" y="227"/>
   <rightEye x="436" y="228"/>
  </person>
 </frame>
 <frame number="00000603">
  <person id="0003">
   <leftEye x="409" y="230"/>
   <rightEye x="436" y="230"/>
  </person>
 </frame>
 <frame number="00000604">
  <person id="0003">
   <leftEye x="408" y="235"/>
   <rightEye x="435" y="234"/>
  </person>
 </frame>
 <frame number="00000605">
  <person id="0003">
   <leftEye x="406" y="241"/>
   <rightEye x="434" y="240"/>
  </person>
 </frame>
 <frame number="00000606">
  <person id="0003">
   <leftEye x="405" y="246"/>
   <rightEye x="434" y="246"/>
  </person>
 </frame>
 <frame number="00000607">
  <person id="0003">
   <leftEye x="404" y="252"/>
   <rightEye x="433" y="252"/>
  </person>
 </frame>
 <frame number="00000608">
  <person id="0003">
   <leftEye x="403" y="257"/>
   <rightEye x="433" y="257"/>
  </person>
 </frame>
 <frame number="00000609">
  <person id="0003">
   <leftEye x="402" y="261"/>
   <rightEye x="432" y="261"/>
  </person>
 </frame>
 <frame number="00000610">
  <person id="0003">
   <leftEye x="401" y="264"/>
   <rightEye x="432" y="264"/>
  </person>
 </frame>
 <frame number="00000611">
  <person id="0003">
   <leftEye x="400" y="265"/>
   <rightEye x="431" y="266"/>
  </person>
 </frame>
 <frame number="00000612">
  <person id="0003">
   <leftEye x="399" y="266"/>
   <rightEye x="431" y="267"/>
  </person>
 </frame>
 <frame number="00000613">
  <person id="0003">
   <leftEye x="398" y="267"/>
   <rightEye x="432" y="268"/>
  </person>
 </frame>
 <frame number="00000614">
  <person id="0003">
   <leftEye x="398" y="269"/>
   <rightEye x="433" y="269"/>
  </person>
 </frame>
 <frame number="00000615">
  <person id="0003">
   <leftEye x="398" y="271"/>
   <rightEye x="434" y="271"/>
  </person>
 </frame>
 <frame number="00000616">
  <person id="0003">
   <leftEye x="399" y="274"/>
   <rightEye x="435" y="274"/>
  </person>
 </frame>
 <frame number="00000617">
  <person id="0003">
   <leftEye x="400" y="279"/>
   <rightEye x="437" y="279"/>
  </person>
 </frame>
 <frame number="00000618">
  <person id="0003">
   <leftEye x="401" y="284"/>
   <rightEye x="439" y="285"/>
  </person>
 </frame>
 <frame number="00000619">
  <person id="0003">
   <leftEye x="403" y="291"/>
   <rightEye x="441" y="293"/>
  </person>
 </frame>
 <frame number="00000620">
  <person id="0003">
   <leftEye x="405" y="300"/>
   <rightEye x="444" y="302"/>
  </person>
 </frame>
 <frame number="00000621">
  <person id="0003">
   <leftEye x="406" y="310"/>
   <rightEye x="447" y="312"/>
  </person>
 </frame>
 <frame number="00000622">
  <person id="0003">
   <leftEye x="408" y="321"/>
   <rightEye x="450" y="322"/>
  </person>
 </frame>
 <frame number="00000623">
  <person id="0003">
   <leftEye x="410" y="331"/>
   <rightEye x="453" y="333"/>
  </person>
 </frame>
 <frame number="00000624">
  <person id="0003">
   <leftEye x="412" y="341"/>
   <rightEye x="456" y="342"/>
  </person>
 </frame>
 <frame number="00000625">
  <person id="0003">
   <leftEye x="413" y="348"/>
   <rightEye x="459" y="350"/>
  </person>
 </frame>
 <frame number="00000626">
  <person id="0003">
   <leftEye x="415" y="354"/>
   <rightEye x="462" y="356"/>
  </person>
 </frame>
 <frame number="00000627">
  <person id="0003">
   <leftEye x="416" y="360"/>
   <rightEye x="465" y="361"/>
  </person>
 </frame>
 <frame number="00000628">
  <person id="0003">
   <leftEye x="416" y="365"/>
   <rightEye x="467" y="366"/>
  </person>
 </frame>
 <frame number="00000629">
  <person id="0003">
   <leftEye x="416" y="370"/>
   <rightEye x="468" y="371"/>
  </person>
 </frame>
 <frame number="00000630">
  <person id="0003">
   <leftEye x="414" y="377"/>
   <rightEye x="468" y="379"/>
  </person>
 </frame>
 <frame number="00000631">
  <person id="0003">
   <leftEye x="412" y="387"/>
   <rightEye x="468" y="389"/>
  </person>
 </frame>
 <frame number="00000632">
  <person id="0003">
   <leftEye x="409" y="400"/>
   <rightEye x="467" y="402"/>
  </person>
 </frame>
 <frame number="00000633">
  <person id="0003">
   <leftEye x="406" y="417"/>
   <rightEye x="467" y="418"/>
  </person>
 </frame>
 <frame number="00000634">
  <person id="0003">
   <leftEye x="402" y="437"/>
   <rightEye x="465" y="438"/>
  </person>
 </frame>
 <frame number="00000635">
  <person id="0003">
   <leftEye x="398" y="461"/>
   <rightEye x="462" y="462"/>
  </person>
 </frame>
 <frame number="00000636">
  <person id="0003">
   <leftEye x="393" y="488"/>
   <rightEye x="461" y="487"/>
  </person>
 </frame>
 <frame number="00000637"/>
 <frame number="00000638"/>
 <frame number="00000639"/>
 <frame number="00000640"/>
 <frame number="00000641"/>
 <frame number="00000642"/>
 <frame number="00000643"/>
 <frame number="00000644"/>
 <frame number="00000645"/>
 <frame number="00000646"/>
 <frame number="00000647"/>
 <frame number="00000648"/>
 <frame number="00000649"/>
 <frame number="00000706"/>
 <frame number="00000707"/>
 <frame number="00000708"/>
 <frame number="00000709"/>
 <frame number="00000710"/>
 <frame number="00000711"/>
 <frame number="00000712"/>
 <frame number="00000713"/>
 <frame number="00000714"/>
 <frame number="00000715"/>
 <frame number="00000716"/>
 <frame number="00000717"/>
 <frame number="00000718"/>
 <frame number="00000719"/>
 <frame number="00000720"/>
 <frame number="00000721"/>
 <frame number="00000722"/>
 <frame number="00000723"/>
 <frame number="00000724"/>
 <frame number="00000725"/>
 <frame number="00000726"/>
 <frame number="00000727"/>
 <frame number="00000728"/>
 <frame number="00000729"/>
 <frame number="00000730"/>
 <frame number="00000731"/>
 <frame number="00000732"/>
 <frame number="00000733"/>
 <frame number="00000734"/>
 <frame number="00000735"/>
 <frame number="00000736"/>
 <frame number="00000737"/>
 <frame number="00000738"/>
 <frame number="00000739"/>
 <frame number="00000740"/>
 <frame number="00000741"/>
 <frame number="00000742"/>
 <frame number="00000743"/>
 <frame number="00000744"/>
 <frame number="00000745"/>
 <frame number="00000746"/>
 <frame number="00000747"/>
 <frame number="00000748"/>
 <frame number="00000749"/>
 <frame number="00000750"/>
 <frame number="00000751"/>
 <frame number="00000752"/>
 <frame number="00000753"/>
 <frame number="00000754"/>
 <frame number="00000755"/>
 <frame number="00000756"/>
 <frame number="00000757"/>
 <frame number="00000758"/>
 <frame number="00000759"/>
 <frame number="00000760"/>
 <frame number="00000761"/>
 <frame number="00000762"/>
 <frame number="00000763"/>
 <frame number="00000764"/>
 <frame number="00000765"/>
 <frame number="00000766"/>
 <frame number="00000767"/>
 <frame number="00000768"/>
 <frame number="00000769"/>
 <frame number="00000770"/>
 <frame number="00000771"/>
 <frame number="00000772"/>
 <frame number="00000773"/>
 <frame number="00000774"/>
 <frame number="00000775"/>
 <frame number="00000776"/>
 <frame number="00000777"/>
 <frame number="00000778"/>
 <frame number="00000779"/>
 <frame number="00000780"/>
 <frame number="00000781"/>
 <frame number="00000782"/>
 <frame number="00000783"/>
 <frame number="00000784"/>
 <frame number="00000785"/>
 <frame number="00000786"/>
 <frame number="00000787"/>
 <frame number="00000788"/>
 <frame number="00000789"/>
 <frame number="00000790"/>
 <frame number="00000791"/>
 <frame number="00000792"/>
 <frame number="00000793"/>
 <frame number="00000794"/>
 <frame number="00000795"/>
 <frame number="00000796"/>
 <frame number="00000797"/>
 <frame number="00000798"/>
 <frame number="00000799">
  <person id="0022">
   <leftEye x="378" y="160"/>
   <rightEye x="394" y="160"/>
  </person>
 </frame>
 <frame number="00000800">
  <person id="0022">
   <leftEye x="378" y="160"/>
   <rightEye x="394" y="160"/>
  </person>
 </frame>
 <frame number="00000801">
  <person id="0022">
   <leftEye x="378" y="160"/>
   <rightEye x="394" y="160"/>
  </person>
 </frame>
 <frame number="00000802">
  <person id="0022">
   <leftEye x="377" y="165"/>
   <rightEye x="392" y="165"/>
  </person>
 </frame>
 <frame number="00000803">
  <person id="0022">
   <leftEye x="377" y="165"/>
   <rightEye x="392" y="165"/>
  </person>
 </frame>
 <frame number="00000804">
  <person id="0022">
   <leftEye x="377" y="168"/>
   <rightEye x="392" y="168"/>
  </person>
 </frame>
 <frame number="00000805">
  <person id="0022">
   <leftEye x="377" y="171"/>
   <rightEye x="392" y="171"/>
  </person>
 </frame>
 <frame number="00000806">
  <person id="0022">
   <leftEye x="377" y="174"/>
   <rightEye x="393" y="174"/>
  </person>
 </frame>
 <frame number="00000807">
  <person id="0022">
   <leftEye x="377" y="176"/>
   <rightEye x="394" y="176"/>
  </person>
 </frame>
 <frame number="00000808">
  <person id="0022">
   <leftEye x="378" y="178"/>
   <rightEye x="395" y="178"/>
  </person>
 </frame>
 <frame number="00000809">
  <person id="0022">
   <leftEye x="379" y="179"/>
   <rightEye x="396" y="179"/>
  </person>
 </frame>
 <frame number="00000810">
  <person id="0022">
   <leftEye x="380" y="179"/>
   <rightEye x="397" y="179"/>
  </person>
 </frame>
 <frame number="00000811">
  <person id="0022">
   <leftEye x="380" y="179"/>
   <rightEye x="397" y="179"/>
  </person>
 </frame>
 <frame number="00000812">
  <person id="0022">
   <leftEye x="380" y="179"/>
   <rightEye x="398" y="179"/>
  </person>
 </frame>
 <frame number="00000813">
  <person id="0022">
   <leftEye x="380" y="178"/>
   <rightEye x="398" y="178"/>
  </person>
 </frame>
 <frame number="00000814">
  <person id="0022">
   <leftEye x="380" y="177"/>
   <rightEye x="398" y="178"/>
  </person>
 </frame>
 <frame number="00000815">
  <person id="0022">
   <leftEye x="381" y="178"/>
   <rightEye x="399" y="178"/>
  </person>
 </frame>
 <frame number="00000816">
  <person id="0022">
   <leftEye x="380" y="179"/>
   <rightEye x="399" y="179"/>
  </person>
 </frame>
 <frame number="00000817">
  <person id="0022">
   <leftEye x="380" y="181"/>
   <rightEye x="400" y="181"/>
  </person>
 </frame>
 <frame number="00000818">
  <person id="0022">
   <leftEye x="380" y="185"/>
   <rightEye x="400" y="185"/>
  </person>
 </frame>
 <frame number="00000819">
  <person id="0022">
   <leftEye x="380" y="189"/>
   <rightEye x="400" y="189"/>
  </person>
 </frame>
 <frame number="00000820">
  <person id="0022">
   <leftEye x="380" y="194"/>
   <rightEye x="400" y="193"/>
  </person>
 </frame>
 <frame number="00000821">
  <person id="0022">
   <leftEye x="380" y="198"/>
   <rightEye x="400" y="197"/>
  </person>
 </frame>
 <frame number="00000822">
  <person id="0022">
   <leftEye x="379" y="201"/>
   <rightEye x="399" y="201"/>
  </person>
 </frame>
 <frame number="00000823">
  <person id="0022">
   <leftEye x="378" y="204"/>
   <rightEye x="398" y="203"/>
  </person>
 </frame>
 <frame number="00000824">
  <person id="0022">
   <leftEye x="376" y="206"/>
   <rightEye x="397" y="205"/>
  </person>
 </frame>
 <frame number="00000825">
  <person id="0022">
   <leftEye x="375" y="206"/>
   <rightEye x="396" y="206"/>
  </person>
 </frame>
 <frame number="00000826">
  <person id="0022">
   <leftEye x="374" y="206"/>
   <rightEye x="395" y="206"/>
  </person>
 </frame>
 <frame number="00000827">
  <person id="0022">
   <leftEye x="373" y="206"/>
   <rightEye x="395" y="205"/>
  </person>
 </frame>
 <frame number="00000828">
  <person id="0022">
   <leftEye x="373" y="205"/>
   <rightEye x="395" y="204"/>
  </person>
 </frame>
 <frame number="00000829">
  <person id="0022">
   <leftEye x="373" y="205"/>
   <rightEye x="396" y="204"/>
  </person>
 </frame>
 <frame number="00000830">
  <person id="0022">
   <leftEye x="373" y="205"/>
   <rightEye x="397" y="204"/>
  </person>
 </frame>
 <frame number="00000831">
  <person id="0022">
   <leftEye x="373" y="206"/>
   <rightEye x="397" y="205"/>
  </person>
 </frame>
 <frame number="00000832">
  <person id="0022">
   <leftEye x="373" y="209"/>
   <rightEye x="397" y="207"/>
  </person>
 </frame>
 <frame number="00000833">
  <person id="0022">
   <leftEye x="373" y="212"/>
   <rightEye x="398" y="211"/>
  </person>
 </frame>
 <frame number="00000834">
  <person id="0022">
   <leftEye x="373" y="217"/>
   <rightEye x="398" y="216"/>
  </person>
 </frame>
 <frame number="00000835">
  <person id="0022">
   <leftEye x="373" y="223"/>
   <rightEye x="398" y="222"/>
  </person>
 </frame>
 <frame number="00000836">
  <person id="0022">
   <leftEye x="374" y="230"/>
   <rightEye x="399" y="229"/>
  </person>
 </frame>
 <frame number="00000837">
  <person id="0022">
   <leftEye x="375" y="236"/>
   <rightEye x="401" y="236"/>
  </person>
 </frame>
 <frame number="00000838">
  <person id="0022">
   <leftEye x="376" y="241"/>
   <rightEye x="402" y="241"/>
  </person>
 </frame>
 <frame number="00000839">
  <person id="0022">
   <leftEye x="377" y="245"/>
   <rightEye x="404" y="245"/>
  </person>
 </frame>
 <frame number="00000840">
  <person id="0022">
   <leftEye x="378" y="249"/>
   <rightEye x="406" y="248"/>
  </person>
 </frame>
 <frame number="00000841">
  <person id="0022">
   <leftEye x="379" y="251"/>
   <rightEye x="408" y="251"/>
  </person>
 </frame>
 <frame number="00000842">
  <person id="0022">
   <leftEye x="379" y="252"/>
   <rightEye x="410" y="252"/>
  </person>
 </frame>
 <frame number="00000843">
  <person id="0022">
   <leftEye x="379" y="253"/>
   <rightEye x="411" y="253"/>
  </person>
 </frame>
 <frame number="00000844">
  <person id="0022">
   <leftEye x="379" y="254"/>
   <rightEye x="411" y="254"/>
  </person>
 </frame>
 <frame number="00000845">
  <person id="0022">
   <leftEye x="379" y="255"/>
   <rightEye x="411" y="255"/>
  </person>
 </frame>
 <frame number="00000846">
  <person id="0022">
   <leftEye x="379" y="257"/>
   <rightEye x="412" y="257"/>
  </person>
 </frame>
 <frame number="00000847">
  <person id="0022">
   <leftEye x="378" y="260"/>
   <rightEye x="412" y="260"/>
  </person>
 </frame>
 <frame number="00000848">
  <person id="0022">
   <leftEye x="377" y="265"/>
   <rightEye x="412" y="265"/>
  </person>
 </frame>
 <frame number="00000849">
  <person id="0022">
   <leftEye x="376" y="272"/>
   <rightEye x="412" y="272"/>
  </person>
 </frame>
 <frame number="00000850">
  <person id="0022">
   <leftEye x="374" y="282"/>
   <rightEye x="411" y="281"/>
  </person>
 </frame>
 <frame number="00000851">
  <person id="0022">
   <leftEye x="372" y="294"/>
   <rightEye x="410" y="292"/>
  </person>
 </frame>
 <frame number="00000852">
  <person id="0022">
   <leftEye x="370" y="307"/>
   <rightEye x="409" y="304"/>
  </person>
 </frame>
 <frame number="00000853">
  <person id="0022">
   <leftEye x="367" y="318"/>
   <rightEye x="407" y="315"/>
  </person>
 </frame>
 <frame number="00000854">
  <person id="0022">
   <leftEye x="363" y="327"/>
   <rightEye x="404" y="325"/>
  </person>
 </frame>
 <frame number="00000855">
  <person id="0022">
   <leftEye x="359" y="334"/>
   <rightEye x="400" y="333"/>
  </person>
 </frame>
 <frame number="00000856">
  <person id="0022">
   <leftEye x="354" y="340"/>
   <rightEye x="397" y="339"/>
  </person>
 </frame>
 <frame number="00000857">
  <person id="0022">
   <leftEye x="350" y="345"/>
   <rightEye x="395" y="345"/>
  </person>
 </frame>
 <frame number="00000858">
  <person id="0022">
   <leftEye x="346" y="351"/>
   <rightEye x="393" y="350"/>
  </person>
 </frame>
 <frame number="00000859">
  <person id="0022">
   <leftEye x="342" y="356"/>
   <rightEye x="392" y="354"/>
  </person>
 </frame>
 <frame number="00000860">
  <person id="0022">
   <leftEye x="340" y="361"/>
   <rightEye x="392" y="359"/>
  </person>
 </frame>
 <frame number="00000861">
  <person id="0022">
   <leftEye x="340" y="368"/>
   <rightEye x="393" y="366"/>
  </person>
 </frame>
 <frame number="00000862">
  <person id="0022">
   <leftEye x="341" y="377"/>
   <rightEye x="395" y="374"/>
  </person>
 </frame>
 <frame number="00000863">
  <person id="0022">
   <leftEye x="342" y="388"/>
   <rightEye x="399" y="385"/>
  </person>
 </frame>
 <frame number="00000864">
  <person id="0022">
   <leftEye x="342" y="402"/>
   <rightEye x="404" y="400"/>
  </person>
 </frame>
 <frame number="00000865">
  <person id="0022">
   <leftEye x="343" y="420"/>
   <rightEye x="407" y="419"/>
  </person>
 </frame>
 <frame number="00000866">
  <person id="0022">
   <leftEye x="344" y="445"/>
   <rightEye x="410" y="445"/>
  </person>
 </frame>
 <frame number="00000867">
  <person id="0022">
   <leftEye x="346" y="473"/>
   <rightEye x="415" y="474"/>
  </person>
 </frame>
 <frame number="00000868"/>
 <frame number="00000869"/>
 <frame number="00000870"/>
 <frame number="00000871"/>
 <frame number="00000872"/>
 <frame number="00000873"/>
 <frame number="00000874"/>
 <frame number="00000875"/>
 <frame number="00000876"/>
 <frame number="00000877"/>
 <frame number="00000878"/>
 <frame number="00000879"/>
 <frame number="00000880"/>
 <frame number="00000881"/>
 <frame number="00000882"/>
 <frame number="00000883"/>
 <frame number="00000884"/>
 <frame number="00000885"/>
 <frame number="00000886"/>
 <frame number="00000887"/>
 <frame number="00000888"/>
 <frame number="00000889"/>
 <frame number="00000890"/>
 <frame number="00000891"/>
 <frame number="00000892"/>
 <frame number="00000893"/>
 <frame number="00000894"/>
 <frame number="00000895"/>
 <frame number="00000896"/>
 <frame number="00000897"/>
 <frame number="00000898"/>
 <frame number="00000899"/>
 <frame number="00000900"/>
 <frame number="00000901"/>
 <frame number="00000902"/>
 <frame number="00000903"/>
 <frame number="00000904"/>
 <frame number="00000905"/>
 <frame number="00000906"/>
 <frame number="00000907"/>
 <frame number="00000908"/>
 <frame number="00000909"/>
 <frame number="00000910"/>
 <frame number="00000911"/>
 <frame number="00000912"/>
 <frame number="00000913"/>
 <frame number="00000914"/>
 <frame number="00000915"/>
 <frame number="00000916"/>
 <frame number="00000917"/>
 <frame number="00000918"/>
 <frame number="00000919"/>
 <frame number="00000920"/>
 <frame number="00000921"/>
 <frame number="00000922"/>
 <frame number="00000923"/>
 <frame number="00000924"/>
 <frame number="00000925"/>
 <frame number="00000926"/>
 <frame number="00000927"/>
 <frame number="00000928"/>
 <frame number="00000929"/>
 <frame number="00000930"/>
 <frame number="00000931"/>
 <frame number="00000932"/>
 <frame number="00000933"/>
 <frame number="00000934"/>
 <frame number="00000935"/>
 <frame number="00000936"/>
 <frame number="00000937"/>
 <frame number="00000938"/>
 <frame number="00000939"/>
 <frame number="00000940"/>
 <frame number="00000941"/>
 <frame number="00000942"/>
 <frame number="00000943"/>
 <frame number="00000944"/>
 <frame number="00000945"/>
 <frame number="00000946"/>
 <frame number="00000947"/>
 <frame number="00000948"/>
 <frame number="00000949"/>
 <frame number="00000950"/>
 <frame number="00000951"/>
 <frame number="00000952"/>
 <frame number="00000953"/>
 <frame number="00000954"/>
 <frame number="00000955"/>
 <frame number="00000956"/>
 <frame number="00000957"/>
 <frame number="00000958"/>
 <frame number="00000959"/>
 <frame number="00000960"/>
 <frame number="00000961"/>
 <frame number="00000962"/>
 <frame number="00000963"/>
 <frame number="00000964"/>
 <frame number="00000965"/>
 <frame number="00000966"/>
 <frame number="00000967"/>
 <frame number="00000968"/>
 <frame number="00000969"/>
 <frame number="00000970"/>
 <frame number="00000971"/>
 <frame number="00000972"/>
 <frame number="00000973"/>
 <frame number="00000974"/>
 <frame number="00000975"/>
 <frame number="00000976"/>
 <frame number="00000977"/>
 <frame number="00000978"/>
 <frame number="00000979"/>
 <frame number="00000980"/>
 <frame number="00000981"/>
 <frame number="00000982"/>
 <frame number="00000983"/>
 <frame number="00000984"/>
 <frame number="00000985"/>
 <frame number="00000986"/>
 <frame number="00000987"/>
 <frame number="00000988"/>
 <frame number="00000989"/>
 <frame number="00000990"/>
 <frame number="00000991"/>
 <frame number="00000992"/>
 <frame number="00000993"/>
 <frame number="00000994"/>
 <frame number="00000995"/>
 <frame number="00000996"/>
 <frame number="00000997"/>
 <frame number="00000998"/>
 <frame number="00000999"/>
 <frame number="00001000"/>
 <frame number="00001001"/>
 <frame number="00001002"/>
 <frame number="00001003"/>
 <frame number="00001004"/>
 <frame number="00001005"/>
 <frame number="00001006"/>
 <frame number="00001007"/>
 <frame number="00001008"/>
 <frame number="00001009"/>
 <frame number="00001010"/>
 <frame number="00001011"/>
 <frame number="00001012"/>
 <frame number="00001013"/>
 <frame number="00001014"/>
 <frame number="00001015"/>
 <frame number="00001016"/>
 <frame number="00001017"/>
 <frame number="00001018"/>
 <frame number="00001019"/>
 <frame number="00001020"/>
 <frame number="00001021"/>
 <frame number="00001022"/>
 <frame number="00001023"/>
 <frame number="00001024"/>
 <frame number="00001025"/>
 <frame number="00001026"/>
 <frame number="00001027"/>
 <frame number="00001028"/>
 <frame number="00001029"/>
 <frame number="00001030"/>
 <frame number="00001031"/>
 <frame number="00001032"/>
 <frame number="00001033">
  <person id="0015">
   <leftEye x="417" y="144"/>
   <rightEye x="434" y="144"/>
  </person>
 </frame>
 <frame number="00001034">
  <person id="0015">
   <leftEye x="417" y="144"/>
   <rightEye x="432" y="144"/>
  </person>
 </frame>
 <frame number="00001035">
  <person id="0015">
   <leftEye x="416" y="144"/>
   <rightEye x="431" y="144"/>
  </person>
 </frame>
 <frame number="00001036">
  <person id="0015">
   <leftEye x="415" y="146"/>
   <rightEye x="429" y="146"/>
  </person>
 </frame>
 <frame number="00001037">
  <person id="0015">
   <leftEye x="413" y="149"/>
   <rightEye x="428" y="149"/>
  </person>
 </frame>
 <frame number="00001038">
  <person id="0015">
   <leftEye x="411" y="152"/>
   <rightEye x="427" y="152"/>
  </person>
 </frame>
 <frame number="00001039">
  <person id="0015">
   <leftEye x="410" y="156"/>
   <rightEye x="426" y="155"/>
  </person>
 </frame>
 <frame number="00001040">
  <person id="0015">
   <leftEye x="409" y="159"/>
   <rightEye x="425" y="158"/>
  </person>
 </frame>
 <frame number="00001041">
  <person id="0015">
   <leftEye x="408" y="161"/>
   <rightEye x="425" y="160"/>
  </person>
 </frame>
 <frame number="00001042">
  <person id="0015">
   <leftEye x="407" y="162"/>
   <rightEye x="424" y="162"/>
  </person>
 </frame>
 <frame number="00001043">
  <person id="0015">
   <leftEye x="405" y="162"/>
   <rightEye x="423" y="162"/>
  </person>
 </frame>
 <frame number="00001044">
  <person id="0015">
   <leftEye x="404" y="162"/>
   <rightEye x="422" y="162"/>
  </person>
 </frame>
 <frame number="00001045">
  <person id="0015">
   <leftEye x="404" y="161"/>
   <rightEye x="422" y="161"/>
  </person>
 </frame>
 <frame number="00001046">
  <person id="0015">
   <leftEye x="404" y="160"/>
   <rightEye x="422" y="160"/>
  </person>
 </frame>
 <frame number="00001047">
  <person id="0015">
   <leftEye x="404" y="158"/>
   <rightEye x="422" y="158"/>
  </person>
 </frame>
 <frame number="00001048">
  <person id="0015">
   <leftEye x="404" y="157"/>
   <rightEye x="422" y="157"/>
  </person>
 </frame>
 <frame number="00001049">
  <person id="0015">
   <leftEye x="405" y="157"/>
   <rightEye x="423" y="157"/>
  </person>
 </frame>
 <frame number="00001050">
  <person id="0015">
   <leftEye x="405" y="158"/>
   <rightEye x="424" y="158"/>
  </person>
 </frame>
 <frame number="00001051">
  <person id="0015">
   <leftEye x="406" y="160"/>
   <rightEye x="425" y="160"/>
  </person>
 </frame>
 <frame number="00001052">
  <person id="0015">
   <leftEye x="407" y="164"/>
   <rightEye x="427" y="163"/>
  </person>
 </frame>
 <frame number="00001053">
  <person id="0015">
   <leftEye x="409" y="168"/>
   <rightEye x="428" y="167"/>
  </person>
 </frame>
 <frame number="00001054">
  <person id="0015">
   <leftEye x="410" y="172"/>
   <rightEye x="429" y="171"/>
  </person>
 </frame>
 <frame number="00001055">
  <person id="0015">
   <leftEye x="411" y="176"/>
   <rightEye x="431" y="175"/>
  </person>
 </frame>
 <frame number="00001056">
  <person id="0015">
   <leftEye x="413" y="180"/>
   <rightEye x="434" y="179"/>
  </person>
 </frame>
 <frame number="00001057">
  <person id="0015">
   <leftEye x="415" y="183"/>
   <rightEye x="436" y="182"/>
  </person>
 </frame>
 <frame number="00001058">
  <person id="0015">
   <leftEye x="417" y="184"/>
   <rightEye x="438" y="183"/>
  </person>
 </frame>
 <frame number="00001059">
  <person id="0015">
   <leftEye x="419" y="185"/>
   <rightEye x="440" y="184"/>
  </person>
 </frame>
 <frame number="00001060">
  <person id="0015">
   <leftEye x="421" y="185"/>
   <rightEye x="443" y="184"/>
  </person>
 </frame>
 <frame number="00001061">
  <person id="0015">
   <leftEye x="422" y="185"/>
   <rightEye x="445" y="184"/>
  </person>
 </frame>
 <frame number="00001062">
  <person id="0015">
   <leftEye x="422" y="185"/>
   <rightEye x="447" y="184"/>
  </person>
 </frame>
 <frame number="00001063">
  <person id="0015">
   <leftEye x="422" y="186"/>
   <rightEye x="448" y="185"/>
  </person>
 </frame>
 <frame number="00001064">
  <person id="0015">
   <leftEye x="424" y="187"/>
   <rightEye x="448" y="187"/>
  </person>
 </frame>
 <frame number="00001065">
  <person id="0015">
   <leftEye x="425" y="189"/>
   <rightEye x="448" y="189"/>
  </person>
 </frame>
 <frame number="00001066">
  <person id="0015">
   <leftEye x="424" y="192"/>
   <rightEye x="449" y="192"/>
  </person>
 </frame>
 <frame number="00001067">
  <person id="0015">
   <leftEye x="422" y="197"/>
   <rightEye x="449" y="197"/>
  </person>
 </frame>
 <frame number="00001068">
  <person id="0015">
   <leftEye x="422" y="205"/>
   <rightEye x="450" y="204"/>
  </person>
 </frame>
 <frame number="00001069">
  <person id="0015">
   <leftEye x="421" y="212"/>
   <rightEye x="450" y="210"/>
  </person>
 </frame>
 <frame number="00001070">
  <person id="0015">
   <leftEye x="421" y="219"/>
   <rightEye x="450" y="217"/>
  </person>
 </frame>
 <frame number="00001071">
  <person id="0015">
   <leftEye x="420" y="227"/>
   <rightEye x="451" y="226"/>
  </person>
 </frame>
 <frame number="00001072">
  <person id="0015">
   <leftEye x="420" y="232"/>
   <rightEye x="449" y="231"/>
  </person>
 </frame>
 <frame number="00001073">
  <person id="0015">
   <leftEye x="420" y="235"/>
   <rightEye x="451" y="235"/>
  </person>
 </frame>
 <frame number="00001074">
  <person id="0015">
   <leftEye x="420" y="237"/>
   <rightEye x="450" y="236"/>
  </person>
 </frame>
 <frame number="00001075">
  <person id="0015">
   <leftEye x="420" y="237"/>
   <rightEye x="453" y="237"/>
  </person>
 </frame>
 <frame number="00001076">
  <person id="0015">
   <leftEye x="420" y="237"/>
   <rightEye x="454" y="236"/>
  </person>
 </frame>
 <frame number="00001077">
  <person id="0015">
   <leftEye x="421" y="236"/>
   <rightEye x="456" y="234"/>
  </person>
 </frame>
 <frame number="00001078">
  <person id="0015">
   <leftEye x="423" y="235"/>
   <rightEye x="459" y="233"/>
  </person>
 </frame>
 <frame number="00001079">
  <person id="0015">
   <leftEye x="425" y="235"/>
   <rightEye x="463" y="232"/>
  </person>
 </frame>
 <frame number="00001080">
  <person id="0015">
   <leftEye x="428" y="237"/>
   <rightEye x="467" y="234"/>
  </person>
 </frame>
 <frame number="00001081">
  <person id="0015">
   <leftEye x="432" y="241"/>
   <rightEye x="471" y="238"/>
  </person>
 </frame>
 <frame number="00001082">
  <person id="0015">
   <leftEye x="437" y="246"/>
   <rightEye x="475" y="244"/>
  </person>
 </frame>
 <frame number="00001083">
  <person id="0015">
   <leftEye x="441" y="253"/>
   <rightEye x="480" y="252"/>
  </person>
 </frame>
 <frame number="00001084">
  <person id="0015">
   <leftEye x="445" y="264"/>
   <rightEye x="486" y="263"/>
  </person>
 </frame>
 <frame number="00001085">
  <person id="0015">
   <leftEye x="449" y="275"/>
   <rightEye x="493" y="275"/>
  </person>
 </frame>
 <frame number="00001086">
  <person id="0015">
   <leftEye x="455" y="286"/>
   <rightEye x="500" y="286"/>
  </person>
 </frame>
 <frame number="00001087">
  <person id="0015">
   <leftEye x="462" y="296"/>
   <rightEye x="507" y="296"/>
  </person>
 </frame>
 <frame number="00001088">
  <person id="0015">
   <leftEye x="469" y="304"/>
   <rightEye x="516" y="303"/>
  </person>
 </frame>
 <frame number="00001089">
  <person id="0015">
   <leftEye x="475" y="309"/>
   <rightEye x="524" y="308"/>
  </person>
 </frame>
 <frame number="00001090">
  <person id="0015">
   <leftEye x="482" y="313"/>
   <rightEye x="533" y="312"/>
  </person>
 </frame>
 <frame number="00001091">
  <person id="0015">
   <leftEye x="488" y="316"/>
   <rightEye x="542" y="315"/>
  </person>
 </frame>
 <frame number="00001092">
  <person id="0015">
   <leftEye x="494" y="318"/>
   <rightEye x="550" y="317"/>
  </person>
 </frame>
 <frame number="00001093">
  <person id="0015">
   <leftEye x="499" y="321"/>
   <rightEye x="558" y="320"/>
  </person>
 </frame>
 <frame number="00001094">
  <person id="0015">
   <leftEye x="503" y="326"/>
   <rightEye x="565" y="324"/>
  </person>
 </frame>
 <frame number="00001095">
  <person id="0015">
   <leftEye x="507" y="335"/>
   <rightEye x="571" y="332"/>
  </person>
 </frame>
 <frame number="00001096">
  <person id="0015">
   <leftEye x="511" y="349"/>
   <rightEye x="578" y="344"/>
  </person>
 </frame>
 <frame number="00001097">
  <person id="0015">
   <leftEye x="514" y="367"/>
   <rightEye x="586" y="363"/>
  </person>
 </frame>
 <frame number="00001098">
  <person id="0015">
   <leftEye x="518" y="392"/>
   <rightEye x="594" y="389"/>
  </person>
 </frame>
 <frame number="00001099">
  <person id="0015">
   <leftEye x="522" y="426"/>
   <rightEye x="602" y="423"/>
  </person>
 </frame>
 <frame number="00001100">
  <person id="0015">
   <leftEye x="524" y="465"/>
   <rightEye x="612" y="461"/>
  </person>
 </frame>
 <frame number="00001101"/>
 <frame number="00001102"/>
 <frame number="00001103"/>
 <frame number="00001104"/>
 <frame number="00001105"/>
 <frame number="00001106"/>
 <frame number="00001107"/>
 <frame number="00001108"/>
 <frame number="00001109"/>
 <frame number="00001110"/>
</dataset>
