<!DOCTYPE GroundTruth>
<dataset name="P2L_S2_C1">
 <frame number="00000000"/>
 <frame number="00000001"/>
 <frame number="00000002"/>
 <frame number="00000003"/>
 <frame number="00000004"/>
 <frame number="00000005"/>
 <frame number="00000006"/>
 <frame number="00000007"/>
 <frame number="00000008"/>
 <frame number="00000009"/>
 <frame number="00000010"/>
 <frame number="00000011"/>
 <frame number="00000012"/>
 <frame number="00000013"/>
 <frame number="00000014"/>
 <frame number="00000015"/>
 <frame number="00000016"/>
 <frame number="00000017"/>
 <frame number="00000018"/>
 <frame number="00000019"/>
 <frame number="00000020"/>
 <frame number="00000021"/>
 <frame number="00000022"/>
 <frame number="00000023"/>
 <frame number="00000024"/>
 <frame number="00000025"/>
 <frame number="00000026"/>
 <frame number="00000027"/>
 <frame number="00000028"/>
 <frame number="00000029"/>
 <frame number="00000030"/>
 <frame number="00000031"/>
 <frame number="00000032"/>
 <frame number="00000033"/>
 <frame number="00000034"/>
 <frame number="00000035"/>
 <frame number="00000036"/>
 <frame number="00000037"/>
 <frame number="00000038"/>
 <frame number="00000039"/>
 <frame number="00000040"/>
 <frame number="00000041"/>
 <frame number="00000042"/>
 <frame number="00000043"/>
 <frame number="00000044"/>
 <frame number="00000045"/>
 <frame number="00000046"/>
 <frame number="00000047"/>
 <frame number="00000048"/>
 <frame number="00000049"/>
 <frame number="00000050"/>
 <frame number="00000051"/>
 <frame number="00000052"/>
 <frame number="00000053"/>
 <frame number="00000054"/>
 <frame number="00000055"/>
 <frame number="00000056"/>
 <frame number="00000057"/>
 <frame number="00000058"/>
 <frame number="00000059"/>
 <frame number="00000060"/>
 <frame number="00000061"/>
 <frame number="00000062"/>
 <frame number="00000063"/>
 <frame number="00000064"/>
 <frame number="00000065"/>
 <frame number="00000066"/>
 <frame number="00000067"/>
 <frame number="00000068"/>
 <frame number="00000069"/>
 <frame number="00000070"/>
 <frame number="00000071"/>
 <frame number="00000072"/>
 <frame number="00000073"/>
 <frame number="00000074"/>
 <frame number="00000075"/>
 <frame number="00000076"/>
 <frame number="00000077"/>
 <frame number="00000078"/>
 <frame number="00000079"/>
 <frame number="00000080"/>
 <frame number="00000081"/>
 <frame number="00000082"/>
 <frame number="00000083"/>
 <frame number="00000084"/>
 <frame number="00000085"/>
 <frame number="00000086"/>
 <frame number="00000087"/>
 <frame number="00000088"/>
 <frame number="00000089"/>
 <frame number="00000090"/>
 <frame number="00000091"/>
 <frame number="00000092"/>
 <frame number="00000093"/>
 <frame number="00000094"/>
 <frame number="00000095"/>
 <frame number="00000096"/>
 <frame number="00000097"/>
 <frame number="00000098"/>
 <frame number="00000099"/>
 <frame number="00000156"/>
 <frame number="00000157"/>
 <frame number="00000158"/>
 <frame number="00000159"/>
 <frame number="00000160"/>
 <frame number="00000161"/>
 <frame number="00000162"/>
 <frame number="00000163"/>
 <frame number="00000164"/>
 <frame number="00000165"/>
 <frame number="00000166"/>
 <frame number="00000167"/>
 <frame number="00000168"/>
 <frame number="00000169"/>
 <frame number="00000170"/>
 <frame number="00000171"/>
 <frame number="00000172"/>
 <frame number="00000173"/>
 <frame number="00000174"/>
 <frame number="00000175"/>
 <frame number="00000176"/>
 <frame number="00000177"/>
 <frame number="00000178"/>
 <frame number="00000179"/>
 <frame number="00000180"/>
 <frame number="00000181"/>
 <frame number="00000182"/>
 <frame number="00000183"/>
 <frame number="00000184"/>
 <frame number="00000185"/>
 <frame number="00000186"/>
 <frame number="00000187"/>
 <frame number="00000188"/>
 <frame number="00000189"/>
 <frame number="00000190"/>
 <frame number="00000191"/>
 <frame number="00000192"/>
 <frame number="00000193"/>
 <frame number="00000194"/>
 <frame number="00000195"/>
 <frame number="00000196"/>
 <frame number="00000197"/>
 <frame number="00000198"/>
 <frame number="00000199"/>
 <frame number="00000200"/>
 <frame number="00000201"/>
 <frame number="00000202"/>
 <frame number="00000203"/>
 <frame number="00000204"/>
 <frame number="00000205"/>
 <frame number="00000206"/>
 <frame number="00000207"/>
 <frame number="00000208"/>
 <frame number="00000209"/>
 <frame number="00000210"/>
 <frame number="00000211"/>
 <frame number="00000212"/>
 <frame number="00000213"/>
 <frame number="00000214"/>
 <frame number="00000215"/>
 <frame number="00000216"/>
 <frame number="00000217"/>
 <frame number="00000218"/>
 <frame number="00000219"/>
 <frame number="00000220"/>
 <frame number="00000221"/>
 <frame number="00000222"/>
 <frame number="00000223"/>
 <frame number="00000224"/>
 <frame number="00000225"/>
 <frame number="00000226"/>
 <frame number="00000227"/>
 <frame number="00000228"/>
 <frame number="00000229"/>
 <frame number="00000230"/>
 <frame number="00000231"/>
 <frame number="00000232"/>
 <frame number="00000233">
  <person id="0022">
   <leftEye x="333" y="181"/>
   <rightEye x="349" y="181"/>
  </person>
 </frame>
 <frame number="00000234">
  <person id="0022">
   <leftEye x="331" y="184"/>
   <rightEye x="347" y="184"/>
  </person>
 </frame>
 <frame number="00000235">
  <person id="0022">
   <leftEye x="330" y="187"/>
   <rightEye x="345" y="187"/>
  </person>
 </frame>
 <frame number="00000236">
  <person id="0022">
   <leftEye x="328" y="189"/>
   <rightEye x="344" y="189"/>
  </person>
 </frame>
 <frame number="00000237">
  <person id="0022">
   <leftEye x="327" y="190"/>
   <rightEye x="343" y="190"/>
  </person>
 </frame>
 <frame number="00000238">
  <person id="0022">
   <leftEye x="325" y="190"/>
   <rightEye x="342" y="190"/>
  </person>
 </frame>
 <frame number="00000239">
  <person id="0022">
   <leftEye x="324" y="190"/>
   <rightEye x="340" y="190"/>
  </person>
 </frame>
 <frame number="00000240">
  <person id="0022">
   <leftEye x="322" y="189"/>
   <rightEye x="338" y="189"/>
  </person>
 </frame>
 <frame number="00000241">
  <person id="0022">
   <leftEye x="320" y="188"/>
   <rightEye x="337" y="188"/>
  </person>
 </frame>
 <frame number="00000242">
  <person id="0022">
   <leftEye x="318" y="187"/>
   <rightEye x="335" y="187"/>
  </person>
 </frame>
 <frame number="00000243">
  <person id="0022">
   <leftEye x="316" y="186"/>
   <rightEye x="333" y="186"/>
  </person>
 </frame>
 <frame number="00000244">
  <person id="0022">
   <leftEye x="314" y="186"/>
   <rightEye x="331" y="186"/>
  </person>
 </frame>
 <frame number="00000245">
  <person id="0022">
   <leftEye x="311" y="187"/>
   <rightEye x="329" y="187"/>
  </person>
 </frame>
 <frame number="00000246">
  <person id="0022">
   <leftEye x="308" y="189"/>
   <rightEye x="327" y="189"/>
  </person>
 </frame>
 <frame number="00000247">
  <person id="0022">
   <leftEye x="305" y="192"/>
   <rightEye x="324" y="192"/>
  </person>
 </frame>
 <frame number="00000248">
  <person id="0022">
   <leftEye x="302" y="197"/>
   <rightEye x="321" y="197"/>
  </person>
 </frame>
 <frame number="00000249">
  <person id="0022">
   <leftEye x="299" y="203"/>
   <rightEye x="318" y="202"/>
  </person>
 </frame>
 <frame number="00000250">
  <person id="0022">
   <leftEye x="296" y="208"/>
   <rightEye x="315" y="207"/>
  </person>
 </frame>
 <frame number="00000251">
  <person id="0022">
   <leftEye x="292" y="213"/>
   <rightEye x="311" y="211"/>
  </person>
 </frame>
 <frame number="00000252">
  <person id="0022">
   <leftEye x="287" y="215"/>
   <rightEye x="307" y="214"/>
  </person>
 </frame>
 <frame number="00000253">
  <person id="0022">
   <leftEye x="282" y="216"/>
   <rightEye x="302" y="216"/>
  </person>
 </frame>
 <frame number="00000254">
  <person id="0022">
   <leftEye x="277" y="216"/>
   <rightEye x="297" y="216"/>
  </person>
 </frame>
 <frame number="00000255">
  <person id="0022">
   <leftEye x="272" y="216"/>
   <rightEye x="292" y="216"/>
  </person>
 </frame>
 <frame number="00000256">
  <person id="0022">
   <leftEye x="268" y="216"/>
   <rightEye x="288" y="216"/>
  </person>
 </frame>
 <frame number="00000257">
  <person id="0022">
   <leftEye x="264" y="216"/>
   <rightEye x="284" y="215"/>
  </person>
 </frame>
 <frame number="00000258">
  <person id="0022">
   <leftEye x="260" y="215"/>
   <rightEye x="281" y="214"/>
  </person>
 </frame>
 <frame number="00000259">
  <person id="0022">
   <leftEye x="256" y="215"/>
   <rightEye x="278" y="214"/>
  </person>
 </frame>
 <frame number="00000260">
  <person id="0022">
   <leftEye x="252" y="216"/>
   <rightEye x="274" y="215"/>
  </person>
 </frame>
 <frame number="00000261">
  <person id="0022">
   <leftEye x="248" y="219"/>
   <rightEye x="271" y="218"/>
  </person>
 </frame>
 <frame number="00000262">
  <person id="0022">
   <leftEye x="244" y="223"/>
   <rightEye x="268" y="223"/>
  </person>
 </frame>
 <frame number="00000263">
  <person id="0022">
   <leftEye x="241" y="230"/>
   <rightEye x="264" y="230"/>
  </person>
 </frame>
 <frame number="00000264">
  <person id="0022">
   <leftEye x="237" y="238"/>
   <rightEye x="260" y="238"/>
  </person>
 </frame>
 <frame number="00000265">
  <person id="0022">
   <leftEye x="234" y="246"/>
   <rightEye x="257" y="246"/>
  </person>
 </frame>
 <frame number="00000266">
  <person id="0022">
   <leftEye x="231" y="254"/>
   <rightEye x="253" y="254"/>
  </person>
 </frame>
 <frame number="00000267">
  <person id="0022">
   <leftEye x="226" y="261"/>
   <rightEye x="250" y="261"/>
  </person>
 </frame>
 <frame number="00000268">
  <person id="0022">
   <leftEye x="222" y="266"/>
   <rightEye x="247" y="266"/>
  </person>
 </frame>
 <frame number="00000269">
  <person id="0022">
   <leftEye x="217" y="268"/>
   <rightEye x="243" y="268"/>
  </person>
 </frame>
 <frame number="00000270">
  <person id="0022">
   <leftEye x="211" y="269"/>
   <rightEye x="239" y="269"/>
  </person>
 </frame>
 <frame number="00000271">
  <person id="0022">
   <leftEye x="205" y="269"/>
   <rightEye x="234" y="269"/>
  </person>
 </frame>
 <frame number="00000272">
  <person id="0022">
   <leftEye x="198" y="268"/>
   <rightEye x="228" y="268"/>
  </person>
 </frame>
 <frame number="00000273">
  <person id="0022">
   <leftEye x="191" y="267"/>
   <rightEye x="221" y="267"/>
  </person>
 </frame>
 <frame number="00000274">
  <person id="0022">
   <leftEye x="183" y="267"/>
   <rightEye x="214" y="267"/>
  </person>
 </frame>
 <frame number="00000275">
  <person id="0022">
   <leftEye x="174" y="268"/>
   <rightEye x="206" y="268"/>
  </person>
 </frame>
 <frame number="00000276">
  <person id="0022">
   <leftEye x="165" y="271"/>
   <rightEye x="197" y="271"/>
  </person>
 </frame>
 <frame number="00000277">
  <person id="0022">
   <leftEye x="155" y="277"/>
   <rightEye x="187" y="277"/>
  </person>
 </frame>
 <frame number="00000278">
  <person id="0022">
   <leftEye x="148" y="282"/>
   <rightEye x="181" y="282"/>
  </person>
 </frame>
 <frame number="00000279">
  <person id="0022">
   <leftEye x="138" y="292"/>
   <rightEye x="171" y="292"/>
  </person>
 </frame>
 <frame number="00000280">
  <person id="0022">
   <leftEye x="121" y="309"/>
   <rightEye x="156" y="308"/>
  </person>
 </frame>
 <frame number="00000281">
  <person id="0022">
   <leftEye x="106" y="323"/>
   <rightEye x="141" y="321"/>
  </person>
 </frame>
 <frame number="00000282">
  <person id="0022">
   <leftEye x="90" y="334"/>
   <rightEye x="126" y="332"/>
  </person>
 </frame>
 <frame number="00000283">
  <person id="0022">
   <leftEye x="80" y="340"/>
   <rightEye x="116" y="338"/>
  </person>
 </frame>
 <frame number="00000284">
  <person id="0022">
   <leftEye x="71" y="344"/>
   <rightEye x="107" y="343"/>
  </person>
 </frame>
 <frame number="00000285">
  <person id="0022">
   <leftEye x="55" y="350"/>
   <rightEye x="93" y="349"/>
  </person>
 </frame>
 <frame number="00000286">
  <person id="0022">
   <leftEye x="38" y="357"/>
   <rightEye x="78" y="356"/>
  </person>
 </frame>
 <frame number="00000287"/>
 <frame number="00000288"/>
 <frame number="00000289"/>
 <frame number="00000290"/>
 <frame number="00000291"/>
 <frame number="00000292"/>
 <frame number="00000293"/>
 <frame number="00000294"/>
 <frame number="00000295"/>
 <frame number="00000296"/>
 <frame number="00000297"/>
 <frame number="00000298"/>
 <frame number="00000299"/>
 <frame number="00000300"/>
 <frame number="00000301"/>
 <frame number="00000302"/>
 <frame number="00000303"/>
 <frame number="00000304"/>
 <frame number="00000305"/>
 <frame number="00000306"/>
 <frame number="00000307"/>
 <frame number="00000308"/>
 <frame number="00000309"/>
 <frame number="00000310"/>
 <frame number="00000311"/>
 <frame number="00000312"/>
 <frame number="00000313"/>
 <frame number="00000314"/>
 <frame number="00000315"/>
 <frame number="00000316"/>
 <frame number="00000317"/>
 <frame number="00000318"/>
 <frame number="00000319"/>
 <frame number="00000320"/>
 <frame number="00000321"/>
 <frame number="00000322"/>
 <frame number="00000323"/>
 <frame number="00000324"/>
 <frame number="00000325"/>
 <frame number="00000326"/>
 <frame number="00000327"/>
 <frame number="00000328"/>
 <frame number="00000329"/>
 <frame number="00000330"/>
 <frame number="00000331"/>
 <frame number="00000332"/>
 <frame number="00000333"/>
 <frame number="00000334"/>
 <frame number="00000335"/>
 <frame number="00000336"/>
 <frame number="00000337"/>
 <frame number="00000338"/>
 <frame number="00000339"/>
 <frame number="00000340"/>
 <frame number="00000341"/>
 <frame number="00000342"/>
 <frame number="00000343"/>
 <frame number="00000344"/>
 <frame number="00000345"/>
 <frame number="00000346"/>
 <frame number="00000347"/>
 <frame number="00000348"/>
 <frame number="00000349"/>
 <frame number="00000350"/>
 <frame number="00000351"/>
 <frame number="00000352"/>
 <frame number="00000353"/>
 <frame number="00000354"/>
 <frame number="00000355"/>
 <frame number="00000356"/>
 <frame number="00000357"/>
 <frame number="00000358"/>
 <frame number="00000359"/>
 <frame number="00000360"/>
 <frame number="00000361"/>
 <frame number="00000362"/>
 <frame number="00000363"/>
 <frame number="00000364"/>
 <frame number="00000365"/>
 <frame number="00000366"/>
 <frame number="00000367"/>
 <frame number="00000368"/>
 <frame number="00000369"/>
 <frame number="00000370"/>
 <frame number="00000371"/>
 <frame number="00000372"/>
 <frame number="00000373"/>
 <frame number="00000374"/>
 <frame number="00000375"/>
 <frame number="00000376"/>
 <frame number="00000377"/>
 <frame number="00000378"/>
 <frame number="00000379"/>
 <frame number="00000380"/>
 <frame number="00000381"/>
 <frame number="00000382"/>
 <frame number="00000383"/>
 <frame number="00000384"/>
 <frame number="00000385"/>
 <frame number="00000386"/>
 <frame number="00000387"/>
 <frame number="00000388"/>
 <frame number="00000389"/>
 <frame number="00000390"/>
 <frame number="00000391"/>
 <frame number="00000392"/>
 <frame number="00000393"/>
 <frame number="00000394"/>
 <frame number="00000395"/>
 <frame number="00000396"/>
 <frame number="00000397"/>
 <frame number="00000398"/>
 <frame number="00000399"/>
 <frame number="00000400"/>
 <frame number="00000401"/>
 <frame number="00000402"/>
 <frame number="00000403"/>
 <frame number="00000404"/>
 <frame number="00000405"/>
 <frame number="00000406"/>
 <frame number="00000407"/>
 <frame number="00000408"/>
 <frame number="00000409"/>
 <frame number="00000410"/>
 <frame number="00000411"/>
 <frame number="00000412"/>
 <frame number="00000413"/>
 <frame number="00000414"/>
 <frame number="00000415"/>
 <frame number="00000416"/>
 <frame number="00000417"/>
 <frame number="00000418"/>
 <frame number="00000419"/>
 <frame number="00000420"/>
 <frame number="00000421"/>
 <frame number="00000422"/>
 <frame number="00000423"/>
 <frame number="00000424"/>
 <frame number="00000425"/>
 <frame number="00000426"/>
 <frame number="00000427"/>
 <frame number="00000428"/>
 <frame number="00000429"/>
 <frame number="00000430"/>
 <frame number="00000431"/>
 <frame number="00000432"/>
 <frame number="00000433"/>
 <frame number="00000434"/>
 <frame number="00000435"/>
 <frame number="00000436"/>
 <frame number="00000437"/>
 <frame number="00000438"/>
 <frame number="00000439"/>
 <frame number="00000440"/>
 <frame number="00000441"/>
 <frame number="00000442"/>
 <frame number="00000443"/>
 <frame number="00000444"/>
 <frame number="00000445"/>
 <frame number="00000446"/>
 <frame number="00000447"/>
 <frame number="00000448"/>
 <frame number="00000449"/>
 <frame number="00000450"/>
 <frame number="00000451"/>
 <frame number="00000452"/>
 <frame number="00000453"/>
 <frame number="00000454"/>
 <frame number="00000455"/>
 <frame number="00000456"/>
 <frame number="00000457"/>
 <frame number="00000458"/>
 <frame number="00000459"/>
 <frame number="00000460"/>
 <frame number="00000461"/>
 <frame number="00000462"/>
 <frame number="00000463"/>
 <frame number="00000464"/>
 <frame number="00000465"/>
 <frame number="00000466"/>
 <frame number="00000467"/>
 <frame number="00000468"/>
 <frame number="00000469"/>
 <frame number="00000470"/>
 <frame number="00000471"/>
 <frame number="00000472"/>
 <frame number="00000473"/>
 <frame number="00000474"/>
 <frame number="00000475"/>
 <frame number="00000476"/>
 <frame number="00000477"/>
 <frame number="00000478"/>
 <frame number="00000479"/>
 <frame number="00000480"/>
 <frame number="00000481"/>
 <frame number="00000482"/>
 <frame number="00000483"/>
 <frame number="00000484"/>
 <frame number="00000485">
  <person id="0021">
   <leftEye x="335" y="160"/>
   <rightEye x="351" y="160"/>
  </person>
 </frame>
 <frame number="00000486">
  <person id="0021">
   <leftEye x="332" y="163"/>
   <rightEye x="348" y="163"/>
  </person>
 </frame>
 <frame number="00000487">
  <person id="0021">
   <leftEye x="328" y="166"/>
   <rightEye x="344" y="166"/>
  </person>
 </frame>
 <frame number="00000488">
  <person id="0021">
   <leftEye x="324" y="168"/>
   <rightEye x="341" y="168"/>
  </person>
 </frame>
 <frame number="00000489">
  <person id="0021">
   <leftEye x="321" y="170"/>
   <rightEye x="337" y="170"/>
  </person>
 </frame>
 <frame number="00000490">
  <person id="0021">
   <leftEye x="318" y="170"/>
   <rightEye x="334" y="170"/>
  </person>
 </frame>
 <frame number="00000491">
  <person id="0021">
   <leftEye x="315" y="170"/>
   <rightEye x="331" y="170"/>
  </person>
 </frame>
 <frame number="00000492">
  <person id="0021">
   <leftEye x="311" y="170"/>
   <rightEye x="328" y="170"/>
  </person>
 </frame>
 <frame number="00000493">
  <person id="0021">
   <leftEye x="308" y="170"/>
   <rightEye x="325" y="170"/>
  </person>
 </frame>
 <frame number="00000494">
  <person id="0021">
   <leftEye x="305" y="169"/>
   <rightEye x="323" y="169"/>
  </person>
 </frame>
 <frame number="00000495">
  <person id="0021">
   <leftEye x="303" y="169"/>
   <rightEye x="321" y="169"/>
  </person>
 </frame>
 <frame number="00000496">
  <person id="0021">
   <leftEye x="301" y="169"/>
   <rightEye x="319" y="169"/>
  </person>
 </frame>
 <frame number="00000497">
  <person id="0021">
   <leftEye x="299" y="169"/>
   <rightEye x="317" y="169"/>
  </person>
 </frame>
 <frame number="00000498">
  <person id="0021">
   <leftEye x="298" y="171"/>
   <rightEye x="316" y="171"/>
  </person>
 </frame>
 <frame number="00000499">
  <person id="0021">
   <leftEye x="296" y="173"/>
   <rightEye x="315" y="173"/>
  </person>
 </frame>
 <frame number="00000500">
  <person id="0021">
   <leftEye x="294" y="177"/>
   <rightEye x="314" y="177"/>
  </person>
 </frame>
 <frame number="00000501">
  <person id="0021">
   <leftEye x="293" y="181"/>
   <rightEye x="313" y="181"/>
  </person>
 </frame>
 <frame number="00000502">
  <person id="0021">
   <leftEye x="292" y="185"/>
   <rightEye x="312" y="185"/>
  </person>
 </frame>
 <frame number="00000503">
  <person id="0021">
   <leftEye x="292" y="189"/>
   <rightEye x="311" y="189"/>
  </person>
 </frame>
 <frame number="00000504">
  <person id="0021">
   <leftEye x="291" y="192"/>
   <rightEye x="311" y="192"/>
  </person>
 </frame>
 <frame number="00000505">
  <person id="0021">
   <leftEye x="290" y="194"/>
   <rightEye x="310" y="194"/>
  </person>
 </frame>
 <frame number="00000506">
  <person id="0021">
   <leftEye x="289" y="194"/>
   <rightEye x="310" y="194"/>
  </person>
 </frame>
 <frame number="00000507">
  <person id="0021">
   <leftEye x="288" y="194"/>
   <rightEye x="309" y="194"/>
  </person>
 </frame>
 <frame number="00000508">
  <person id="0021">
   <leftEye x="286" y="193"/>
   <rightEye x="307" y="193"/>
  </person>
 </frame>
 <frame number="00000509">
  <person id="0021">
   <leftEye x="284" y="191"/>
   <rightEye x="306" y="191"/>
  </person>
 </frame>
 <frame number="00000510">
  <person id="0021">
   <leftEye x="281" y="189"/>
   <rightEye x="303" y="189"/>
  </person>
 </frame>
 <frame number="00000511">
  <person id="0021">
   <leftEye x="277" y="188"/>
   <rightEye x="300" y="188"/>
  </person>
 </frame>
 <frame number="00000512">
  <person id="0021">
   <leftEye x="273" y="187"/>
   <rightEye x="296" y="187"/>
  </person>
 </frame>
 <frame number="00000513">
  <person id="0021">
   <leftEye x="271" y="187"/>
   <rightEye x="294" y="187"/>
  </person>
 </frame>
 <frame number="00000514">
  <person id="0021">
   <leftEye x="267" y="190"/>
   <rightEye x="290" y="190"/>
  </person>
 </frame>
 <frame number="00000515">
  <person id="0021">
   <leftEye x="262" y="193"/>
   <rightEye x="286" y="193"/>
  </person>
 </frame>
 <frame number="00000516">
  <person id="0021">
   <leftEye x="257" y="198"/>
   <rightEye x="281" y="198"/>
  </person>
 </frame>
 <frame number="00000517">
  <person id="0021">
   <leftEye x="249" y="206"/>
   <rightEye x="274" y="206"/>
  </person>
 </frame>
 <frame number="00000518">
  <person id="0021">
   <leftEye x="245" y="211"/>
   <rightEye x="270" y="211"/>
  </person>
 </frame>
 <frame number="00000519">
  <person id="0021">
   <leftEye x="239" y="216"/>
   <rightEye x="264" y="216"/>
  </person>
 </frame>
 <frame number="00000520">
  <person id="0021">
   <leftEye x="232" y="220"/>
   <rightEye x="258" y="220"/>
  </person>
 </frame>
 <frame number="00000521">
  <person id="0021">
   <leftEye x="227" y="222"/>
   <rightEye x="253" y="222"/>
  </person>
 </frame>
 <frame number="00000522">
  <person id="0021">
   <leftEye x="220" y="224"/>
   <rightEye x="247" y="224"/>
  </person>
 </frame>
 <frame number="00000523">
  <person id="0021">
   <leftEye x="213" y="225"/>
   <rightEye x="240" y="225"/>
  </person>
 </frame>
 <frame number="00000524">
  <person id="0021">
   <leftEye x="206" y="226"/>
   <rightEye x="233" y="226"/>
  </person>
 </frame>
 <frame number="00000525">
  <person id="0021">
   <leftEye x="199" y="225"/>
   <rightEye x="227" y="225"/>
  </person>
 </frame>
 <frame number="00000526">
  <person id="0021">
   <leftEye x="192" y="224"/>
   <rightEye x="220" y="224"/>
  </person>
 </frame>
 <frame number="00000527">
  <person id="0021">
   <leftEye x="185" y="222"/>
   <rightEye x="214" y="222"/>
  </person>
 </frame>
 <frame number="00000528">
  <person id="0021">
   <leftEye x="179" y="221"/>
   <rightEye x="209" y="221"/>
  </person>
 </frame>
 <frame number="00000529">
  <person id="0021">
   <leftEye x="173" y="222"/>
   <rightEye x="204" y="222"/>
  </person>
 </frame>
 <frame number="00000530">
  <person id="0021">
   <leftEye x="167" y="226"/>
   <rightEye x="199" y="226"/>
  </person>
 </frame>
 <frame number="00000531">
  <person id="0021">
   <leftEye x="161" y="232"/>
   <rightEye x="194" y="232"/>
  </person>
 </frame>
 <frame number="00000532">
  <person id="0021">
   <leftEye x="155" y="240"/>
   <rightEye x="188" y="241"/>
  </person>
 </frame>
 <frame number="00000533">
  <person id="0021">
   <leftEye x="149" y="250"/>
   <rightEye x="182" y="251"/>
  </person>
 </frame>
 <frame number="00000534">
  <person id="0021">
   <leftEye x="143" y="260"/>
   <rightEye x="177" y="261"/>
  </person>
 </frame>
 <frame number="00000535">
  <person id="0021">
   <leftEye x="136" y="270"/>
   <rightEye x="171" y="271"/>
  </person>
 </frame>
 <frame number="00000536">
  <person id="0021">
   <leftEye x="129" y="279"/>
   <rightEye x="166" y="280"/>
  </person>
 </frame>
 <frame number="00000537">
  <person id="0021">
   <leftEye x="122" y="285"/>
   <rightEye x="160" y="287"/>
  </person>
 </frame>
 <frame number="00000538">
  <person id="0021">
   <leftEye x="115" y="290"/>
   <rightEye x="153" y="292"/>
  </person>
 </frame>
 <frame number="00000539">
  <person id="0021">
   <leftEye x="106" y="295"/>
   <rightEye x="145" y="297"/>
  </person>
 </frame>
 <frame number="00000540">
  <person id="0021">
   <leftEye x="96" y="299"/>
   <rightEye x="137" y="302"/>
  </person>
 </frame>
 <frame number="00000541">
  <person id="0021">
   <leftEye x="84" y="302"/>
   <rightEye x="127" y="305"/>
  </person>
 </frame>
 <frame number="00000542">
  <person id="0021">
   <leftEye x="71" y="304"/>
   <rightEye x="115" y="307"/>
  </person>
 </frame>
 <frame number="00000543">
  <person id="0021">
   <leftEye x="56" y="305"/>
   <rightEye x="101" y="308"/>
  </person>
 </frame>
 <frame number="00000544">
  <person id="0021">
   <leftEye x="40" y="308"/>
   <rightEye x="86" y="311"/>
  </person>
 </frame>
 <frame number="00000545">
  <person id="0021">
   <leftEye x="24" y="313"/>
   <rightEye x="71" y="315"/>
  </person>
 </frame>
 <frame number="00000546"/>
 <frame number="00000547"/>
 <frame number="00000548"/>
 <frame number="00000549"/>
 <frame number="00000550"/>
 <frame number="00000551"/>
 <frame number="00000552"/>
 <frame number="00000553"/>
 <frame number="00000554"/>
 <frame number="00000555"/>
 <frame number="00000556"/>
 <frame number="00000557"/>
 <frame number="00000558"/>
 <frame number="00000559"/>
 <frame number="00000560"/>
 <frame number="00000561"/>
 <frame number="00000562"/>
 <frame number="00000563"/>
 <frame number="00000564"/>
 <frame number="00000565"/>
 <frame number="00000566"/>
 <frame number="00000567"/>
 <frame number="00000568"/>
 <frame number="00000569"/>
 <frame number="00000570"/>
 <frame number="00000571"/>
 <frame number="00000572"/>
 <frame number="00000573"/>
 <frame number="00000574"/>
 <frame number="00000575"/>
 <frame number="00000576"/>
 <frame number="00000577"/>
 <frame number="00000578"/>
 <frame number="00000579"/>
 <frame number="00000580"/>
 <frame number="00000581"/>
 <frame number="00000582"/>
 <frame number="00000583"/>
 <frame number="00000584"/>
 <frame number="00000585"/>
 <frame number="00000586"/>
 <frame number="00000587"/>
 <frame number="00000588"/>
 <frame number="00000589"/>
 <frame number="00000590"/>
 <frame number="00000591"/>
 <frame number="00000592"/>
 <frame number="00000593"/>
 <frame number="00000594"/>
 <frame number="00000595"/>
 <frame number="00000596"/>
 <frame number="00000597"/>
 <frame number="00000598"/>
 <frame number="00000599"/>
 <frame number="00000600"/>
 <frame number="00000601"/>
 <frame number="00000602"/>
 <frame number="00000603"/>
 <frame number="00000604"/>
 <frame number="00000605"/>
 <frame number="00000606"/>
 <frame number="00000607"/>
 <frame number="00000608"/>
 <frame number="00000609"/>
 <frame number="00000610"/>
 <frame number="00000611"/>
 <frame number="00000612"/>
 <frame number="00000613"/>
 <frame number="00000614"/>
 <frame number="00000615"/>
 <frame number="00000616"/>
 <frame number="00000617"/>
 <frame number="00000618"/>
 <frame number="00000619"/>
 <frame number="00000620"/>
 <frame number="00000621"/>
 <frame number="00000622"/>
 <frame number="00000623"/>
 <frame number="00000624"/>
 <frame number="00000625"/>
 <frame number="00000626"/>
 <frame number="00000627"/>
 <frame number="00000628"/>
 <frame number="00000629"/>
 <frame number="00000630"/>
 <frame number="00000631"/>
 <frame number="00000632"/>
 <frame number="00000633"/>
 <frame number="00000634"/>
 <frame number="00000635"/>
 <frame number="00000636"/>
 <frame number="00000637"/>
 <frame number="00000638"/>
 <frame number="00000639"/>
 <frame number="00000640"/>
 <frame number="00000641"/>
 <frame number="00000642"/>
 <frame number="00000643"/>
 <frame number="00000644"/>
 <frame number="00000645"/>
 <frame number="00000646"/>
 <frame number="00000647"/>
 <frame number="00000648"/>
 <frame number="00000649"/>
 <frame number="00000650"/>
 <frame number="00000651"/>
 <frame number="00000652"/>
 <frame number="00000653"/>
 <frame number="00000654"/>
 <frame number="00000655"/>
 <frame number="00000656"/>
 <frame number="00000657"/>
 <frame number="00000658"/>
 <frame number="00000659"/>
 <frame number="00000660"/>
 <frame number="00000661"/>
 <frame number="00000662"/>
 <frame number="00000663"/>
 <frame number="00000664"/>
 <frame number="00000665"/>
 <frame number="00000666"/>
 <frame number="00000667"/>
 <frame number="00000668"/>
 <frame number="00000669"/>
 <frame number="00000670"/>
 <frame number="00000671"/>
 <frame number="00000672"/>
 <frame number="00000673"/>
 <frame number="00000674"/>
 <frame number="00000675"/>
 <frame number="00000676"/>
 <frame number="00000677"/>
 <frame number="00000678"/>
 <frame number="00000679"/>
 <frame number="00000680"/>
 <frame number="00000681"/>
 <frame number="00000682"/>
 <frame number="00000683"/>
 <frame number="00000684"/>
 <frame number="00000685"/>
 <frame number="00000686"/>
 <frame number="00000687"/>
 <frame number="00000688"/>
 <frame number="00000689"/>
 <frame number="00000690"/>
 <frame number="00000691"/>
 <frame number="00000692"/>
 <frame number="00000693"/>
 <frame number="00000694"/>
 <frame number="00000695"/>
 <frame number="00000696"/>
 <frame number="00000697"/>
 <frame number="00000698"/>
 <frame number="00000699"/>
 <frame number="00000700"/>
 <frame number="00000701"/>
 <frame number="00000702"/>
 <frame number="00000703">
  <person id="0015">
   <leftEye x="352" y="155"/>
   <rightEye x="368" y="155"/>
  </person>
 </frame>
 <frame number="00000704">
  <person id="0015">
   <leftEye x="350" y="158"/>
   <rightEye x="366" y="158"/>
  </person>
 </frame>
 <frame number="00000705">
  <person id="0015">
   <leftEye x="349" y="161"/>
   <rightEye x="365" y="161"/>
  </person>
 </frame>
 <frame number="00000706">
  <person id="0015">
   <leftEye x="347" y="164"/>
   <rightEye x="363" y="164"/>
  </person>
 </frame>
 <frame number="00000707">
  <person id="0015">
   <leftEye x="345" y="167"/>
   <rightEye x="362" y="167"/>
  </person>
 </frame>
 <frame number="00000708">
  <person id="0015">
   <leftEye x="344" y="169"/>
   <rightEye x="361" y="169"/>
  </person>
 </frame>
 <frame number="00000709">
  <person id="0015">
   <leftEye x="342" y="169"/>
   <rightEye x="360" y="169"/>
  </person>
 </frame>
 <frame number="00000710">
  <person id="0015">
   <leftEye x="341" y="169"/>
   <rightEye x="358" y="169"/>
  </person>
 </frame>
 <frame number="00000711">
  <person id="0015">
   <leftEye x="340" y="168"/>
   <rightEye x="357" y="168"/>
  </person>
 </frame>
 <frame number="00000712">
  <person id="0015">
   <leftEye x="339" y="166"/>
   <rightEye x="356" y="166"/>
  </person>
 </frame>
 <frame number="00000713">
  <person id="0015">
   <leftEye x="338" y="165"/>
   <rightEye x="355" y="165"/>
  </person>
 </frame>
 <frame number="00000714">
  <person id="0015">
   <leftEye x="338" y="164"/>
   <rightEye x="355" y="164"/>
  </person>
 </frame>
 <frame number="00000715">
  <person id="0015">
   <leftEye x="338" y="163"/>
   <rightEye x="355" y="163"/>
  </person>
 </frame>
 <frame number="00000716">
  <person id="0015">
   <leftEye x="337" y="164"/>
   <rightEye x="355" y="164"/>
  </person>
 </frame>
 <frame number="00000717">
  <person id="0015">
   <leftEye x="337" y="167"/>
   <rightEye x="355" y="167"/>
  </person>
 </frame>
 <frame number="00000718">
  <person id="0015">
   <leftEye x="336" y="170"/>
   <rightEye x="355" y="170"/>
  </person>
 </frame>
 <frame number="00000719">
  <person id="0015">
   <leftEye x="335" y="175"/>
   <rightEye x="354" y="175"/>
  </person>
 </frame>
 <frame number="00000720">
  <person id="0015">
   <leftEye x="335" y="179"/>
   <rightEye x="353" y="179"/>
  </person>
 </frame>
 <frame number="00000721">
  <person id="0015">
   <leftEye x="335" y="183"/>
   <rightEye x="353" y="183"/>
  </person>
 </frame>
 <frame number="00000722">
  <person id="0015">
   <leftEye x="334" y="187"/>
   <rightEye x="352" y="187"/>
  </person>
 </frame>
 <frame number="00000723">
  <person id="0015">
   <leftEye x="333" y="189"/>
   <rightEye x="351" y="189"/>
  </person>
 </frame>
 <frame number="00000724">
  <person id="0015">
   <leftEye x="331" y="189"/>
   <rightEye x="351" y="189"/>
  </person>
 </frame>
 <frame number="00000725">
  <person id="0015">
   <leftEye x="330" y="189"/>
   <rightEye x="350" y="189"/>
  </person>
 </frame>
 <frame number="00000726">
  <person id="0015">
   <leftEye x="328" y="188"/>
   <rightEye x="349" y="188"/>
  </person>
 </frame>
 <frame number="00000727">
  <person id="0015">
   <leftEye x="325" y="186"/>
   <rightEye x="347" y="186"/>
  </person>
 </frame>
 <frame number="00000728">
  <person id="0015">
   <leftEye x="322" y="184"/>
   <rightEye x="344" y="184"/>
  </person>
 </frame>
 <frame number="00000729">
  <person id="0015">
   <leftEye x="319" y="183"/>
   <rightEye x="341" y="183"/>
  </person>
 </frame>
 <frame number="00000730">
  <person id="0015">
   <leftEye x="316" y="182"/>
   <rightEye x="338" y="182"/>
  </person>
 </frame>
 <frame number="00000731">
  <person id="0015">
   <leftEye x="312" y="183"/>
   <rightEye x="335" y="183"/>
  </person>
 </frame>
 <frame number="00000732">
  <person id="0015">
   <leftEye x="308" y="185"/>
   <rightEye x="332" y="185"/>
  </person>
 </frame>
 <frame number="00000733">
  <person id="0015">
   <leftEye x="304" y="189"/>
   <rightEye x="327" y="189"/>
  </person>
 </frame>
 <frame number="00000734">
  <person id="0015">
   <leftEye x="299" y="195"/>
   <rightEye x="323" y="195"/>
  </person>
 </frame>
 <frame number="00000735">
  <person id="0015">
   <leftEye x="294" y="201"/>
   <rightEye x="319" y="201"/>
  </person>
 </frame>
 <frame number="00000736">
  <person id="0015">
   <leftEye x="288" y="209"/>
   <rightEye x="314" y="208"/>
  </person>
 </frame>
 <frame number="00000737">
  <person id="0015">
   <leftEye x="282" y="217"/>
   <rightEye x="310" y="216"/>
  </person>
 </frame>
 <frame number="00000738">
  <person id="0015">
   <leftEye x="276" y="224"/>
   <rightEye x="305" y="222"/>
  </person>
 </frame>
 <frame number="00000739">
  <person id="0015">
   <leftEye x="270" y="229"/>
   <rightEye x="300" y="227"/>
  </person>
 </frame>
 <frame number="00000740">
  <person id="0015">
   <leftEye x="264" y="231"/>
   <rightEye x="295" y="230"/>
  </person>
 </frame>
 <frame number="00000741">
  <person id="0015">
   <leftEye x="258" y="232"/>
   <rightEye x="290" y="231"/>
  </person>
 </frame>
 <frame number="00000742">
  <person id="0015">
   <leftEye x="254" y="232"/>
   <rightEye x="287" y="232"/>
  </person>
 </frame>
 <frame number="00000743">
  <person id="0015">
   <leftEye x="249" y="231"/>
   <rightEye x="282" y="231"/>
  </person>
 </frame>
 <frame number="00000744">
  <person id="0015">
   <leftEye x="243" y="229"/>
   <rightEye x="276" y="228"/>
  </person>
 </frame>
 <frame number="00000745">
  <person id="0015">
   <leftEye x="239" y="228"/>
   <rightEye x="272" y="226"/>
  </person>
 </frame>
 <frame number="00000746">
  <person id="0015">
   <leftEye x="236" y="227"/>
   <rightEye x="270" y="225"/>
  </person>
 </frame>
 <frame number="00000747">
  <person id="0015">
   <leftEye x="234" y="227"/>
   <rightEye x="268" y="226"/>
  </person>
 </frame>
 <frame number="00000748">
  <person id="0015">
   <leftEye x="230" y="229"/>
   <rightEye x="265" y="228"/>
  </person>
 </frame>
 <frame number="00000749">
  <person id="0015">
   <leftEye x="224" y="237"/>
   <rightEye x="260" y="236"/>
  </person>
 </frame>
 <frame number="00000750">
  <person id="0015">
   <leftEye x="218" y="245"/>
   <rightEye x="256" y="244"/>
  </person>
 </frame>
 <frame number="00000751">
  <person id="0015">
   <leftEye x="214" y="252"/>
   <rightEye x="254" y="251"/>
  </person>
 </frame>
 <frame number="00000752">
  <person id="0015">
   <leftEye x="209" y="261"/>
   <rightEye x="249" y="261"/>
  </person>
 </frame>
 <frame number="00000753">
  <person id="0015">
   <leftEye x="203" y="272"/>
   <rightEye x="244" y="271"/>
  </person>
 </frame>
 <frame number="00000754">
  <person id="0015">
   <leftEye x="196" y="282"/>
   <rightEye x="238" y="281"/>
  </person>
 </frame>
 <frame number="00000755">
  <person id="0015">
   <leftEye x="189" y="291"/>
   <rightEye x="232" y="290"/>
  </person>
 </frame>
 <frame number="00000756">
  <person id="0015">
   <leftEye x="181" y="298"/>
   <rightEye x="225" y="296"/>
  </person>
 </frame>
 <frame number="00000757">
  <person id="0015">
   <leftEye x="172" y="302"/>
   <rightEye x="218" y="300"/>
  </person>
 </frame>
 <frame number="00000758">
  <person id="0015">
   <leftEye x="162" y="306"/>
   <rightEye x="209" y="304"/>
  </person>
 </frame>
 <frame number="00000759">
  <person id="0015">
   <leftEye x="151" y="311"/>
   <rightEye x="200" y="308"/>
  </person>
 </frame>
 <frame number="00000760">
  <person id="0015">
   <leftEye x="138" y="315"/>
   <rightEye x="189" y="313"/>
  </person>
 </frame>
 <frame number="00000761">
  <person id="0015">
   <leftEye x="124" y="320"/>
   <rightEye x="177" y="319"/>
  </person>
 </frame>
 <frame number="00000762">
  <person id="0015">
   <leftEye x="108" y="328"/>
   <rightEye x="163" y="325"/>
  </person>
 </frame>
 <frame number="00000763">
  <person id="0015">
   <leftEye x="90" y="338"/>
   <rightEye x="148" y="334"/>
  </person>
 </frame>
 <frame number="00000764">
  <person id="0015">
   <leftEye x="70" y="352"/>
   <rightEye x="131" y="348"/>
  </person>
 </frame>
 <frame number="00000765">
  <person id="0015">
   <leftEye x="49" y="372"/>
   <rightEye x="112" y="368"/>
  </person>
 </frame>
 <frame number="00000766">
  <person id="0015">
   <leftEye x="27" y="395"/>
   <rightEye x="92" y="391"/>
  </person>
 </frame>
 <frame number="00000767"/>
 <frame number="00000768"/>
 <frame number="00000769"/>
 <frame number="00000770"/>
 <frame number="00000771"/>
 <frame number="00000772"/>
 <frame number="00000773"/>
 <frame number="00000774"/>
 <frame number="00000775"/>
 <frame number="00000776"/>
 <frame number="00000777"/>
 <frame number="00000808"/>
 <frame number="00000809"/>
 <frame number="00000810"/>
 <frame number="00000811"/>
 <frame number="00000812"/>
 <frame number="00000813"/>
 <frame number="00000814"/>
 <frame number="00000815"/>
 <frame number="00000816"/>
 <frame number="00000817"/>
 <frame number="00000818"/>
 <frame number="00000819"/>
 <frame number="00000820"/>
 <frame number="00000821"/>
 <frame number="00000822"/>
 <frame number="00000823"/>
 <frame number="00000824"/>
 <frame number="00000825"/>
 <frame number="00000826"/>
 <frame number="00000827"/>
 <frame number="00000828"/>
 <frame number="00000829"/>
 <frame number="00000830"/>
 <frame number="00000831"/>
 <frame number="00000832"/>
 <frame number="00000833"/>
 <frame number="00000834"/>
 <frame number="00000835"/>
 <frame number="00000836"/>
 <frame number="00000837"/>
 <frame number="00000838"/>
 <frame number="00000839"/>
 <frame number="00000840"/>
 <frame number="00000841"/>
 <frame number="00000842"/>
 <frame number="00000843"/>
 <frame number="00000844"/>
 <frame number="00000845"/>
 <frame number="00000846"/>
 <frame number="00000847"/>
 <frame number="00000848"/>
 <frame number="00000849"/>
 <frame number="00000850"/>
 <frame number="00000851"/>
 <frame number="00000852"/>
 <frame number="00000853"/>
 <frame number="00000854"/>
 <frame number="00000855"/>
 <frame number="00000856"/>
 <frame number="00000857"/>
 <frame number="00000858"/>
 <frame number="00000859"/>
 <frame number="00000860"/>
 <frame number="00000861"/>
 <frame number="00000862"/>
 <frame number="00000863"/>
 <frame number="00000864"/>
 <frame number="00000865"/>
 <frame number="00000866"/>
 <frame number="00000867"/>
 <frame number="00000868"/>
 <frame number="00000869"/>
 <frame number="00000870"/>
 <frame number="00000871"/>
 <frame number="00000872"/>
 <frame number="00000873"/>
 <frame number="00000874"/>
 <frame number="00000875"/>
 <frame number="00000876"/>
 <frame number="00000877"/>
 <frame number="00000878"/>
 <frame number="00000879"/>
 <frame number="00000880"/>
 <frame number="00000881"/>
 <frame number="00000882"/>
 <frame number="00000883"/>
 <frame number="00000884"/>
 <frame number="00000885"/>
 <frame number="00000886"/>
 <frame number="00000887"/>
 <frame number="00000888"/>
 <frame number="00000889"/>
 <frame number="00000890"/>
 <frame number="00000891"/>
 <frame number="00000892"/>
 <frame number="00000893"/>
 <frame number="00000894"/>
 <frame number="00000895"/>
 <frame number="00000896"/>
 <frame number="00000897"/>
 <frame number="00000898"/>
 <frame number="00000899"/>
 <frame number="00000900"/>
 <frame number="00000901"/>
 <frame number="00000902"/>
 <frame number="00000903"/>
 <frame number="00000904"/>
 <frame number="00000905"/>
 <frame number="00000906"/>
 <frame number="00000907"/>
 <frame number="00000908">
  <person id="0003">
   <leftEye x="352" y="176"/>
   <rightEye x="368" y="176"/>
  </person>
 </frame>
 <frame number="00000909">
  <person id="0003">
   <leftEye x="349" y="175"/>
   <rightEye x="366" y="175"/>
  </person>
 </frame>
 <frame number="00000910">
  <person id="0003">
   <leftEye x="347" y="175"/>
   <rightEye x="364" y="175"/>
  </person>
 </frame>
 <frame number="00000911">
  <person id="0003">
   <leftEye x="345" y="176"/>
   <rightEye x="363" y="176"/>
  </person>
 </frame>
 <frame number="00000912">
  <person id="0003">
   <leftEye x="343" y="178"/>
   <rightEye x="361" y="178"/>
  </person>
 </frame>
 <frame number="00000913">
  <person id="0003">
   <leftEye x="341" y="180"/>
   <rightEye x="358" y="180"/>
  </person>
 </frame>
 <frame number="00000914">
  <person id="0003">
   <leftEye x="339" y="182"/>
   <rightEye x="356" y="182"/>
  </person>
 </frame>
 <frame number="00000915">
  <person id="0003">
   <leftEye x="337" y="185"/>
   <rightEye x="354" y="185"/>
  </person>
 </frame>
 <frame number="00000916">
  <person id="0003">
   <leftEye x="335" y="187"/>
   <rightEye x="352" y="187"/>
  </person>
 </frame>
 <frame number="00000917">
  <person id="0003">
   <leftEye x="333" y="189"/>
   <rightEye x="350" y="189"/>
  </person>
 </frame>
 <frame number="00000918">
  <person id="0003">
   <leftEye x="331" y="190"/>
   <rightEye x="348" y="190"/>
  </person>
 </frame>
 <frame number="00000919">
  <person id="0003">
   <leftEye x="329" y="190"/>
   <rightEye x="346" y="190"/>
  </person>
 </frame>
 <frame number="00000920">
  <person id="0003">
   <leftEye x="326" y="190"/>
   <rightEye x="344" y="190"/>
  </person>
 </frame>
 <frame number="00000921">
  <person id="0003">
   <leftEye x="324" y="189"/>
   <rightEye x="342" y="190"/>
  </person>
 </frame>
 <frame number="00000922">
  <person id="0003">
   <leftEye x="322" y="189"/>
   <rightEye x="340" y="190"/>
  </person>
 </frame>
 <frame number="00000923">
  <person id="0003">
   <leftEye x="320" y="189"/>
   <rightEye x="338" y="190"/>
  </person>
 </frame>
 <frame number="00000924">
  <person id="0003">
   <leftEye x="318" y="190"/>
   <rightEye x="336" y="190"/>
  </person>
 </frame>
 <frame number="00000925">
  <person id="0003">
   <leftEye x="315" y="191"/>
   <rightEye x="334" y="191"/>
  </person>
 </frame>
 <frame number="00000926">
  <person id="0003">
   <leftEye x="313" y="193"/>
   <rightEye x="332" y="193"/>
  </person>
 </frame>
 <frame number="00000927">
  <person id="0003">
   <leftEye x="312" y="195"/>
   <rightEye x="330" y="196"/>
  </person>
 </frame>
 <frame number="00000928">
  <person id="0003">
   <leftEye x="310" y="198"/>
   <rightEye x="328" y="199"/>
  </person>
 </frame>
 <frame number="00000929">
  <person id="0003">
   <leftEye x="308" y="201"/>
   <rightEye x="327" y="202"/>
  </person>
 </frame>
 <frame number="00000930">
  <person id="0003">
   <leftEye x="306" y="204"/>
   <rightEye x="325" y="205"/>
  </person>
 </frame>
 <frame number="00000931">
  <person id="0003">
   <leftEye x="304" y="207"/>
   <rightEye x="324" y="208"/>
  </person>
 </frame>
 <frame number="00000932">
  <person id="0003">
   <leftEye x="302" y="209"/>
   <rightEye x="323" y="210"/>
  </person>
 </frame>
 <frame number="00000933">
  <person id="0003">
   <leftEye x="300" y="210"/>
   <rightEye x="321" y="211"/>
  </person>
 </frame>
 <frame number="00000934">
  <person id="0003">
   <leftEye x="299" y="211"/>
   <rightEye x="319" y="212"/>
  </person>
 </frame>
 <frame number="00000935">
  <person id="0003">
   <leftEye x="297" y="211"/>
   <rightEye x="317" y="212"/>
  </person>
 </frame>
 <frame number="00000936">
  <person id="0003">
   <leftEye x="294" y="211"/>
   <rightEye x="316" y="212"/>
  </person>
 </frame>
 <frame number="00000937">
  <person id="0003">
   <leftEye x="292" y="211"/>
   <rightEye x="314" y="211"/>
  </person>
 </frame>
 <frame number="00000938">
  <person id="0003">
   <leftEye x="289" y="211"/>
   <rightEye x="311" y="211"/>
  </person>
 </frame>
 <frame number="00000939">
  <person id="0003">
   <leftEye x="286" y="212"/>
   <rightEye x="309" y="213"/>
  </person>
 </frame>
 <frame number="00000940">
  <person id="0003">
   <leftEye x="283" y="214"/>
   <rightEye x="306" y="215"/>
  </person>
 </frame>
 <frame number="00000941">
  <person id="0003">
   <leftEye x="279" y="217"/>
   <rightEye x="303" y="218"/>
  </person>
 </frame>
 <frame number="00000942">
  <person id="0003">
   <leftEye x="276" y="221"/>
   <rightEye x="299" y="221"/>
  </person>
 </frame>
 <frame number="00000943">
  <person id="0003">
   <leftEye x="272" y="224"/>
   <rightEye x="295" y="224"/>
  </person>
 </frame>
 <frame number="00000944">
  <person id="0003">
   <leftEye x="268" y="228"/>
   <rightEye x="291" y="228"/>
  </person>
 </frame>
 <frame number="00000945">
  <person id="0003">
   <leftEye x="265" y="232"/>
   <rightEye x="287" y="232"/>
  </person>
 </frame>
 <frame number="00000946">
  <person id="0003">
   <leftEye x="260" y="236"/>
   <rightEye x="283" y="236"/>
  </person>
 </frame>
 <frame number="00000947">
  <person id="0003">
   <leftEye x="256" y="239"/>
   <rightEye x="279" y="239"/>
  </person>
 </frame>
 <frame number="00000948">
  <person id="0003">
   <leftEye x="251" y="241"/>
   <rightEye x="274" y="242"/>
  </person>
 </frame>
 <frame number="00000949">
  <person id="0003">
   <leftEye x="246" y="242"/>
   <rightEye x="270" y="244"/>
  </person>
 </frame>
 <frame number="00000950">
  <person id="0003">
   <leftEye x="242" y="242"/>
   <rightEye x="266" y="243"/>
  </person>
 </frame>
 <frame number="00000951">
  <person id="0003">
   <leftEye x="237" y="241"/>
   <rightEye x="261" y="242"/>
  </person>
 </frame>
 <frame number="00000952">
  <person id="0003">
   <leftEye x="233" y="242"/>
   <rightEye x="256" y="243"/>
  </person>
 </frame>
 <frame number="00000953">
  <person id="0003">
   <leftEye x="228" y="244"/>
   <rightEye x="252" y="245"/>
  </person>
 </frame>
 <frame number="00000954">
  <person id="0003">
   <leftEye x="223" y="246"/>
   <rightEye x="248" y="247"/>
  </person>
 </frame>
 <frame number="00000955">
  <person id="0003">
   <leftEye x="218" y="250"/>
   <rightEye x="244" y="251"/>
  </person>
 </frame>
 <frame number="00000956">
  <person id="0003">
   <leftEye x="214" y="254"/>
   <rightEye x="240" y="255"/>
  </person>
 </frame>
 <frame number="00000957">
  <person id="0003">
   <leftEye x="209" y="259"/>
   <rightEye x="236" y="260"/>
  </person>
 </frame>
 <frame number="00000958">
  <person id="0003">
   <leftEye x="204" y="264"/>
   <rightEye x="232" y="266"/>
  </person>
 </frame>
 <frame number="00000959">
  <person id="0003">
   <leftEye x="199" y="271"/>
   <rightEye x="228" y="272"/>
  </person>
 </frame>
 <frame number="00000960">
  <person id="0003">
   <leftEye x="194" y="277"/>
   <rightEye x="223" y="279"/>
  </person>
 </frame>
 <frame number="00000961">
  <person id="0003">
   <leftEye x="189" y="283"/>
   <rightEye x="218" y="285"/>
  </person>
 </frame>
 <frame number="00000962">
  <person id="0003">
   <leftEye x="184" y="287"/>
   <rightEye x="214" y="289"/>
  </person>
 </frame>
 <frame number="00000963">
  <person id="0003">
   <leftEye x="180" y="290"/>
   <rightEye x="210" y="292"/>
  </person>
 </frame>
 <frame number="00000964">
  <person id="0003">
   <leftEye x="174" y="292"/>
   <rightEye x="206" y="294"/>
  </person>
 </frame>
 <frame number="00000965">
  <person id="0003">
   <leftEye x="168" y="293"/>
   <rightEye x="200" y="295"/>
  </person>
 </frame>
 <frame number="00000966">
  <person id="0003">
   <leftEye x="161" y="294"/>
   <rightEye x="193" y="297"/>
  </person>
 </frame>
 <frame number="00000967">
  <person id="0003">
   <leftEye x="153" y="296"/>
   <rightEye x="186" y="300"/>
  </person>
 </frame>
 <frame number="00000968">
  <person id="0003">
   <leftEye x="144" y="300"/>
   <rightEye x="178" y="304"/>
  </person>
 </frame>
 <frame number="00000969">
  <person id="0003">
   <leftEye x="134" y="305"/>
   <rightEye x="170" y="308"/>
  </person>
 </frame>
 <frame number="00000970">
  <person id="0003">
   <leftEye x="124" y="312"/>
   <rightEye x="161" y="315"/>
  </person>
 </frame>
 <frame number="00000971">
  <person id="0003">
   <leftEye x="114" y="320"/>
   <rightEye x="151" y="323"/>
  </person>
 </frame>
 <frame number="00000972">
  <person id="0003">
   <leftEye x="103" y="329"/>
   <rightEye x="141" y="332"/>
  </person>
 </frame>
 <frame number="00000973">
  <person id="0003">
   <leftEye x="91" y="340"/>
   <rightEye x="131" y="343"/>
  </person>
 </frame>
 <frame number="00000974">
  <person id="0003">
   <leftEye x="83" y="347"/>
   <rightEye x="124" y="350"/>
  </person>
 </frame>
 <frame number="00000975">
  <person id="0003">
   <leftEye x="72" y="358"/>
   <rightEye x="112" y="361"/>
  </person>
 </frame>
 <frame number="00000976">
  <person id="0003">
   <leftEye x="54" y="373"/>
   <rightEye x="95" y="376"/>
  </person>
 </frame>
 <frame number="00000977">
  <person id="0003">
   <leftEye x="39" y="384"/>
   <rightEye x="81" y="388"/>
  </person>
 </frame>
 <frame number="00000978">
  <person id="0003">
   <leftEye x="29" y="390"/>
   <rightEye x="71" y="394"/>
  </person>
 </frame>
 <frame number="00000979">
  <person id="0003">
   <leftEye x="25" y="394"/>
   <rightEye x="67" y="398"/>
  </person>
 </frame>
 <frame number="00000980"/>
 <frame number="00000981"/>
 <frame number="00000982"/>
 <frame number="00000983"/>
 <frame number="00000984"/>
 <frame number="00000985"/>
 <frame number="00000986"/>
 <frame number="00000987"/>
 <frame number="00000988"/>
 <frame number="00000989"/>
 <frame number="00000990"/>
 <frame number="00000991"/>
 <frame number="00000992"/>
 <frame number="00000993"/>
 <frame number="00000994"/>
 <frame number="00000995"/>
 <frame number="00000996"/>
 <frame number="00000997"/>
 <frame number="00000998"/>
 <frame number="00000999"/>
 <frame number="00001000"/>
</dataset>
