<!DOCTYPE GroundTruth>
<dataset name="P2L_S3_C1">
 <frame number="00000000"/>
 <frame number="00000001"/>
 <frame number="00000002"/>
 <frame number="00000003"/>
 <frame number="00000004"/>
 <frame number="00000005"/>
 <frame number="00000006"/>
 <frame number="00000007"/>
 <frame number="00000008"/>
 <frame number="00000009"/>
 <frame number="00000010"/>
 <frame number="00000011"/>
 <frame number="00000012"/>
 <frame number="00000013"/>
 <frame number="00000014"/>
 <frame number="00000015"/>
 <frame number="00000016"/>
 <frame number="00000017"/>
 <frame number="00000018"/>
 <frame number="00000019"/>
 <frame number="00000020"/>
 <frame number="00000021"/>
 <frame number="00000022"/>
 <frame number="00000023"/>
 <frame number="00000024"/>
 <frame number="00000025"/>
 <frame number="00000026"/>
 <frame number="00000027"/>
 <frame number="00000028"/>
 <frame number="00000029"/>
 <frame number="00000030"/>
 <frame number="00000031"/>
 <frame number="00000032"/>
 <frame number="00000033"/>
 <frame number="00000034"/>
 <frame number="00000035"/>
 <frame number="00000036"/>
 <frame number="00000037"/>
 <frame number="00000038"/>
 <frame number="00000039"/>
 <frame number="00000040"/>
 <frame number="00000041"/>
 <frame number="00000042"/>
 <frame number="00000043"/>
 <frame number="00000044"/>
 <frame number="00000045"/>
 <frame number="00000046"/>
 <frame number="00000047"/>
 <frame number="00000048"/>
 <frame number="00000049"/>
 <frame number="00000050"/>
 <frame number="00000051"/>
 <frame number="00000052"/>
 <frame number="00000053"/>
 <frame number="00000054"/>
 <frame number="00000055"/>
 <frame number="00000056"/>
 <frame number="00000057"/>
 <frame number="00000058"/>
 <frame number="00000059"/>
 <frame number="00000060"/>
 <frame number="00000061"/>
 <frame number="00000062"/>
 <frame number="00000063"/>
 <frame number="00000064"/>
 <frame number="00000065"/>
 <frame number="00000066"/>
 <frame number="00000067"/>
 <frame number="00000068"/>
 <frame number="00000069"/>
 <frame number="00000070"/>
 <frame number="00000071"/>
 <frame number="00000072"/>
 <frame number="00000073"/>
 <frame number="00000074"/>
 <frame number="00000075"/>
 <frame number="00000076"/>
 <frame number="00000077"/>
 <frame number="00000078"/>
 <frame number="00000079"/>
 <frame number="00000080"/>
 <frame number="00000081"/>
 <frame number="00000082"/>
 <frame number="00000083"/>
 <frame number="00000084"/>
 <frame number="00000085"/>
 <frame number="00000086"/>
 <frame number="00000087"/>
 <frame number="00000088"/>
 <frame number="00000089"/>
 <frame number="00000090"/>
 <frame number="00000091"/>
 <frame number="00000092"/>
 <frame number="00000093"/>
 <frame number="00000094"/>
 <frame number="00000095"/>
 <frame number="00000096"/>
 <frame number="00000097"/>
 <frame number="00000098"/>
 <frame number="00000099"/>
 <frame number="00000223"/>
 <frame number="00000224"/>
 <frame number="00000225"/>
 <frame number="00000226"/>
 <frame number="00000227"/>
 <frame number="00000228"/>
 <frame number="00000229"/>
 <frame number="00000230"/>
 <frame number="00000231"/>
 <frame number="00000232"/>
 <frame number="00000233"/>
 <frame number="00000234"/>
 <frame number="00000235"/>
 <frame number="00000236"/>
 <frame number="00000237"/>
 <frame number="00000238"/>
 <frame number="00000239"/>
 <frame number="00000240"/>
 <frame number="00000241"/>
 <frame number="00000242"/>
 <frame number="00000243"/>
 <frame number="00000244"/>
 <frame number="00000245"/>
 <frame number="00000246"/>
 <frame number="00000247"/>
 <frame number="00000248"/>
 <frame number="00000249"/>
 <frame number="00000250"/>
 <frame number="00000251"/>
 <frame number="00000252"/>
 <frame number="00000253"/>
 <frame number="00000254"/>
 <frame number="00000255"/>
 <frame number="00000256"/>
 <frame number="00000257"/>
 <frame number="00000258"/>
 <frame number="00000259"/>
 <frame number="00000260"/>
 <frame number="00000261"/>
 <frame number="00000262"/>
 <frame number="00000263"/>
 <frame number="00000264"/>
 <frame number="00000265"/>
 <frame number="00000266"/>
 <frame number="00000267"/>
 <frame number="00000268"/>
 <frame number="00000269"/>
 <frame number="00000270"/>
 <frame number="00000271"/>
 <frame number="00000272"/>
 <frame number="00000273"/>
 <frame number="00000274"/>
 <frame number="00000275"/>
 <frame number="00000276"/>
 <frame number="00000277"/>
 <frame number="00000278"/>
 <frame number="00000279"/>
 <frame number="00000280"/>
 <frame number="00000281"/>
 <frame number="00000282"/>
 <frame number="00000283"/>
 <frame number="00000284"/>
 <frame number="00000285"/>
 <frame number="00000286"/>
 <frame number="00000287"/>
 <frame number="00000288"/>
 <frame number="00000289"/>
 <frame number="00000290"/>
 <frame number="00000291"/>
 <frame number="00000292"/>
 <frame number="00000293"/>
 <frame number="00000294"/>
 <frame number="00000295"/>
 <frame number="00000296"/>
 <frame number="00000297"/>
 <frame number="00000298"/>
 <frame number="00000299"/>
 <frame number="00000300"/>
 <frame number="00000301"/>
 <frame number="00000302"/>
 <frame number="00000303"/>
 <frame number="00000304">
  <person id="0021">
   <leftEye x="194" y="155"/>
   <rightEye x="210" y="155"/>
  </person>
 </frame>
 <frame number="00000305">
  <person id="0021">
   <leftEye x="191" y="158"/>
   <rightEye x="206" y="158"/>
  </person>
 </frame>
 <frame number="00000306">
  <person id="0021">
   <leftEye x="187" y="161"/>
   <rightEye x="202" y="161"/>
  </person>
 </frame>
 <frame number="00000307">
  <person id="0021">
   <leftEye x="183" y="163"/>
   <rightEye x="198" y="163"/>
  </person>
 </frame>
 <frame number="00000308">
  <person id="0021">
   <leftEye x="179" y="165"/>
   <rightEye x="194" y="165"/>
  </person>
 </frame>
 <frame number="00000309">
  <person id="0021">
   <leftEye x="175" y="165"/>
   <rightEye x="190" y="165"/>
  </person>
 </frame>
 <frame number="00000310">
  <person id="0021">
   <leftEye x="171" y="165"/>
   <rightEye x="186" y="165"/>
  </person>
 </frame>
 <frame number="00000311">
  <person id="0021">
   <leftEye x="167" y="165"/>
   <rightEye x="183" y="165"/>
  </person>
 </frame>
 <frame number="00000312">
  <person id="0021">
   <leftEye x="164" y="164"/>
   <rightEye x="180" y="164"/>
  </person>
 </frame>
 <frame number="00000313">
  <person id="0021">
   <leftEye x="161" y="163"/>
   <rightEye x="177" y="163"/>
  </person>
 </frame>
 <frame number="00000314">
  <person id="0021">
   <leftEye x="158" y="162"/>
   <rightEye x="174" y="162"/>
  </person>
 </frame>
 <frame number="00000315">
  <person id="0021">
   <leftEye x="155" y="162"/>
   <rightEye x="172" y="162"/>
  </person>
 </frame>
 <frame number="00000316">
  <person id="0021">
   <leftEye x="153" y="162"/>
   <rightEye x="170" y="162"/>
  </person>
 </frame>
 <frame number="00000317">
  <person id="0021">
   <leftEye x="150" y="164"/>
   <rightEye x="167" y="164"/>
  </person>
 </frame>
 <frame number="00000318">
  <person id="0021">
   <leftEye x="148" y="166"/>
   <rightEye x="165" y="166"/>
  </person>
 </frame>
 <frame number="00000319">
  <person id="0021">
   <leftEye x="145" y="170"/>
   <rightEye x="163" y="170"/>
  </person>
 </frame>
 <frame number="00000320">
  <person id="0021">
   <leftEye x="143" y="174"/>
   <rightEye x="160" y="174"/>
  </person>
 </frame>
 <frame number="00000321">
  <person id="0021">
   <leftEye x="140" y="178"/>
   <rightEye x="158" y="178"/>
  </person>
 </frame>
 <frame number="00000322">
  <person id="0021">
   <leftEye x="138" y="181"/>
   <rightEye x="156" y="181"/>
  </person>
 </frame>
 <frame number="00000323">
  <person id="0021">
   <leftEye x="136" y="183"/>
   <rightEye x="154" y="183"/>
  </person>
 </frame>
 <frame number="00000324">
  <person id="0021">
   <leftEye x="134" y="184"/>
   <rightEye x="152" y="183"/>
  </person>
 </frame>
 <frame number="00000325">
  <person id="0021">
   <leftEye x="132" y="184"/>
   <rightEye x="150" y="183"/>
  </person>
 </frame>
 <frame number="00000326">
  <person id="0021">
   <leftEye x="129" y="183"/>
   <rightEye x="147" y="183"/>
  </person>
 </frame>
 <frame number="00000327">
  <person id="0021">
   <leftEye x="126" y="182"/>
   <rightEye x="144" y="182"/>
  </person>
 </frame>
 <frame number="00000328">
  <person id="0021">
   <leftEye x="122" y="181"/>
   <rightEye x="140" y="181"/>
  </person>
 </frame>
 <frame number="00000329">
  <person id="0021">
   <leftEye x="117" y="179"/>
   <rightEye x="136" y="179"/>
  </person>
 </frame>
 <frame number="00000330">
  <person id="0021">
   <leftEye x="112" y="177"/>
   <rightEye x="131" y="177"/>
  </person>
 </frame>
 <frame number="00000331">
  <person id="0021">
   <leftEye x="107" y="176"/>
   <rightEye x="126" y="176"/>
  </person>
 </frame>
 <frame number="00000332">
  <person id="0021">
   <leftEye x="101" y="177"/>
   <rightEye x="121" y="177"/>
  </person>
 </frame>
 <frame number="00000333">
  <person id="0021">
   <leftEye x="95" y="179"/>
   <rightEye x="115" y="179"/>
  </person>
 </frame>
 <frame number="00000334">
  <person id="0021">
   <leftEye x="89" y="183"/>
   <rightEye x="109" y="183"/>
  </person>
 </frame>
 <frame number="00000335">
  <person id="0021">
   <leftEye x="82" y="188"/>
   <rightEye x="102" y="188"/>
  </person>
 </frame>
 <frame number="00000336">
  <person id="0021">
   <leftEye x="75" y="193"/>
   <rightEye x="95" y="193"/>
  </person>
 </frame>
 <frame number="00000337">
  <person id="0021">
   <leftEye x="68" y="199"/>
   <rightEye x="88" y="199"/>
  </person>
 </frame>
 <frame number="00000338">
  <person id="0021">
   <leftEye x="60" y="204"/>
   <rightEye x="80" y="204"/>
  </person>
 </frame>
 <frame number="00000339">
  <person id="0021">
   <leftEye x="51" y="208"/>
   <rightEye x="72" y="208"/>
  </person>
 </frame>
 <frame number="00000340">
  <person id="0021">
   <leftEye x="42" y="210"/>
   <rightEye x="63" y="210"/>
  </person>
 </frame>
 <frame number="00000341">
  <person id="0021">
   <leftEye x="33" y="211"/>
   <rightEye x="55" y="211"/>
  </person>
 </frame>
 <frame number="00000342">
  <person id="0021">
   <leftEye x="27" y="212"/>
   <rightEye x="49" y="212"/>
  </person>
 </frame>
 <frame number="00000343">
  <person id="0021">
   <leftEye x="20" y="212"/>
   <rightEye x="42" y="212"/>
  </person>
 </frame>
 <frame number="00000344">
  <person id="0021">
   <leftEye x="12" y="212"/>
   <rightEye x="34" y="212"/>
  </person>
 </frame>
 <frame number="00000345">
  <person id="0021">
   <leftEye x="8" y="212"/>
   <rightEye x="30" y="212"/>
  </person>
 </frame>
 <frame number="00000346"/>
 <frame number="00000347"/>
 <frame number="00000348"/>
 <frame number="00000349"/>
 <frame number="00000350"/>
 <frame number="00000351"/>
 <frame number="00000352"/>
 <frame number="00000353"/>
 <frame number="00000354"/>
 <frame number="00000355"/>
 <frame number="00000356"/>
 <frame number="00000357"/>
 <frame number="00000358"/>
 <frame number="00000359"/>
 <frame number="00000360"/>
 <frame number="00000361"/>
 <frame number="00000362"/>
 <frame number="00000363"/>
 <frame number="00000364"/>
 <frame number="00000365"/>
 <frame number="00000366"/>
 <frame number="00000367"/>
 <frame number="00000368"/>
 <frame number="00000369"/>
 <frame number="00000370"/>
 <frame number="00000371"/>
 <frame number="00000372"/>
 <frame number="00000373"/>
 <frame number="00000374"/>
 <frame number="00000375"/>
 <frame number="00000376"/>
 <frame number="00000377"/>
 <frame number="00000378"/>
 <frame number="00000379"/>
 <frame number="00000380"/>
 <frame number="00000381"/>
 <frame number="00000382"/>
 <frame number="00000383"/>
 <frame number="00000384"/>
 <frame number="00000385"/>
 <frame number="00000386"/>
 <frame number="00000468"/>
 <frame number="00000469"/>
 <frame number="00000470"/>
 <frame number="00000471"/>
 <frame number="00000472"/>
 <frame number="00000473"/>
 <frame number="00000474"/>
 <frame number="00000475"/>
 <frame number="00000476"/>
 <frame number="00000477"/>
 <frame number="00000478"/>
 <frame number="00000479"/>
 <frame number="00000480"/>
 <frame number="00000481"/>
 <frame number="00000482"/>
 <frame number="00000483"/>
 <frame number="00000484"/>
 <frame number="00000485"/>
 <frame number="00000486"/>
 <frame number="00000487"/>
 <frame number="00000488"/>
 <frame number="00000489"/>
 <frame number="00000490"/>
 <frame number="00000491"/>
 <frame number="00000492"/>
 <frame number="00000493"/>
 <frame number="00000494"/>
 <frame number="00000495"/>
 <frame number="00000496"/>
 <frame number="00000497"/>
 <frame number="00000498"/>
 <frame number="00000499"/>
 <frame number="00000500"/>
 <frame number="00000501"/>
 <frame number="00000502"/>
 <frame number="00000503"/>
 <frame number="00000504"/>
 <frame number="00000505"/>
 <frame number="00000506"/>
 <frame number="00000507"/>
 <frame number="00000508"/>
 <frame number="00000509"/>
 <frame number="00000510"/>
 <frame number="00000511"/>
 <frame number="00000512"/>
 <frame number="00000513"/>
 <frame number="00000514"/>
 <frame number="00000515"/>
 <frame number="00000516"/>
 <frame number="00000517"/>
 <frame number="00000518"/>
 <frame number="00000519"/>
 <frame number="00000520"/>
 <frame number="00000521"/>
 <frame number="00000522"/>
 <frame number="00000523"/>
 <frame number="00000524"/>
 <frame number="00000525"/>
 <frame number="00000526"/>
 <frame number="00000527"/>
 <frame number="00000528"/>
 <frame number="00000529"/>
 <frame number="00000530"/>
 <frame number="00000531"/>
 <frame number="00000532"/>
 <frame number="00000533"/>
 <frame number="00000534"/>
 <frame number="00000535"/>
 <frame number="00000536"/>
 <frame number="00000537"/>
 <frame number="00000538"/>
 <frame number="00000539"/>
 <frame number="00000540"/>
 <frame number="00000541"/>
 <frame number="00000542"/>
 <frame number="00000543"/>
 <frame number="00000544"/>
 <frame number="00000545"/>
 <frame number="00000546"/>
 <frame number="00000547"/>
 <frame number="00000548"/>
 <frame number="00000549"/>
 <frame number="00000550"/>
 <frame number="00000551"/>
 <frame number="00000552"/>
 <frame number="00000553"/>
 <frame number="00000554"/>
 <frame number="00000555"/>
 <frame number="00000556"/>
 <frame number="00000557"/>
 <frame number="00000558"/>
 <frame number="00000559"/>
 <frame number="00000560"/>
 <frame number="00000561">
  <person id="0003">
   <leftEye x="217" y="177"/>
   <rightEye x="233" y="177"/>
  </person>
 </frame>
 <frame number="00000562">
  <person id="0003">
   <leftEye x="215" y="179"/>
   <rightEye x="230" y="179"/>
  </person>
 </frame>
 <frame number="00000563">
  <person id="0003">
   <leftEye x="213" y="181"/>
   <rightEye x="228" y="181"/>
  </person>
 </frame>
 <frame number="00000564">
  <person id="0003">
   <leftEye x="211" y="183"/>
   <rightEye x="226" y="183"/>
  </person>
 </frame>
 <frame number="00000565">
  <person id="0003">
   <leftEye x="209" y="184"/>
   <rightEye x="224" y="184"/>
  </person>
 </frame>
 <frame number="00000566">
  <person id="0003">
   <leftEye x="207" y="184"/>
   <rightEye x="223" y="184"/>
  </person>
 </frame>
 <frame number="00000567">
  <person id="0003">
   <leftEye x="205" y="184"/>
   <rightEye x="221" y="184"/>
  </person>
 </frame>
 <frame number="00000568">
  <person id="0003">
   <leftEye x="203" y="183"/>
   <rightEye x="218" y="184"/>
  </person>
 </frame>
 <frame number="00000569">
  <person id="0003">
   <leftEye x="200" y="183"/>
   <rightEye x="215" y="184"/>
  </person>
 </frame>
 <frame number="00000570">
  <person id="0003">
   <leftEye x="197" y="183"/>
   <rightEye x="212" y="184"/>
  </person>
 </frame>
 <frame number="00000571">
  <person id="0003">
   <leftEye x="193" y="183"/>
   <rightEye x="209" y="184"/>
  </person>
 </frame>
 <frame number="00000572">
  <person id="0003">
   <leftEye x="190" y="184"/>
   <rightEye x="206" y="184"/>
  </person>
 </frame>
 <frame number="00000573">
  <person id="0003">
   <leftEye x="187" y="185"/>
   <rightEye x="203" y="186"/>
  </person>
 </frame>
 <frame number="00000574">
  <person id="0003">
   <leftEye x="183" y="188"/>
   <rightEye x="199" y="188"/>
  </person>
 </frame>
 <frame number="00000575">
  <person id="0003">
   <leftEye x="180" y="190"/>
   <rightEye x="197" y="190"/>
  </person>
 </frame>
 <frame number="00000576">
  <person id="0003">
   <leftEye x="176" y="192"/>
   <rightEye x="194" y="192"/>
  </person>
 </frame>
 <frame number="00000577">
  <person id="0003">
   <leftEye x="170" y="195"/>
   <rightEye x="189" y="196"/>
  </person>
 </frame>
 <frame number="00000578">
  <person id="0003">
   <leftEye x="167" y="197"/>
   <rightEye x="185" y="198"/>
  </person>
 </frame>
 <frame number="00000579">
  <person id="0003">
   <leftEye x="165" y="199"/>
   <rightEye x="183" y="199"/>
  </person>
 </frame>
 <frame number="00000580">
  <person id="0003">
   <leftEye x="162" y="200"/>
   <rightEye x="179" y="200"/>
  </person>
 </frame>
 <frame number="00000581">
  <person id="0003">
   <leftEye x="158" y="200"/>
   <rightEye x="176" y="201"/>
  </person>
 </frame>
 <frame number="00000582">
  <person id="0003">
   <leftEye x="154" y="200"/>
   <rightEye x="172" y="201"/>
  </person>
 </frame>
 <frame number="00000583">
  <person id="0003">
   <leftEye x="150" y="200"/>
   <rightEye x="168" y="200"/>
  </person>
 </frame>
 <frame number="00000584">
  <person id="0003">
   <leftEye x="146" y="199"/>
   <rightEye x="165" y="200"/>
  </person>
 </frame>
 <frame number="00000585">
  <person id="0003">
   <leftEye x="142" y="199"/>
   <rightEye x="162" y="200"/>
  </person>
 </frame>
 <frame number="00000586">
  <person id="0003">
   <leftEye x="139" y="200"/>
   <rightEye x="159" y="200"/>
  </person>
 </frame>
 <frame number="00000587">
  <person id="0003">
   <leftEye x="136" y="201"/>
   <rightEye x="156" y="201"/>
  </person>
 </frame>
 <frame number="00000588">
  <person id="0003">
   <leftEye x="133" y="202"/>
   <rightEye x="153" y="202"/>
  </person>
 </frame>
 <frame number="00000589">
  <person id="0003">
   <leftEye x="131" y="204"/>
   <rightEye x="150" y="205"/>
  </person>
 </frame>
 <frame number="00000590">
  <person id="0003">
   <leftEye x="128" y="207"/>
   <rightEye x="147" y="208"/>
  </person>
 </frame>
 <frame number="00000591">
  <person id="0003">
   <leftEye x="125" y="211"/>
   <rightEye x="144" y="212"/>
  </person>
 </frame>
 <frame number="00000592">
  <person id="0003">
   <leftEye x="122" y="215"/>
   <rightEye x="141" y="216"/>
  </person>
 </frame>
 <frame number="00000593">
  <person id="0003">
   <leftEye x="118" y="219"/>
   <rightEye x="138" y="219"/>
  </person>
 </frame>
 <frame number="00000594">
  <person id="0003">
   <leftEye x="115" y="222"/>
   <rightEye x="135" y="222"/>
  </person>
 </frame>
 <frame number="00000595">
  <person id="0003">
   <leftEye x="111" y="225"/>
   <rightEye x="132" y="226"/>
  </person>
 </frame>
 <frame number="00000596">
  <person id="0003">
   <leftEye x="107" y="227"/>
   <rightEye x="128" y="228"/>
  </person>
 </frame>
 <frame number="00000597">
  <person id="0003">
   <leftEye x="103" y="227"/>
   <rightEye x="123" y="228"/>
  </person>
 </frame>
 <frame number="00000598">
  <person id="0003">
   <leftEye x="98" y="227"/>
   <rightEye x="118" y="228"/>
  </person>
 </frame>
 <frame number="00000599">
  <person id="0003">
   <leftEye x="93" y="227"/>
   <rightEye x="113" y="228"/>
  </person>
 </frame>
 <frame number="00000600">
  <person id="0003">
   <leftEye x="87" y="228"/>
   <rightEye x="107" y="228"/>
  </person>
 </frame>
 <frame number="00000601">
  <person id="0003">
   <leftEye x="81" y="229"/>
   <rightEye x="101" y="228"/>
  </person>
 </frame>
 <frame number="00000602">
  <person id="0003">
   <leftEye x="74" y="230"/>
   <rightEye x="95" y="230"/>
  </person>
 </frame>
 <frame number="00000603">
  <person id="0003">
   <leftEye x="67" y="233"/>
   <rightEye x="89" y="233"/>
  </person>
 </frame>
 <frame number="00000604">
  <person id="0003">
   <leftEye x="60" y="237"/>
   <rightEye x="82" y="237"/>
  </person>
 </frame>
 <frame number="00000605">
  <person id="0003">
   <leftEye x="53" y="241"/>
   <rightEye x="75" y="242"/>
  </person>
 </frame>
 <frame number="00000606">
  <person id="0003">
   <leftEye x="46" y="247"/>
   <rightEye x="68" y="247"/>
  </person>
 </frame>
 <frame number="00000607">
  <person id="0003">
   <leftEye x="38" y="253"/>
   <rightEye x="60" y="253"/>
  </person>
 </frame>
 <frame number="00000608">
  <person id="0003">
   <leftEye x="29" y="258"/>
   <rightEye x="52" y="258"/>
  </person>
 </frame>
 <frame number="00000609">
  <person id="0003">
   <leftEye x="20" y="262"/>
   <rightEye x="44" y="262"/>
  </person>
 </frame>
 <frame number="00000610">
  <person id="0003">
   <leftEye x="11" y="265"/>
   <rightEye x="35" y="265"/>
  </person>
 </frame>
 <frame number="00000611"/>
 <frame number="00000612"/>
 <frame number="00000613"/>
 <frame number="00000614"/>
 <frame number="00000615"/>
 <frame number="00000616"/>
 <frame number="00000617"/>
 <frame number="00000618"/>
 <frame number="00000619"/>
 <frame number="00000620"/>
 <frame number="00000621"/>
 <frame number="00000622"/>
 <frame number="00000623"/>
 <frame number="00000624"/>
 <frame number="00000625"/>
 <frame number="00000626"/>
 <frame number="00000627"/>
 <frame number="00000628"/>
 <frame number="00000629"/>
 <frame number="00000630"/>
 <frame number="00000631"/>
 <frame number="00000632"/>
 <frame number="00000633"/>
 <frame number="00000634"/>
 <frame number="00000635"/>
 <frame number="00000636"/>
 <frame number="00000637"/>
 <frame number="00000638"/>
 <frame number="00000639"/>
 <frame number="00000640"/>
 <frame number="00000641"/>
 <frame number="00000642"/>
 <frame number="00000643"/>
 <frame number="00000644"/>
 <frame number="00000645"/>
 <frame number="00000646"/>
 <frame number="00000647"/>
 <frame number="00000648"/>
 <frame number="00000649"/>
 <frame number="00000706"/>
 <frame number="00000707"/>
 <frame number="00000708"/>
 <frame number="00000709"/>
 <frame number="00000710"/>
 <frame number="00000711"/>
 <frame number="00000712"/>
 <frame number="00000713"/>
 <frame number="00000714"/>
 <frame number="00000715"/>
 <frame number="00000716"/>
 <frame number="00000717"/>
 <frame number="00000718"/>
 <frame number="00000719"/>
 <frame number="00000720"/>
 <frame number="00000721"/>
 <frame number="00000722"/>
 <frame number="00000723"/>
 <frame number="00000724"/>
 <frame number="00000725"/>
 <frame number="00000726"/>
 <frame number="00000727"/>
 <frame number="00000728"/>
 <frame number="00000729"/>
 <frame number="00000730"/>
 <frame number="00000731"/>
 <frame number="00000732"/>
 <frame number="00000733"/>
 <frame number="00000734"/>
 <frame number="00000735"/>
 <frame number="00000736"/>
 <frame number="00000737"/>
 <frame number="00000738"/>
 <frame number="00000739"/>
 <frame number="00000740"/>
 <frame number="00000741"/>
 <frame number="00000742"/>
 <frame number="00000743"/>
 <frame number="00000744"/>
 <frame number="00000745"/>
 <frame number="00000746"/>
 <frame number="00000747"/>
 <frame number="00000748"/>
 <frame number="00000749"/>
 <frame number="00000750"/>
 <frame number="00000751"/>
 <frame number="00000752"/>
 <frame number="00000753"/>
 <frame number="00000754"/>
 <frame number="00000755"/>
 <frame number="00000756"/>
 <frame number="00000757"/>
 <frame number="00000758"/>
 <frame number="00000759"/>
 <frame number="00000760"/>
 <frame number="00000761"/>
 <frame number="00000762"/>
 <frame number="00000763"/>
 <frame number="00000764"/>
 <frame number="00000765"/>
 <frame number="00000766"/>
 <frame number="00000767"/>
 <frame number="00000768"/>
 <frame number="00000769"/>
 <frame number="00000770"/>
 <frame number="00000771"/>
 <frame number="00000772"/>
 <frame number="00000773"/>
 <frame number="00000774"/>
 <frame number="00000775"/>
 <frame number="00000776"/>
 <frame number="00000777"/>
 <frame number="00000778"/>
 <frame number="00000779"/>
 <frame number="00000780"/>
 <frame number="00000781"/>
 <frame number="00000782"/>
 <frame number="00000783"/>
 <frame number="00000784"/>
 <frame number="00000785"/>
 <frame number="00000786"/>
 <frame number="00000787"/>
 <frame number="00000788"/>
 <frame number="00000789"/>
 <frame number="00000790"/>
 <frame number="00000791"/>
 <frame number="00000792"/>
 <frame number="00000793"/>
 <frame number="00000794"/>
 <frame number="00000795"/>
 <frame number="00000796"/>
 <frame number="00000797"/>
 <frame number="00000798"/>
 <frame number="00000799"/>
 <frame number="00000800"/>
 <frame number="00000801"/>
 <frame number="00000802"/>
 <frame number="00000803"/>
 <frame number="00000804"/>
 <frame number="00000805">
  <person id="0022">
   <leftEye x="171" y="182"/>
   <rightEye x="187" y="182"/>
  </person>
 </frame>
 <frame number="00000806">
  <person id="0022">
   <leftEye x="169" y="183"/>
   <rightEye x="185" y="183"/>
  </person>
 </frame>
 <frame number="00000807">
  <person id="0022">
   <leftEye x="167" y="185"/>
   <rightEye x="183" y="185"/>
  </person>
 </frame>
 <frame number="00000808">
  <person id="0022">
   <leftEye x="165" y="186"/>
   <rightEye x="181" y="186"/>
  </person>
 </frame>
 <frame number="00000809">
  <person id="0022">
   <leftEye x="162" y="186"/>
   <rightEye x="178" y="186"/>
  </person>
 </frame>
 <frame number="00000810">
  <person id="0022">
   <leftEye x="158" y="186"/>
   <rightEye x="174" y="186"/>
  </person>
 </frame>
 <frame number="00000811">
  <person id="0022">
   <leftEye x="156" y="186"/>
   <rightEye x="172" y="186"/>
  </person>
 </frame>
 <frame number="00000812">
  <person id="0022">
   <leftEye x="154" y="186"/>
   <rightEye x="170" y="186"/>
  </person>
 </frame>
 <frame number="00000813">
  <person id="0022">
   <leftEye x="151" y="185"/>
   <rightEye x="167" y="185"/>
  </person>
 </frame>
 <frame number="00000814">
  <person id="0022">
   <leftEye x="148" y="184"/>
   <rightEye x="164" y="184"/>
  </person>
 </frame>
 <frame number="00000815">
  <person id="0022">
   <leftEye x="144" y="184"/>
   <rightEye x="161" y="184"/>
  </person>
 </frame>
 <frame number="00000816">
  <person id="0022">
   <leftEye x="141" y="185"/>
   <rightEye x="157" y="185"/>
  </person>
 </frame>
 <frame number="00000817">
  <person id="0022">
   <leftEye x="137" y="188"/>
   <rightEye x="154" y="188"/>
  </person>
 </frame>
 <frame number="00000818">
  <person id="0022">
   <leftEye x="133" y="191"/>
   <rightEye x="150" y="191"/>
  </person>
 </frame>
 <frame number="00000819">
  <person id="0022">
   <leftEye x="129" y="195"/>
   <rightEye x="146" y="195"/>
  </person>
 </frame>
 <frame number="00000820">
  <person id="0022">
   <leftEye x="125" y="199"/>
   <rightEye x="142" y="199"/>
  </person>
 </frame>
 <frame number="00000821">
  <person id="0022">
   <leftEye x="120" y="203"/>
   <rightEye x="138" y="203"/>
  </person>
 </frame>
 <frame number="00000822">
  <person id="0022">
   <leftEye x="115" y="207"/>
   <rightEye x="133" y="207"/>
  </person>
 </frame>
 <frame number="00000823">
  <person id="0022">
   <leftEye x="109" y="209"/>
   <rightEye x="127" y="209"/>
  </person>
 </frame>
 <frame number="00000824">
  <person id="0022">
   <leftEye x="103" y="211"/>
   <rightEye x="122" y="211"/>
  </person>
 </frame>
 <frame number="00000825">
  <person id="0022">
   <leftEye x="97" y="212"/>
   <rightEye x="116" y="212"/>
  </person>
 </frame>
 <frame number="00000826">
  <person id="0022">
   <leftEye x="91" y="212"/>
   <rightEye x="110" y="212"/>
  </person>
 </frame>
 <frame number="00000827">
  <person id="0022">
   <leftEye x="85" y="211"/>
   <rightEye x="105" y="211"/>
  </person>
 </frame>
 <frame number="00000828">
  <person id="0022">
   <leftEye x="79" y="210"/>
   <rightEye x="99" y="210"/>
  </person>
 </frame>
 <frame number="00000829">
  <person id="0022">
   <leftEye x="74" y="209"/>
   <rightEye x="94" y="209"/>
  </person>
 </frame>
 <frame number="00000830">
  <person id="0022">
   <leftEye x="69" y="209"/>
   <rightEye x="89" y="209"/>
  </person>
 </frame>
 <frame number="00000831">
  <person id="0022">
   <leftEye x="63" y="210"/>
   <rightEye x="84" y="210"/>
  </person>
 </frame>
 <frame number="00000832">
  <person id="0022">
   <leftEye x="58" y="212"/>
   <rightEye x="78" y="212"/>
  </person>
 </frame>
 <frame number="00000833">
  <person id="0022">
   <leftEye x="52" y="216"/>
   <rightEye x="73" y="216"/>
  </person>
 </frame>
 <frame number="00000834">
  <person id="0022">
   <leftEye x="46" y="220"/>
   <rightEye x="67" y="220"/>
  </person>
 </frame>
 <frame number="00000835">
  <person id="0022">
   <leftEye x="40" y="226"/>
   <rightEye x="61" y="226"/>
  </person>
 </frame>
 <frame number="00000836">
  <person id="0022">
   <leftEye x="34" y="232"/>
   <rightEye x="56" y="232"/>
  </person>
 </frame>
 <frame number="00000837">
  <person id="0022">
   <leftEye x="27" y="237"/>
   <rightEye x="49" y="237"/>
  </person>
 </frame>
 <frame number="00000838">
  <person id="0022">
   <leftEye x="20" y="243"/>
   <rightEye x="43" y="243"/>
  </person>
 </frame>
 <frame number="00000839">
  <person id="0022">
   <leftEye x="13" y="247"/>
   <rightEye x="37" y="247"/>
  </person>
 </frame>
 <frame number="00000840">
  <person id="0022">
   <leftEye x="7" y="251"/>
   <rightEye x="32" y="251"/>
  </person>
 </frame>
 <frame number="00000841"/>
 <frame number="00000842"/>
 <frame number="00000843"/>
 <frame number="00000844"/>
 <frame number="00000845"/>
 <frame number="00000846"/>
 <frame number="00000847"/>
 <frame number="00000848"/>
 <frame number="00000849"/>
 <frame number="00000850"/>
 <frame number="00000851"/>
 <frame number="00000852"/>
 <frame number="00000853"/>
 <frame number="00000854"/>
 <frame number="00000855"/>
 <frame number="00000856"/>
 <frame number="00000857"/>
 <frame number="00000858"/>
 <frame number="00000859"/>
 <frame number="00000860"/>
 <frame number="00000861"/>
 <frame number="00000862"/>
 <frame number="00000863"/>
 <frame number="00000864"/>
 <frame number="00000865"/>
 <frame number="00000866"/>
 <frame number="00000867"/>
 <frame number="00000868"/>
 <frame number="00000869"/>
 <frame number="00000870"/>
 <frame number="00000871"/>
 <frame number="00000872"/>
 <frame number="00000873"/>
 <frame number="00000874"/>
 <frame number="00000875"/>
 <frame number="00000876"/>
 <frame number="00000877"/>
 <frame number="00000878"/>
 <frame number="00000879"/>
 <frame number="00000880"/>
 <frame number="00000881"/>
 <frame number="00000882"/>
 <frame number="00000883"/>
 <frame number="00000884"/>
 <frame number="00000885"/>
 <frame number="00000886"/>
 <frame number="00000887"/>
 <frame number="00000888"/>
 <frame number="00000889"/>
 <frame number="00000890"/>
 <frame number="00000891"/>
 <frame number="00000892"/>
 <frame number="00000893"/>
 <frame number="00000894"/>
 <frame number="00000895"/>
 <frame number="00000896"/>
 <frame number="00000897"/>
 <frame number="00000898"/>
 <frame number="00000899"/>
 <frame number="00000900"/>
 <frame number="00000901"/>
 <frame number="00000902"/>
 <frame number="00000903"/>
 <frame number="00000904"/>
 <frame number="00000905"/>
 <frame number="00000906"/>
 <frame number="00000907"/>
 <frame number="00000908"/>
 <frame number="00000909"/>
 <frame number="00000910"/>
 <frame number="00000911"/>
 <frame number="00000912"/>
 <frame number="00000913"/>
 <frame number="00000914"/>
 <frame number="00000915"/>
 <frame number="00000916"/>
 <frame number="00000917"/>
 <frame number="00000918"/>
 <frame number="00000919"/>
 <frame number="00000920"/>
 <frame number="00000921"/>
 <frame number="00000922"/>
 <frame number="00000923"/>
 <frame number="00000924"/>
 <frame number="00000925"/>
 <frame number="00000926"/>
 <frame number="00000927"/>
 <frame number="00000928"/>
 <frame number="00000929"/>
 <frame number="00000930"/>
 <frame number="00000931"/>
 <frame number="00000932"/>
 <frame number="00000933"/>
 <frame number="00000934"/>
 <frame number="00000935"/>
 <frame number="00000936"/>
 <frame number="00000937"/>
 <frame number="00000938"/>
 <frame number="00000939"/>
 <frame number="00000940"/>
 <frame number="00000941"/>
 <frame number="00000942"/>
 <frame number="00000943"/>
 <frame number="00000944"/>
 <frame number="00000945"/>
 <frame number="00000946"/>
 <frame number="00000947"/>
 <frame number="00000948"/>
 <frame number="00000949"/>
 <frame number="00000950"/>
 <frame number="00000951"/>
 <frame number="00000952"/>
 <frame number="00000953"/>
 <frame number="00000954"/>
 <frame number="00000955"/>
 <frame number="00000956"/>
 <frame number="00000957"/>
 <frame number="00000958"/>
 <frame number="00000959"/>
 <frame number="00000960"/>
 <frame number="00000961"/>
 <frame number="00000962"/>
 <frame number="00000963"/>
 <frame number="00000964"/>
 <frame number="00000965"/>
 <frame number="00000966"/>
 <frame number="00000967"/>
 <frame number="00000968"/>
 <frame number="00000969"/>
 <frame number="00000970"/>
 <frame number="00000971"/>
 <frame number="00000972"/>
 <frame number="00000973"/>
 <frame number="00000974"/>
 <frame number="00000975"/>
 <frame number="00000976"/>
 <frame number="00000977"/>
 <frame number="00000978"/>
 <frame number="00000979"/>
 <frame number="00000980"/>
 <frame number="00000981"/>
 <frame number="00000982"/>
 <frame number="00000983"/>
 <frame number="00000984"/>
 <frame number="00000985"/>
 <frame number="00000986"/>
 <frame number="00000987"/>
 <frame number="00000988"/>
 <frame number="00000989"/>
 <frame number="00000990"/>
 <frame number="00000991"/>
 <frame number="00000992"/>
 <frame number="00000993"/>
 <frame number="00000994"/>
 <frame number="00000995"/>
 <frame number="00000996"/>
 <frame number="00000997"/>
 <frame number="00000998"/>
 <frame number="00000999"/>
 <frame number="00001000"/>
 <frame number="00001001"/>
 <frame number="00001002"/>
 <frame number="00001003"/>
 <frame number="00001004"/>
 <frame number="00001005"/>
 <frame number="00001006"/>
 <frame number="00001007"/>
 <frame number="00001008"/>
 <frame number="00001009"/>
 <frame number="00001010"/>
 <frame number="00001011"/>
 <frame number="00001012"/>
 <frame number="00001013"/>
 <frame number="00001014"/>
 <frame number="00001015"/>
 <frame number="00001016"/>
 <frame number="00001017"/>
 <frame number="00001018"/>
 <frame number="00001019"/>
 <frame number="00001020"/>
 <frame number="00001021"/>
 <frame number="00001022"/>
 <frame number="00001023"/>
 <frame number="00001024"/>
 <frame number="00001025"/>
 <frame number="00001026"/>
 <frame number="00001027"/>
 <frame number="00001028"/>
 <frame number="00001029"/>
 <frame number="00001030"/>
 <frame number="00001031"/>
 <frame number="00001032"/>
 <frame number="00001033"/>
 <frame number="00001034"/>
 <frame number="00001035"/>
 <frame number="00001036">
  <person id="0015">
   <leftEye x="216" y="157"/>
   <rightEye x="232" y="157"/>
  </person>
 </frame>
 <frame number="00001037">
  <person id="0015">
   <leftEye x="211" y="160"/>
   <rightEye x="227" y="160"/>
  </person>
 </frame>
 <frame number="00001038">
  <person id="0015">
   <leftEye x="207" y="163"/>
   <rightEye x="223" y="163"/>
  </person>
 </frame>
 <frame number="00001039">
  <person id="0015">
   <leftEye x="202" y="166"/>
   <rightEye x="219" y="166"/>
  </person>
 </frame>
 <frame number="00001040">
  <person id="0015">
   <leftEye x="197" y="168"/>
   <rightEye x="215" y="168"/>
  </person>
 </frame>
 <frame number="00001041">
  <person id="0015">
   <leftEye x="192" y="169"/>
   <rightEye x="210" y="169"/>
  </person>
 </frame>
 <frame number="00001042">
  <person id="0015">
   <leftEye x="188" y="169"/>
   <rightEye x="205" y="169"/>
  </person>
 </frame>
 <frame number="00001043">
  <person id="0015">
   <leftEye x="185" y="169"/>
   <rightEye x="202" y="169"/>
  </person>
 </frame>
 <frame number="00001044">
  <person id="0015">
   <leftEye x="183" y="169"/>
   <rightEye x="200" y="169"/>
  </person>
 </frame>
 <frame number="00001045">
  <person id="0015">
   <leftEye x="179" y="168"/>
   <rightEye x="196" y="168"/>
  </person>
 </frame>
 <frame number="00001046">
  <person id="0015">
   <leftEye x="175" y="167"/>
   <rightEye x="192" y="167"/>
  </person>
 </frame>
 <frame number="00001047">
  <person id="0015">
   <leftEye x="171" y="166"/>
   <rightEye x="188" y="166"/>
  </person>
 </frame>
 <frame number="00001048">
  <person id="0015">
   <leftEye x="167" y="165"/>
   <rightEye x="185" y="165"/>
  </person>
 </frame>
 <frame number="00001049">
  <person id="0015">
   <leftEye x="164" y="165"/>
   <rightEye x="182" y="165"/>
  </person>
 </frame>
 <frame number="00001050">
  <person id="0015">
   <leftEye x="161" y="166"/>
   <rightEye x="179" y="166"/>
  </person>
 </frame>
 <frame number="00001051">
  <person id="0015">
   <leftEye x="158" y="168"/>
   <rightEye x="176" y="168"/>
  </person>
 </frame>
 <frame number="00001052">
  <person id="0015">
   <leftEye x="154" y="171"/>
   <rightEye x="173" y="171"/>
  </person>
 </frame>
 <frame number="00001053">
  <person id="0015">
   <leftEye x="151" y="175"/>
   <rightEye x="169" y="175"/>
  </person>
 </frame>
 <frame number="00001054">
  <person id="0015">
   <leftEye x="148" y="179"/>
   <rightEye x="165" y="179"/>
  </person>
 </frame>
 <frame number="00001055">
  <person id="0015">
   <leftEye x="144" y="183"/>
   <rightEye x="162" y="183"/>
  </person>
 </frame>
 <frame number="00001056">
  <person id="0015">
   <leftEye x="140" y="186"/>
   <rightEye x="159" y="186"/>
  </person>
 </frame>
 <frame number="00001057">
  <person id="0015">
   <leftEye x="136" y="189"/>
   <rightEye x="155" y="189"/>
  </person>
 </frame>
 <frame number="00001058">
  <person id="0015">
   <leftEye x="132" y="190"/>
   <rightEye x="151" y="190"/>
  </person>
 </frame>
 <frame number="00001059">
  <person id="0015">
   <leftEye x="127" y="190"/>
   <rightEye x="147" y="190"/>
  </person>
 </frame>
 <frame number="00001060">
  <person id="0015">
   <leftEye x="122" y="190"/>
   <rightEye x="143" y="190"/>
  </person>
 </frame>
 <frame number="00001061">
  <person id="0015">
   <leftEye x="117" y="190"/>
   <rightEye x="138" y="190"/>
  </person>
 </frame>
 <frame number="00001062">
  <person id="0015">
   <leftEye x="112" y="190"/>
   <rightEye x="132" y="190"/>
  </person>
 </frame>
 <frame number="00001063">
  <person id="0015">
   <leftEye x="107" y="190"/>
   <rightEye x="127" y="190"/>
  </person>
 </frame>
 <frame number="00001064">
  <person id="0015">
   <leftEye x="100" y="192"/>
   <rightEye x="121" y="192"/>
  </person>
 </frame>
 <frame number="00001065">
  <person id="0015">
   <leftEye x="92" y="195"/>
   <rightEye x="114" y="195"/>
  </person>
 </frame>
 <frame number="00001066">
  <person id="0015">
   <leftEye x="85" y="199"/>
   <rightEye x="107" y="199"/>
  </person>
 </frame>
 <frame number="00001067">
  <person id="0015">
   <leftEye x="78" y="203"/>
   <rightEye x="100" y="203"/>
  </person>
 </frame>
 <frame number="00001068">
  <person id="0015">
   <leftEye x="70" y="209"/>
   <rightEye x="94" y="209"/>
  </person>
 </frame>
 <frame number="00001069">
  <person id="0015">
   <leftEye x="61" y="216"/>
   <rightEye x="87" y="215"/>
  </person>
 </frame>
 <frame number="00001070">
  <person id="0015">
   <leftEye x="53" y="223"/>
   <rightEye x="78" y="221"/>
  </person>
 </frame>
 <frame number="00001071">
  <person id="0015">
   <leftEye x="43" y="229"/>
   <rightEye x="69" y="227"/>
  </person>
 </frame>
 <frame number="00001072">
  <person id="0015">
   <leftEye x="33" y="234"/>
   <rightEye x="59" y="232"/>
  </person>
 </frame>
 <frame number="00001073">
  <person id="0015">
   <leftEye x="23" y="237"/>
   <rightEye x="49" y="235"/>
  </person>
 </frame>
 <frame number="00001074">
  <person id="0015">
   <leftEye x="12" y="240"/>
   <rightEye x="40" y="238"/>
  </person>
 </frame>
 <frame number="00001075"/>
 <frame number="00001076"/>
 <frame number="00001077"/>
 <frame number="00001078"/>
 <frame number="00001079"/>
 <frame number="00001080"/>
 <frame number="00001081"/>
 <frame number="00001082"/>
 <frame number="00001083"/>
 <frame number="00001084"/>
 <frame number="00001085"/>
 <frame number="00001086"/>
 <frame number="00001087"/>
 <frame number="00001088"/>
 <frame number="00001089"/>
 <frame number="00001090"/>
 <frame number="00001091"/>
 <frame number="00001092"/>
 <frame number="00001093"/>
 <frame number="00001094"/>
 <frame number="00001095"/>
 <frame number="00001096"/>
 <frame number="00001097"/>
 <frame number="00001098"/>
 <frame number="00001099"/>
 <frame number="00001100"/>
 <frame number="00001101"/>
 <frame number="00001102"/>
 <frame number="00001103"/>
 <frame number="00001104"/>
 <frame number="00001105"/>
 <frame number="00001106"/>
 <frame number="00001107"/>
 <frame number="00001108"/>
 <frame number="00001109"/>
 <frame number="00001110"/>
</dataset>
