<!DOCTYPE GroundTruth>
<dataset name="P2L_S3_C2">
 <frame number="00000000"/>
 <frame number="00000001"/>
 <frame number="00000002"/>
 <frame number="00000003"/>
 <frame number="00000004"/>
 <frame number="00000005"/>
 <frame number="00000006"/>
 <frame number="00000007"/>
 <frame number="00000008"/>
 <frame number="00000009"/>
 <frame number="00000010"/>
 <frame number="00000011"/>
 <frame number="00000012"/>
 <frame number="00000013"/>
 <frame number="00000014"/>
 <frame number="00000015"/>
 <frame number="00000016"/>
 <frame number="00000017"/>
 <frame number="00000018"/>
 <frame number="00000019"/>
 <frame number="00000020"/>
 <frame number="00000021"/>
 <frame number="00000022"/>
 <frame number="00000023"/>
 <frame number="00000024"/>
 <frame number="00000025"/>
 <frame number="00000026"/>
 <frame number="00000027"/>
 <frame number="00000028"/>
 <frame number="00000029"/>
 <frame number="00000030"/>
 <frame number="00000031"/>
 <frame number="00000032"/>
 <frame number="00000033"/>
 <frame number="00000034"/>
 <frame number="00000035"/>
 <frame number="00000036"/>
 <frame number="00000037"/>
 <frame number="00000038"/>
 <frame number="00000039"/>
 <frame number="00000040"/>
 <frame number="00000041"/>
 <frame number="00000042"/>
 <frame number="00000043"/>
 <frame number="00000044"/>
 <frame number="00000045"/>
 <frame number="00000046"/>
 <frame number="00000047"/>
 <frame number="00000048"/>
 <frame number="00000049"/>
 <frame number="00000050"/>
 <frame number="00000051"/>
 <frame number="00000052"/>
 <frame number="00000053"/>
 <frame number="00000054"/>
 <frame number="00000055"/>
 <frame number="00000056"/>
 <frame number="00000057"/>
 <frame number="00000058"/>
 <frame number="00000059"/>
 <frame number="00000060"/>
 <frame number="00000061"/>
 <frame number="00000062"/>
 <frame number="00000063"/>
 <frame number="00000064"/>
 <frame number="00000065"/>
 <frame number="00000066"/>
 <frame number="00000067"/>
 <frame number="00000068"/>
 <frame number="00000069"/>
 <frame number="00000070"/>
 <frame number="00000071"/>
 <frame number="00000072"/>
 <frame number="00000073"/>
 <frame number="00000074"/>
 <frame number="00000075"/>
 <frame number="00000076"/>
 <frame number="00000077"/>
 <frame number="00000078"/>
 <frame number="00000079"/>
 <frame number="00000080"/>
 <frame number="00000081"/>
 <frame number="00000082"/>
 <frame number="00000083"/>
 <frame number="00000084"/>
 <frame number="00000085"/>
 <frame number="00000086"/>
 <frame number="00000087"/>
 <frame number="00000088"/>
 <frame number="00000089"/>
 <frame number="00000090"/>
 <frame number="00000091"/>
 <frame number="00000092"/>
 <frame number="00000093"/>
 <frame number="00000094"/>
 <frame number="00000095"/>
 <frame number="00000096"/>
 <frame number="00000097"/>
 <frame number="00000098"/>
 <frame number="00000099"/>
 <frame number="00000223"/>
 <frame number="00000224"/>
 <frame number="00000225"/>
 <frame number="00000226"/>
 <frame number="00000227"/>
 <frame number="00000228"/>
 <frame number="00000229"/>
 <frame number="00000230"/>
 <frame number="00000231"/>
 <frame number="00000232"/>
 <frame number="00000233"/>
 <frame number="00000234"/>
 <frame number="00000235"/>
 <frame number="00000236"/>
 <frame number="00000237"/>
 <frame number="00000238"/>
 <frame number="00000239"/>
 <frame number="00000240"/>
 <frame number="00000241"/>
 <frame number="00000242"/>
 <frame number="00000243"/>
 <frame number="00000244"/>
 <frame number="00000245"/>
 <frame number="00000246"/>
 <frame number="00000247"/>
 <frame number="00000248"/>
 <frame number="00000249"/>
 <frame number="00000250"/>
 <frame number="00000251"/>
 <frame number="00000252"/>
 <frame number="00000253"/>
 <frame number="00000254"/>
 <frame number="00000255"/>
 <frame number="00000256"/>
 <frame number="00000257"/>
 <frame number="00000258"/>
 <frame number="00000259"/>
 <frame number="00000260"/>
 <frame number="00000261"/>
 <frame number="00000262"/>
 <frame number="00000263"/>
 <frame number="00000264"/>
 <frame number="00000265"/>
 <frame number="00000266"/>
 <frame number="00000267"/>
 <frame number="00000268"/>
 <frame number="00000269"/>
 <frame number="00000270"/>
 <frame number="00000271"/>
 <frame number="00000272"/>
 <frame number="00000273"/>
 <frame number="00000274"/>
 <frame number="00000275"/>
 <frame number="00000276"/>
 <frame number="00000277"/>
 <frame number="00000278"/>
 <frame number="00000279"/>
 <frame number="00000280"/>
 <frame number="00000281"/>
 <frame number="00000282"/>
 <frame number="00000283"/>
 <frame number="00000284"/>
 <frame number="00000285"/>
 <frame number="00000286"/>
 <frame number="00000287"/>
 <frame number="00000288"/>
 <frame number="00000289"/>
 <frame number="00000290"/>
 <frame number="00000291"/>
 <frame number="00000292"/>
 <frame number="00000293"/>
 <frame number="00000294"/>
 <frame number="00000295"/>
 <frame number="00000296"/>
 <frame number="00000297"/>
 <frame number="00000298"/>
 <frame number="00000299"/>
 <frame number="00000300"/>
 <frame number="00000301"/>
 <frame number="00000302"/>
 <frame number="00000303"/>
 <frame number="00000304">
  <person id="0021">
   <leftEye x="295" y="133"/>
   <rightEye x="311" y="133"/>
  </person>
 </frame>
 <frame number="00000305">
  <person id="0021">
   <leftEye x="293" y="136"/>
   <rightEye x="309" y="136"/>
  </person>
 </frame>
 <frame number="00000306">
  <person id="0021">
   <leftEye x="291" y="139"/>
   <rightEye x="306" y="139"/>
  </person>
 </frame>
 <frame number="00000307">
  <person id="0021">
   <leftEye x="288" y="141"/>
   <rightEye x="303" y="141"/>
  </person>
 </frame>
 <frame number="00000308">
  <person id="0021">
   <leftEye x="285" y="143"/>
   <rightEye x="300" y="143"/>
  </person>
 </frame>
 <frame number="00000309">
  <person id="0021">
   <leftEye x="282" y="143"/>
   <rightEye x="298" y="143"/>
  </person>
 </frame>
 <frame number="00000310">
  <person id="0021">
   <leftEye x="279" y="143"/>
   <rightEye x="296" y="143"/>
  </person>
 </frame>
 <frame number="00000311">
  <person id="0021">
   <leftEye x="277" y="143"/>
   <rightEye x="294" y="143"/>
  </person>
 </frame>
 <frame number="00000312">
  <person id="0021">
   <leftEye x="275" y="142"/>
   <rightEye x="292" y="142"/>
  </person>
 </frame>
 <frame number="00000313">
  <person id="0021">
   <leftEye x="273" y="141"/>
   <rightEye x="290" y="141"/>
  </person>
 </frame>
 <frame number="00000314">
  <person id="0021">
   <leftEye x="272" y="140"/>
   <rightEye x="289" y="140"/>
  </person>
 </frame>
 <frame number="00000315">
  <person id="0021">
   <leftEye x="271" y="140"/>
   <rightEye x="288" y="140"/>
  </person>
 </frame>
 <frame number="00000316">
  <person id="0021">
   <leftEye x="270" y="140"/>
   <rightEye x="287" y="140"/>
  </person>
 </frame>
 <frame number="00000317">
  <person id="0021">
   <leftEye x="269" y="142"/>
   <rightEye x="286" y="142"/>
  </person>
 </frame>
 <frame number="00000318">
  <person id="0021">
   <leftEye x="268" y="145"/>
   <rightEye x="285" y="145"/>
  </person>
 </frame>
 <frame number="00000319">
  <person id="0021">
   <leftEye x="267" y="148"/>
   <rightEye x="285" y="149"/>
  </person>
 </frame>
 <frame number="00000320">
  <person id="0021">
   <leftEye x="266" y="152"/>
   <rightEye x="284" y="153"/>
  </person>
 </frame>
 <frame number="00000321">
  <person id="0021">
   <leftEye x="266" y="156"/>
   <rightEye x="284" y="157"/>
  </person>
 </frame>
 <frame number="00000322">
  <person id="0021">
   <leftEye x="266" y="159"/>
   <rightEye x="284" y="160"/>
  </person>
 </frame>
 <frame number="00000323">
  <person id="0021">
   <leftEye x="265" y="161"/>
   <rightEye x="284" y="162"/>
  </person>
 </frame>
 <frame number="00000324">
  <person id="0021">
   <leftEye x="265" y="162"/>
   <rightEye x="284" y="162"/>
  </person>
 </frame>
 <frame number="00000325">
  <person id="0021">
   <leftEye x="265" y="162"/>
   <rightEye x="284" y="162"/>
  </person>
 </frame>
 <frame number="00000326">
  <person id="0021">
   <leftEye x="264" y="161"/>
   <rightEye x="284" y="162"/>
  </person>
 </frame>
 <frame number="00000327">
  <person id="0021">
   <leftEye x="263" y="160"/>
   <rightEye x="283" y="161"/>
  </person>
 </frame>
 <frame number="00000328">
  <person id="0021">
   <leftEye x="261" y="159"/>
   <rightEye x="281" y="159"/>
  </person>
 </frame>
 <frame number="00000329">
  <person id="0021">
   <leftEye x="259" y="158"/>
   <rightEye x="280" y="158"/>
  </person>
 </frame>
 <frame number="00000330">
  <person id="0021">
   <leftEye x="257" y="156"/>
   <rightEye x="280" y="157"/>
  </person>
 </frame>
 <frame number="00000331">
  <person id="0021">
   <leftEye x="255" y="155"/>
   <rightEye x="278" y="156"/>
  </person>
 </frame>
 <frame number="00000332">
  <person id="0021">
   <leftEye x="252" y="154"/>
   <rightEye x="274" y="155"/>
  </person>
 </frame>
 <frame number="00000333">
  <person id="0021">
   <leftEye x="247" y="157"/>
   <rightEye x="269" y="157"/>
  </person>
 </frame>
 <frame number="00000334">
  <person id="0021">
   <leftEye x="243" y="160"/>
   <rightEye x="265" y="159"/>
  </person>
 </frame>
 <frame number="00000335">
  <person id="0021">
   <leftEye x="240" y="163"/>
   <rightEye x="262" y="162"/>
  </person>
 </frame>
 <frame number="00000336">
  <person id="0021">
   <leftEye x="236" y="168"/>
   <rightEye x="257" y="167"/>
  </person>
 </frame>
 <frame number="00000337">
  <person id="0021">
   <leftEye x="231" y="173"/>
   <rightEye x="253" y="173"/>
  </person>
 </frame>
 <frame number="00000338">
  <person id="0021">
   <leftEye x="226" y="179"/>
   <rightEye x="249" y="179"/>
  </person>
 </frame>
 <frame number="00000339">
  <person id="0021">
   <leftEye x="220" y="184"/>
   <rightEye x="243" y="184"/>
  </person>
 </frame>
 <frame number="00000340">
  <person id="0021">
   <leftEye x="213" y="188"/>
   <rightEye x="237" y="188"/>
  </person>
 </frame>
 <frame number="00000341">
  <person id="0021">
   <leftEye x="207" y="190"/>
   <rightEye x="232" y="190"/>
  </person>
 </frame>
 <frame number="00000342">
  <person id="0021">
   <leftEye x="201" y="192"/>
   <rightEye x="226" y="192"/>
  </person>
 </frame>
 <frame number="00000343">
  <person id="0021">
   <leftEye x="195" y="193"/>
   <rightEye x="220" y="193"/>
  </person>
 </frame>
 <frame number="00000344">
  <person id="0021">
   <leftEye x="189" y="192"/>
   <rightEye x="215" y="192"/>
  </person>
 </frame>
 <frame number="00000345">
  <person id="0021">
   <leftEye x="184" y="191"/>
   <rightEye x="209" y="191"/>
  </person>
 </frame>
 <frame number="00000346">
  <person id="0021">
   <leftEye x="178" y="190"/>
   <rightEye x="204" y="190"/>
  </person>
 </frame>
 <frame number="00000347">
  <person id="0021">
   <leftEye x="173" y="190"/>
   <rightEye x="199" y="190"/>
  </person>
 </frame>
 <frame number="00000348">
  <person id="0021">
   <leftEye x="168" y="191"/>
   <rightEye x="195" y="191"/>
  </person>
 </frame>
 <frame number="00000349">
  <person id="0021">
   <leftEye x="163" y="194"/>
   <rightEye x="191" y="194"/>
  </person>
 </frame>
 <frame number="00000350">
  <person id="0021">
   <leftEye x="158" y="200"/>
   <rightEye x="187" y="200"/>
  </person>
 </frame>
 <frame number="00000351">
  <person id="0021">
   <leftEye x="154" y="207"/>
   <rightEye x="183" y="208"/>
  </person>
 </frame>
 <frame number="00000352">
  <person id="0021">
   <leftEye x="150" y="215"/>
   <rightEye x="179" y="217"/>
  </person>
 </frame>
 <frame number="00000353">
  <person id="0021">
   <leftEye x="145" y="224"/>
   <rightEye x="175" y="226"/>
  </person>
 </frame>
 <frame number="00000354">
  <person id="0021">
   <leftEye x="139" y="233"/>
   <rightEye x="171" y="234"/>
  </person>
 </frame>
 <frame number="00000355">
  <person id="0021">
   <leftEye x="134" y="240"/>
   <rightEye x="168" y="241"/>
  </person>
 </frame>
 <frame number="00000356">
  <person id="0021">
   <leftEye x="130" y="245"/>
   <rightEye x="164" y="246"/>
  </person>
 </frame>
 <frame number="00000357">
  <person id="0021">
   <leftEye x="125" y="247"/>
   <rightEye x="160" y="249"/>
  </person>
 </frame>
 <frame number="00000358">
  <person id="0021">
   <leftEye x="120" y="249"/>
   <rightEye x="155" y="251"/>
  </person>
 </frame>
 <frame number="00000359">
  <person id="0021">
   <leftEye x="112" y="250"/>
   <rightEye x="149" y="252"/>
  </person>
 </frame>
 <frame number="00000360">
  <person id="0021">
   <leftEye x="103" y="251"/>
   <rightEye x="141" y="252"/>
  </person>
 </frame>
 <frame number="00000361">
  <person id="0021">
   <leftEye x="94" y="250"/>
   <rightEye x="132" y="251"/>
  </person>
 </frame>
 <frame number="00000362">
  <person id="0021">
   <leftEye x="82" y="249"/>
   <rightEye x="122" y="250"/>
  </person>
 </frame>
 <frame number="00000363">
  <person id="0021">
   <leftEye x="69" y="250"/>
   <rightEye x="110" y="251"/>
  </person>
 </frame>
 <frame number="00000364">
  <person id="0021">
   <leftEye x="56" y="254"/>
   <rightEye x="97" y="255"/>
  </person>
 </frame>
 <frame number="00000365">
  <person id="0021">
   <leftEye x="42" y="261"/>
   <rightEye x="84" y="262"/>
  </person>
 </frame>
 <frame number="00000366">
  <person id="0021">
   <leftEye x="27" y="272"/>
   <rightEye x="71" y="273"/>
  </person>
 </frame>
 <frame number="00000367">
  <person id="0021">
   <leftEye x="13" y="285"/>
   <rightEye x="59" y="286"/>
  </person>
 </frame>
 <frame number="00000368"/>
 <frame number="00000369"/>
 <frame number="00000370"/>
 <frame number="00000371"/>
 <frame number="00000372"/>
 <frame number="00000373"/>
 <frame number="00000374"/>
 <frame number="00000375"/>
 <frame number="00000376"/>
 <frame number="00000377"/>
 <frame number="00000378"/>
 <frame number="00000379"/>
 <frame number="00000380"/>
 <frame number="00000381"/>
 <frame number="00000382"/>
 <frame number="00000383"/>
 <frame number="00000384"/>
 <frame number="00000385"/>
 <frame number="00000386"/>
 <frame number="00000468"/>
 <frame number="00000469"/>
 <frame number="00000470"/>
 <frame number="00000471"/>
 <frame number="00000472"/>
 <frame number="00000473"/>
 <frame number="00000474"/>
 <frame number="00000475"/>
 <frame number="00000476"/>
 <frame number="00000477"/>
 <frame number="00000478"/>
 <frame number="00000479"/>
 <frame number="00000480"/>
 <frame number="00000481"/>
 <frame number="00000482"/>
 <frame number="00000483"/>
 <frame number="00000484"/>
 <frame number="00000485"/>
 <frame number="00000486"/>
 <frame number="00000487"/>
 <frame number="00000488"/>
 <frame number="00000489"/>
 <frame number="00000490"/>
 <frame number="00000491"/>
 <frame number="00000492"/>
 <frame number="00000493"/>
 <frame number="00000494"/>
 <frame number="00000495"/>
 <frame number="00000496"/>
 <frame number="00000497"/>
 <frame number="00000498"/>
 <frame number="00000499"/>
 <frame number="00000500"/>
 <frame number="00000501"/>
 <frame number="00000502"/>
 <frame number="00000503"/>
 <frame number="00000504"/>
 <frame number="00000505"/>
 <frame number="00000506"/>
 <frame number="00000507"/>
 <frame number="00000508"/>
 <frame number="00000509"/>
 <frame number="00000510"/>
 <frame number="00000511"/>
 <frame number="00000512"/>
 <frame number="00000513"/>
 <frame number="00000514"/>
 <frame number="00000515"/>
 <frame number="00000516"/>
 <frame number="00000517"/>
 <frame number="00000518"/>
 <frame number="00000519"/>
 <frame number="00000520"/>
 <frame number="00000521"/>
 <frame number="00000522"/>
 <frame number="00000523"/>
 <frame number="00000524"/>
 <frame number="00000525"/>
 <frame number="00000526"/>
 <frame number="00000527"/>
 <frame number="00000528"/>
 <frame number="00000529"/>
 <frame number="00000530"/>
 <frame number="00000531"/>
 <frame number="00000532"/>
 <frame number="00000533"/>
 <frame number="00000534"/>
 <frame number="00000535"/>
 <frame number="00000536"/>
 <frame number="00000537"/>
 <frame number="00000538"/>
 <frame number="00000539"/>
 <frame number="00000540"/>
 <frame number="00000541"/>
 <frame number="00000542"/>
 <frame number="00000543"/>
 <frame number="00000544">
  <person id="0003">
   <leftEye x="346" y="143"/>
   <rightEye x="362" y="142"/>
  </person>
 </frame>
 <frame number="00000545">
  <person id="0003">
   <leftEye x="344" y="144"/>
   <rightEye x="360" y="144"/>
  </person>
 </frame>
 <frame number="00000546">
  <person id="0003">
   <leftEye x="342" y="145"/>
   <rightEye x="358" y="145"/>
  </person>
 </frame>
 <frame number="00000547">
  <person id="0003">
   <leftEye x="340" y="146"/>
   <rightEye x="356" y="146"/>
  </person>
 </frame>
 <frame number="00000548">
  <person id="0003">
   <leftEye x="339" y="147"/>
   <rightEye x="354" y="147"/>
  </person>
 </frame>
 <frame number="00000549">
  <person id="0003">
   <leftEye x="336" y="148"/>
   <rightEye x="351" y="148"/>
  </person>
 </frame>
 <frame number="00000550">
  <person id="0003">
   <leftEye x="333" y="148"/>
   <rightEye x="349" y="149"/>
  </person>
 </frame>
 <frame number="00000551">
  <person id="0003">
   <leftEye x="331" y="148"/>
   <rightEye x="347" y="149"/>
  </person>
 </frame>
 <frame number="00000552">
  <person id="0003">
   <leftEye x="329" y="148"/>
   <rightEye x="345" y="149"/>
  </person>
 </frame>
 <frame number="00000553">
  <person id="0003">
   <leftEye x="327" y="148"/>
   <rightEye x="343" y="149"/>
  </person>
 </frame>
 <frame number="00000554">
  <person id="0003">
   <leftEye x="325" y="148"/>
   <rightEye x="341" y="149"/>
  </person>
 </frame>
 <frame number="00000555">
  <person id="0003">
   <leftEye x="324" y="148"/>
   <rightEye x="339" y="149"/>
  </person>
 </frame>
 <frame number="00000556">
  <person id="0003">
   <leftEye x="323" y="148"/>
   <rightEye x="338" y="149"/>
  </person>
 </frame>
 <frame number="00000557">
  <person id="0003">
   <leftEye x="322" y="149"/>
   <rightEye x="337" y="150"/>
  </person>
 </frame>
 <frame number="00000558">
  <person id="0003">
   <leftEye x="320" y="150"/>
   <rightEye x="336" y="151"/>
  </person>
 </frame>
 <frame number="00000559">
  <person id="0003">
   <leftEye x="319" y="151"/>
   <rightEye x="335" y="153"/>
  </person>
 </frame>
 <frame number="00000560">
  <person id="0003">
   <leftEye x="318" y="153"/>
   <rightEye x="334" y="155"/>
  </person>
 </frame>
 <frame number="00000561">
  <person id="0003">
   <leftEye x="317" y="154"/>
   <rightEye x="334" y="156"/>
  </person>
 </frame>
 <frame number="00000562">
  <person id="0003">
   <leftEye x="316" y="155"/>
   <rightEye x="333" y="157"/>
  </person>
 </frame>
 <frame number="00000563">
  <person id="0003">
   <leftEye x="315" y="157"/>
   <rightEye x="333" y="159"/>
  </person>
 </frame>
 <frame number="00000564">
  <person id="0003">
   <leftEye x="315" y="160"/>
   <rightEye x="332" y="161"/>
  </person>
 </frame>
 <frame number="00000565">
  <person id="0003">
   <leftEye x="314" y="162"/>
   <rightEye x="331" y="163"/>
  </person>
 </frame>
 <frame number="00000566">
  <person id="0003">
   <leftEye x="314" y="162"/>
   <rightEye x="330" y="163"/>
  </person>
 </frame>
 <frame number="00000567">
  <person id="0003">
   <leftEye x="314" y="162"/>
   <rightEye x="329" y="163"/>
  </person>
 </frame>
 <frame number="00000568">
  <person id="0003">
   <leftEye x="313" y="162"/>
   <rightEye x="328" y="163"/>
  </person>
 </frame>
 <frame number="00000569">
  <person id="0003">
   <leftEye x="311" y="162"/>
   <rightEye x="328" y="163"/>
  </person>
 </frame>
 <frame number="00000570">
  <person id="0003">
   <leftEye x="309" y="161"/>
   <rightEye x="327" y="162"/>
  </person>
 </frame>
 <frame number="00000571">
  <person id="0003">
   <leftEye x="307" y="160"/>
   <rightEye x="326" y="162"/>
  </person>
 </frame>
 <frame number="00000572">
  <person id="0003">
   <leftEye x="306" y="161"/>
   <rightEye x="324" y="162"/>
  </person>
 </frame>
 <frame number="00000573">
  <person id="0003">
   <leftEye x="304" y="162"/>
   <rightEye x="322" y="163"/>
  </person>
 </frame>
 <frame number="00000574">
  <person id="0003">
   <leftEye x="301" y="164"/>
   <rightEye x="320" y="165"/>
  </person>
 </frame>
 <frame number="00000575">
  <person id="0003">
   <leftEye x="298" y="166"/>
   <rightEye x="317" y="167"/>
  </person>
 </frame>
 <frame number="00000576">
  <person id="0003">
   <leftEye x="295" y="169"/>
   <rightEye x="314" y="169"/>
  </person>
 </frame>
 <frame number="00000577">
  <person id="0003">
   <leftEye x="292" y="172"/>
   <rightEye x="312" y="172"/>
  </person>
 </frame>
 <frame number="00000578">
  <person id="0003">
   <leftEye x="290" y="174"/>
   <rightEye x="310" y="175"/>
  </person>
 </frame>
 <frame number="00000579">
  <person id="0003">
   <leftEye x="287" y="177"/>
   <rightEye x="308" y="178"/>
  </person>
 </frame>
 <frame number="00000580">
  <person id="0003">
   <leftEye x="285" y="179"/>
   <rightEye x="305" y="180"/>
  </person>
 </frame>
 <frame number="00000581">
  <person id="0003">
   <leftEye x="282" y="179"/>
   <rightEye x="303" y="181"/>
  </person>
 </frame>
 <frame number="00000582">
  <person id="0003">
   <leftEye x="279" y="179"/>
   <rightEye x="300" y="181"/>
  </person>
 </frame>
 <frame number="00000583">
  <person id="0003">
   <leftEye x="276" y="178"/>
   <rightEye x="298" y="180"/>
  </person>
 </frame>
 <frame number="00000584">
  <person id="0003">
   <leftEye x="275" y="177"/>
   <rightEye x="297" y="180"/>
  </person>
 </frame>
 <frame number="00000585">
  <person id="0003">
   <leftEye x="273" y="177"/>
   <rightEye x="295" y="180"/>
  </person>
 </frame>
 <frame number="00000586">
  <person id="0003">
   <leftEye x="271" y="178"/>
   <rightEye x="294" y="181"/>
  </person>
 </frame>
 <frame number="00000587">
  <person id="0003">
   <leftEye x="270" y="180"/>
   <rightEye x="293" y="182"/>
  </person>
 </frame>
 <frame number="00000588">
  <person id="0003">
   <leftEye x="270" y="182"/>
   <rightEye x="292" y="184"/>
  </person>
 </frame>
 <frame number="00000589">
  <person id="0003">
   <leftEye x="270" y="184"/>
   <rightEye x="291" y="186"/>
  </person>
 </frame>
 <frame number="00000590">
  <person id="0003">
   <leftEye x="269" y="187"/>
   <rightEye x="290" y="189"/>
  </person>
 </frame>
 <frame number="00000591">
  <person id="0003">
   <leftEye x="268" y="191"/>
   <rightEye x="289" y="193"/>
  </person>
 </frame>
 <frame number="00000592">
  <person id="0003">
   <leftEye x="267" y="195"/>
   <rightEye x="288" y="197"/>
  </person>
 </frame>
 <frame number="00000593">
  <person id="0003">
   <leftEye x="266" y="199"/>
   <rightEye x="288" y="201"/>
  </person>
 </frame>
 <frame number="00000594">
  <person id="0003">
   <leftEye x="265" y="203"/>
   <rightEye x="288" y="204"/>
  </person>
 </frame>
 <frame number="00000595">
  <person id="0003">
   <leftEye x="264" y="206"/>
   <rightEye x="287" y="207"/>
  </person>
 </frame>
 <frame number="00000596">
  <person id="0003">
   <leftEye x="262" y="207"/>
   <rightEye x="286" y="208"/>
  </person>
 </frame>
 <frame number="00000597">
  <person id="0003">
   <leftEye x="261" y="208"/>
   <rightEye x="285" y="209"/>
  </person>
 </frame>
 <frame number="00000598">
  <person id="0003">
   <leftEye x="259" y="207"/>
   <rightEye x="283" y="208"/>
  </person>
 </frame>
 <frame number="00000599">
  <person id="0003">
   <leftEye x="256" y="207"/>
   <rightEye x="280" y="208"/>
  </person>
 </frame>
 <frame number="00000600">
  <person id="0003">
   <leftEye x="252" y="208"/>
   <rightEye x="277" y="209"/>
  </person>
 </frame>
 <frame number="00000601">
  <person id="0003">
   <leftEye x="248" y="209"/>
   <rightEye x="273" y="210"/>
  </person>
 </frame>
 <frame number="00000602">
  <person id="0003">
   <leftEye x="244" y="211"/>
   <rightEye x="269" y="212"/>
  </person>
 </frame>
 <frame number="00000603">
  <person id="0003">
   <leftEye x="239" y="214"/>
   <rightEye x="265" y="215"/>
  </person>
 </frame>
 <frame number="00000604">
  <person id="0003">
   <leftEye x="235" y="218"/>
   <rightEye x="260" y="219"/>
  </person>
 </frame>
 <frame number="00000605">
  <person id="0003">
   <leftEye x="230" y="224"/>
   <rightEye x="255" y="225"/>
  </person>
 </frame>
 <frame number="00000606">
  <person id="0003">
   <leftEye x="225" y="230"/>
   <rightEye x="251" y="231"/>
  </person>
 </frame>
 <frame number="00000607">
  <person id="0003">
   <leftEye x="219" y="236"/>
   <rightEye x="247" y="236"/>
  </person>
 </frame>
 <frame number="00000608">
  <person id="0003">
   <leftEye x="213" y="241"/>
   <rightEye x="243" y="241"/>
  </person>
 </frame>
 <frame number="00000609">
  <person id="0003">
   <leftEye x="207" y="245"/>
   <rightEye x="237" y="246"/>
  </person>
 </frame>
 <frame number="00000610">
  <person id="0003">
   <leftEye x="201" y="248"/>
   <rightEye x="231" y="249"/>
  </person>
 </frame>
 <frame number="00000611">
  <person id="0003">
   <leftEye x="195" y="249"/>
   <rightEye x="225" y="251"/>
  </person>
 </frame>
 <frame number="00000612">
  <person id="0003">
   <leftEye x="188" y="250"/>
   <rightEye x="219" y="251"/>
  </person>
 </frame>
 <frame number="00000613">
  <person id="0003">
   <leftEye x="182" y="251"/>
   <rightEye x="213" y="252"/>
  </person>
 </frame>
 <frame number="00000614">
  <person id="0003">
   <leftEye x="176" y="252"/>
   <rightEye x="208" y="253"/>
  </person>
 </frame>
 <frame number="00000615">
  <person id="0003">
   <leftEye x="171" y="254"/>
   <rightEye x="203" y="255"/>
  </person>
 </frame>
 <frame number="00000616">
  <person id="0003">
   <leftEye x="166" y="257"/>
   <rightEye x="199" y="259"/>
  </person>
 </frame>
 <frame number="00000617">
  <person id="0003">
   <leftEye x="160" y="261"/>
   <rightEye x="194" y="263"/>
  </person>
 </frame>
 <frame number="00000618">
  <person id="0003">
   <leftEye x="153" y="266"/>
   <rightEye x="189" y="270"/>
  </person>
 </frame>
 <frame number="00000619">
  <person id="0003">
   <leftEye x="147" y="273"/>
   <rightEye x="184" y="277"/>
  </person>
 </frame>
 <frame number="00000620">
  <person id="0003">
   <leftEye x="142" y="281"/>
   <rightEye x="179" y="285"/>
  </person>
 </frame>
 <frame number="00000621">
  <person id="0003">
   <leftEye x="136" y="290"/>
   <rightEye x="174" y="295"/>
  </person>
 </frame>
 <frame number="00000622">
  <person id="0003">
   <leftEye x="130" y="301"/>
   <rightEye x="168" y="306"/>
  </person>
 </frame>
 <frame number="00000623">
  <person id="0003">
   <leftEye x="123" y="311"/>
   <rightEye x="162" y="316"/>
  </person>
 </frame>
 <frame number="00000624">
  <person id="0003">
   <leftEye x="116" y="320"/>
   <rightEye x="155" y="325"/>
  </person>
 </frame>
 <frame number="00000625">
  <person id="0003">
   <leftEye x="107" y="328"/>
   <rightEye x="148" y="332"/>
  </person>
 </frame>
 <frame number="00000626">
  <person id="0003">
   <leftEye x="98" y="334"/>
   <rightEye x="140" y="337"/>
  </person>
 </frame>
 <frame number="00000627">
  <person id="0003">
   <leftEye x="89" y="338"/>
   <rightEye x="131" y="341"/>
  </person>
 </frame>
 <frame number="00000628">
  <person id="0003">
   <leftEye x="77" y="342"/>
   <rightEye x="120" y="345"/>
  </person>
 </frame>
 <frame number="00000629">
  <person id="0003">
   <leftEye x="63" y="347"/>
   <rightEye x="108" y="350"/>
  </person>
 </frame>
 <frame number="00000630">
  <person id="0003">
   <leftEye x="48" y="353"/>
   <rightEye x="94" y="357"/>
  </person>
 </frame>
 <frame number="00000631">
  <person id="0003">
   <leftEye x="32" y="362"/>
   <rightEye x="80" y="366"/>
  </person>
 </frame>
 <frame number="00000632">
  <person id="0003">
   <leftEye x="17" y="373"/>
   <rightEye x="65" y="377"/>
  </person>
 </frame>
 <frame number="00000633"/>
 <frame number="00000634"/>
 <frame number="00000635"/>
 <frame number="00000636"/>
 <frame number="00000637"/>
 <frame number="00000638"/>
 <frame number="00000639"/>
 <frame number="00000640"/>
 <frame number="00000641"/>
 <frame number="00000642"/>
 <frame number="00000643"/>
 <frame number="00000644"/>
 <frame number="00000645"/>
 <frame number="00000646"/>
 <frame number="00000647"/>
 <frame number="00000648"/>
 <frame number="00000649"/>
 <frame number="00000706"/>
 <frame number="00000707"/>
 <frame number="00000708"/>
 <frame number="00000709"/>
 <frame number="00000710"/>
 <frame number="00000711"/>
 <frame number="00000712"/>
 <frame number="00000713"/>
 <frame number="00000714"/>
 <frame number="00000715"/>
 <frame number="00000716"/>
 <frame number="00000717"/>
 <frame number="00000718"/>
 <frame number="00000719"/>
 <frame number="00000720"/>
 <frame number="00000721"/>
 <frame number="00000722"/>
 <frame number="00000723"/>
 <frame number="00000724"/>
 <frame number="00000725"/>
 <frame number="00000726"/>
 <frame number="00000727"/>
 <frame number="00000728"/>
 <frame number="00000729"/>
 <frame number="00000730"/>
 <frame number="00000731"/>
 <frame number="00000732"/>
 <frame number="00000733"/>
 <frame number="00000734"/>
 <frame number="00000735"/>
 <frame number="00000736"/>
 <frame number="00000737"/>
 <frame number="00000738"/>
 <frame number="00000739"/>
 <frame number="00000740"/>
 <frame number="00000741"/>
 <frame number="00000742"/>
 <frame number="00000743"/>
 <frame number="00000744"/>
 <frame number="00000745"/>
 <frame number="00000746"/>
 <frame number="00000747"/>
 <frame number="00000748"/>
 <frame number="00000749"/>
 <frame number="00000750"/>
 <frame number="00000751"/>
 <frame number="00000752"/>
 <frame number="00000753"/>
 <frame number="00000754"/>
 <frame number="00000755"/>
 <frame number="00000756"/>
 <frame number="00000757"/>
 <frame number="00000758"/>
 <frame number="00000759"/>
 <frame number="00000760"/>
 <frame number="00000761"/>
 <frame number="00000762"/>
 <frame number="00000763"/>
 <frame number="00000764"/>
 <frame number="00000765"/>
 <frame number="00000766"/>
 <frame number="00000767"/>
 <frame number="00000768"/>
 <frame number="00000769"/>
 <frame number="00000770"/>
 <frame number="00000771"/>
 <frame number="00000772"/>
 <frame number="00000773"/>
 <frame number="00000774"/>
 <frame number="00000775"/>
 <frame number="00000776"/>
 <frame number="00000777"/>
 <frame number="00000778"/>
 <frame number="00000779"/>
 <frame number="00000780"/>
 <frame number="00000781"/>
 <frame number="00000782"/>
 <frame number="00000783"/>
 <frame number="00000784"/>
 <frame number="00000785"/>
 <frame number="00000786"/>
 <frame number="00000787"/>
 <frame number="00000788"/>
 <frame number="00000789"/>
 <frame number="00000790"/>
 <frame number="00000791"/>
 <frame number="00000792">
  <person id="0022">
   <leftEye x="309" y="151"/>
   <rightEye x="325" y="151"/>
  </person>
 </frame>
 <frame number="00000793">
  <person id="0022">
   <leftEye x="307" y="151"/>
   <rightEye x="322" y="151"/>
  </person>
 </frame>
 <frame number="00000794">
  <person id="0022">
   <leftEye x="304" y="150"/>
   <rightEye x="319" y="150"/>
  </person>
 </frame>
 <frame number="00000795">
  <person id="0022">
   <leftEye x="300" y="149"/>
   <rightEye x="315" y="149"/>
  </person>
 </frame>
 <frame number="00000796">
  <person id="0022">
   <leftEye x="298" y="148"/>
   <rightEye x="313" y="148"/>
  </person>
 </frame>
 <frame number="00000797">
  <person id="0022">
   <leftEye x="296" y="147"/>
   <rightEye x="312" y="147"/>
  </person>
 </frame>
 <frame number="00000798">
  <person id="0022">
   <leftEye x="293" y="146"/>
   <rightEye x="310" y="146"/>
  </person>
 </frame>
 <frame number="00000799">
  <person id="0022">
   <leftEye x="291" y="146"/>
   <rightEye x="308" y="146"/>
  </person>
 </frame>
 <frame number="00000800">
  <person id="0022">
   <leftEye x="290" y="146"/>
   <rightEye x="307" y="146"/>
  </person>
 </frame>
 <frame number="00000801">
  <person id="0022">
   <leftEye x="288" y="146"/>
   <rightEye x="306" y="146"/>
  </person>
 </frame>
 <frame number="00000802">
  <person id="0022">
   <leftEye x="287" y="147"/>
   <rightEye x="305" y="148"/>
  </person>
 </frame>
 <frame number="00000803">
  <person id="0022">
   <leftEye x="286" y="150"/>
   <rightEye x="303" y="150"/>
  </person>
 </frame>
 <frame number="00000804">
  <person id="0022">
   <leftEye x="285" y="153"/>
   <rightEye x="301" y="153"/>
  </person>
 </frame>
 <frame number="00000805">
  <person id="0022">
   <leftEye x="284" y="157"/>
   <rightEye x="299" y="156"/>
  </person>
 </frame>
 <frame number="00000806">
  <person id="0022">
   <leftEye x="283" y="160"/>
   <rightEye x="298" y="159"/>
  </person>
 </frame>
 <frame number="00000807">
  <person id="0022">
   <leftEye x="282" y="162"/>
   <rightEye x="297" y="162"/>
  </person>
 </frame>
 <frame number="00000808">
  <person id="0022">
   <leftEye x="280" y="164"/>
   <rightEye x="297" y="164"/>
  </person>
 </frame>
 <frame number="00000809">
  <person id="0022">
   <leftEye x="279" y="165"/>
   <rightEye x="296" y="165"/>
  </person>
 </frame>
 <frame number="00000810">
  <person id="0022">
   <leftEye x="278" y="165"/>
   <rightEye x="296" y="165"/>
  </person>
 </frame>
 <frame number="00000811">
  <person id="0022">
   <leftEye x="276" y="164"/>
   <rightEye x="295" y="164"/>
  </person>
 </frame>
 <frame number="00000812">
  <person id="0022">
   <leftEye x="275" y="163"/>
   <rightEye x="293" y="163"/>
  </person>
 </frame>
 <frame number="00000813">
  <person id="0022">
   <leftEye x="273" y="163"/>
   <rightEye x="291" y="163"/>
  </person>
 </frame>
 <frame number="00000814">
  <person id="0022">
   <leftEye x="271" y="163"/>
   <rightEye x="289" y="163"/>
  </person>
 </frame>
 <frame number="00000815">
  <person id="0022">
   <leftEye x="269" y="164"/>
   <rightEye x="287" y="163"/>
  </person>
 </frame>
 <frame number="00000816">
  <person id="0022">
   <leftEye x="267" y="165"/>
   <rightEye x="286" y="164"/>
  </person>
 </frame>
 <frame number="00000817">
  <person id="0022">
   <leftEye x="266" y="167"/>
   <rightEye x="284" y="167"/>
  </person>
 </frame>
 <frame number="00000818">
  <person id="0022">
   <leftEye x="264" y="170"/>
   <rightEye x="282" y="170"/>
  </person>
 </frame>
 <frame number="00000819">
  <person id="0022">
   <leftEye x="261" y="174"/>
   <rightEye x="280" y="174"/>
  </person>
 </frame>
 <frame number="00000820">
  <person id="0022">
   <leftEye x="259" y="179"/>
   <rightEye x="278" y="179"/>
  </person>
 </frame>
 <frame number="00000821">
  <person id="0022">
   <leftEye x="256" y="183"/>
   <rightEye x="275" y="183"/>
  </person>
 </frame>
 <frame number="00000822">
  <person id="0022">
   <leftEye x="252" y="187"/>
   <rightEye x="272" y="187"/>
  </person>
 </frame>
 <frame number="00000823">
  <person id="0022">
   <leftEye x="249" y="189"/>
   <rightEye x="269" y="189"/>
  </person>
 </frame>
 <frame number="00000824">
  <person id="0022">
   <leftEye x="245" y="191"/>
   <rightEye x="265" y="191"/>
  </person>
 </frame>
 <frame number="00000825">
  <person id="0022">
   <leftEye x="240" y="192"/>
   <rightEye x="261" y="192"/>
  </person>
 </frame>
 <frame number="00000826">
  <person id="0022">
   <leftEye x="236" y="192"/>
   <rightEye x="257" y="191"/>
  </person>
 </frame>
 <frame number="00000827">
  <person id="0022">
   <leftEye x="233" y="191"/>
   <rightEye x="254" y="190"/>
  </person>
 </frame>
 <frame number="00000828">
  <person id="0022">
   <leftEye x="230" y="190"/>
   <rightEye x="251" y="189"/>
  </person>
 </frame>
 <frame number="00000829">
  <person id="0022">
   <leftEye x="226" y="190"/>
   <rightEye x="248" y="189"/>
  </person>
 </frame>
 <frame number="00000830">
  <person id="0022">
   <leftEye x="223" y="190"/>
   <rightEye x="245" y="189"/>
  </person>
 </frame>
 <frame number="00000831">
  <person id="0022">
   <leftEye x="220" y="192"/>
   <rightEye x="242" y="190"/>
  </person>
 </frame>
 <frame number="00000832">
  <person id="0022">
   <leftEye x="218" y="194"/>
   <rightEye x="240" y="192"/>
  </person>
 </frame>
 <frame number="00000833">
  <person id="0022">
   <leftEye x="215" y="197"/>
   <rightEye x="237" y="196"/>
  </person>
 </frame>
 <frame number="00000834">
  <person id="0022">
   <leftEye x="211" y="202"/>
   <rightEye x="234" y="201"/>
  </person>
 </frame>
 <frame number="00000835">
  <person id="0022">
   <leftEye x="207" y="208"/>
   <rightEye x="231" y="207"/>
  </person>
 </frame>
 <frame number="00000836">
  <person id="0022">
   <leftEye x="203" y="215"/>
   <rightEye x="228" y="214"/>
  </person>
 </frame>
 <frame number="00000837">
  <person id="0022">
   <leftEye x="200" y="221"/>
   <rightEye x="225" y="220"/>
  </person>
 </frame>
 <frame number="00000838">
  <person id="0022">
   <leftEye x="197" y="226"/>
   <rightEye x="222" y="226"/>
  </person>
 </frame>
 <frame number="00000839">
  <person id="0022">
   <leftEye x="193" y="230"/>
   <rightEye x="219" y="230"/>
  </person>
 </frame>
 <frame number="00000840">
  <person id="0022">
   <leftEye x="189" y="234"/>
   <rightEye x="216" y="233"/>
  </person>
 </frame>
 <frame number="00000841">
  <person id="0022">
   <leftEye x="185" y="236"/>
   <rightEye x="213" y="235"/>
  </person>
 </frame>
 <frame number="00000842">
  <person id="0022">
   <leftEye x="180" y="237"/>
   <rightEye x="209" y="236"/>
  </person>
 </frame>
 <frame number="00000843">
  <person id="0022">
   <leftEye x="174" y="237"/>
   <rightEye x="204" y="237"/>
  </person>
 </frame>
 <frame number="00000844">
  <person id="0022">
   <leftEye x="169" y="238"/>
   <rightEye x="199" y="238"/>
  </person>
 </frame>
 <frame number="00000845">
  <person id="0022">
   <leftEye x="162" y="239"/>
   <rightEye x="193" y="240"/>
  </person>
 </frame>
 <frame number="00000846">
  <person id="0022">
   <leftEye x="155" y="241"/>
   <rightEye x="187" y="242"/>
  </person>
 </frame>
 <frame number="00000847">
  <person id="0022">
   <leftEye x="148" y="244"/>
   <rightEye x="181" y="245"/>
  </person>
 </frame>
 <frame number="00000848">
  <person id="0022">
   <leftEye x="141" y="249"/>
   <rightEye x="174" y="249"/>
  </person>
 </frame>
 <frame number="00000849">
  <person id="0022">
   <leftEye x="134" y="256"/>
   <rightEye x="167" y="255"/>
  </person>
 </frame>
 <frame number="00000850">
  <person id="0022">
   <leftEye x="126" y="265"/>
   <rightEye x="159" y="264"/>
  </person>
 </frame>
 <frame number="00000851">
  <person id="0022">
   <leftEye x="117" y="277"/>
   <rightEye x="152" y="276"/>
  </person>
 </frame>
 <frame number="00000852">
  <person id="0022">
   <leftEye x="108" y="289"/>
   <rightEye x="144" y="288"/>
  </person>
 </frame>
 <frame number="00000853">
  <person id="0022">
   <leftEye x="97" y="300"/>
   <rightEye x="134" y="299"/>
  </person>
 </frame>
 <frame number="00000854">
  <person id="0022">
   <leftEye x="84" y="309"/>
   <rightEye x="122" y="308"/>
  </person>
 </frame>
 <frame number="00000855">
  <person id="0022">
   <leftEye x="70" y="315"/>
   <rightEye x="109" y="315"/>
  </person>
 </frame>
 <frame number="00000856">
  <person id="0022">
   <leftEye x="56" y="321"/>
   <rightEye x="95" y="321"/>
  </person>
 </frame>
 <frame number="00000857">
  <person id="0022">
   <leftEye x="41" y="325"/>
   <rightEye x="80" y="326"/>
  </person>
 </frame>
 <frame number="00000858">
  <person id="0022">
   <leftEye x="26" y="330"/>
   <rightEye x="66" y="330"/>
  </person>
 </frame>
 <frame number="00000859">
  <person id="0022">
   <leftEye x="11" y="335"/>
   <rightEye x="52" y="334"/>
  </person>
 </frame>
 <frame number="00000860"/>
 <frame number="00000861"/>
 <frame number="00000862"/>
 <frame number="00000863"/>
 <frame number="00000864"/>
 <frame number="00000865"/>
 <frame number="00000866"/>
 <frame number="00000867"/>
 <frame number="00000868"/>
 <frame number="00000869"/>
 <frame number="00000870"/>
 <frame number="00000871"/>
 <frame number="00000872"/>
 <frame number="00000873"/>
 <frame number="00000874"/>
 <frame number="00000875"/>
 <frame number="00000876"/>
 <frame number="00000877"/>
 <frame number="00000878"/>
 <frame number="00000879"/>
 <frame number="00000880"/>
 <frame number="00000881"/>
 <frame number="00000882"/>
 <frame number="00000883"/>
 <frame number="00000884"/>
 <frame number="00000885"/>
 <frame number="00000886"/>
 <frame number="00000887"/>
 <frame number="00000888"/>
 <frame number="00000889"/>
 <frame number="00000890"/>
 <frame number="00000891"/>
 <frame number="00000892"/>
 <frame number="00000893"/>
 <frame number="00000894"/>
 <frame number="00000895"/>
 <frame number="00000896"/>
 <frame number="00000897"/>
 <frame number="00000898"/>
 <frame number="00000899"/>
 <frame number="00000900"/>
 <frame number="00000901"/>
 <frame number="00000902"/>
 <frame number="00000903"/>
 <frame number="00000904"/>
 <frame number="00000905"/>
 <frame number="00000906"/>
 <frame number="00000907"/>
 <frame number="00000908"/>
 <frame number="00000909"/>
 <frame number="00000910"/>
 <frame number="00000911"/>
 <frame number="00000912"/>
 <frame number="00000913"/>
 <frame number="00000914"/>
 <frame number="00000915"/>
 <frame number="00000916"/>
 <frame number="00000917"/>
 <frame number="00000918"/>
 <frame number="00000919"/>
 <frame number="00000920"/>
 <frame number="00000921"/>
 <frame number="00000922"/>
 <frame number="00000923"/>
 <frame number="00000924"/>
 <frame number="00000925"/>
 <frame number="00000926"/>
 <frame number="00000927"/>
 <frame number="00000928"/>
 <frame number="00000929"/>
 <frame number="00000930"/>
 <frame number="00000931"/>
 <frame number="00000932"/>
 <frame number="00000933"/>
 <frame number="00000934"/>
 <frame number="00000935"/>
 <frame number="00000936"/>
 <frame number="00000937"/>
 <frame number="00000938"/>
 <frame number="00000939"/>
 <frame number="00000940"/>
 <frame number="00000941"/>
 <frame number="00000942"/>
 <frame number="00000943"/>
 <frame number="00000944"/>
 <frame number="00000945"/>
 <frame number="00000946"/>
 <frame number="00000947"/>
 <frame number="00000948"/>
 <frame number="00000949"/>
 <frame number="00000950"/>
 <frame number="00000951"/>
 <frame number="00000952"/>
 <frame number="00000953"/>
 <frame number="00000954"/>
 <frame number="00000955"/>
 <frame number="00000956"/>
 <frame number="00000957"/>
 <frame number="00000958"/>
 <frame number="00000959"/>
 <frame number="00000960"/>
 <frame number="00000961"/>
 <frame number="00000962"/>
 <frame number="00000963"/>
 <frame number="00000964"/>
 <frame number="00000965"/>
 <frame number="00000966"/>
 <frame number="00000967"/>
 <frame number="00000968"/>
 <frame number="00000969"/>
 <frame number="00000970"/>
 <frame number="00000971"/>
 <frame number="00000972"/>
 <frame number="00000973"/>
 <frame number="00000974"/>
 <frame number="00000975"/>
 <frame number="00000976"/>
 <frame number="00000977"/>
 <frame number="00000978"/>
 <frame number="00000979"/>
 <frame number="00000980"/>
 <frame number="00000981"/>
 <frame number="00000982"/>
 <frame number="00000983"/>
 <frame number="00000984"/>
 <frame number="00000985"/>
 <frame number="00000986"/>
 <frame number="00000987"/>
 <frame number="00000988"/>
 <frame number="00000989"/>
 <frame number="00000990"/>
 <frame number="00000991"/>
 <frame number="00000992"/>
 <frame number="00000993"/>
 <frame number="00000994"/>
 <frame number="00000995"/>
 <frame number="00000996"/>
 <frame number="00000997"/>
 <frame number="00000998"/>
 <frame number="00000999"/>
 <frame number="00001000"/>
 <frame number="00001001"/>
 <frame number="00001002"/>
 <frame number="00001003"/>
 <frame number="00001004"/>
 <frame number="00001005"/>
 <frame number="00001006"/>
 <frame number="00001007"/>
 <frame number="00001008"/>
 <frame number="00001009"/>
 <frame number="00001010"/>
 <frame number="00001011"/>
 <frame number="00001012"/>
 <frame number="00001013"/>
 <frame number="00001014"/>
 <frame number="00001015"/>
 <frame number="00001016"/>
 <frame number="00001017"/>
 <frame number="00001018"/>
 <frame number="00001019">
  <person id="0015">
   <leftEye x="357" y="121"/>
   <rightEye x="374" y="121"/>
  </person>
 </frame>
 <frame number="00001020">
  <person id="0015">
   <leftEye x="355" y="123"/>
   <rightEye x="371" y="123"/>
  </person>
 </frame>
 <frame number="00001021">
  <person id="0015">
   <leftEye x="354" y="124"/>
   <rightEye x="369" y="125"/>
  </person>
 </frame>
 <frame number="00001022">
  <person id="0015">
   <leftEye x="353" y="126"/>
   <rightEye x="367" y="127"/>
  </person>
 </frame>
 <frame number="00001023">
  <person id="0015">
   <leftEye x="352" y="128"/>
   <rightEye x="366" y="128"/>
  </person>
 </frame>
 <frame number="00001024">
  <person id="0015">
   <leftEye x="351" y="129"/>
   <rightEye x="365" y="129"/>
  </person>
 </frame>
 <frame number="00001025">
  <person id="0015">
   <leftEye x="349" y="130"/>
   <rightEye x="364" y="130"/>
  </person>
 </frame>
 <frame number="00001026">
  <person id="0015">
   <leftEye x="347" y="131"/>
   <rightEye x="362" y="131"/>
  </person>
 </frame>
 <frame number="00001027">
  <person id="0015">
   <leftEye x="346" y="131"/>
   <rightEye x="360" y="131"/>
  </person>
 </frame>
 <frame number="00001028">
  <person id="0015">
   <leftEye x="345" y="131"/>
   <rightEye x="359" y="131"/>
  </person>
 </frame>
 <frame number="00001029">
  <person id="0015">
   <leftEye x="344" y="130"/>
   <rightEye x="358" y="130"/>
  </person>
 </frame>
 <frame number="00001030">
  <person id="0015">
   <leftEye x="342" y="130"/>
   <rightEye x="356" y="129"/>
  </person>
 </frame>
 <frame number="00001031">
  <person id="0015">
   <leftEye x="339" y="129"/>
   <rightEye x="354" y="129"/>
  </person>
 </frame>
 <frame number="00001032">
  <person id="0015">
   <leftEye x="337" y="128"/>
   <rightEye x="353" y="128"/>
  </person>
 </frame>
 <frame number="00001033">
  <person id="0015">
   <leftEye x="334" y="127"/>
   <rightEye x="351" y="127"/>
  </person>
 </frame>
 <frame number="00001034">
  <person id="0015">
   <leftEye x="332" y="128"/>
   <rightEye x="348" y="127"/>
  </person>
 </frame>
 <frame number="00001035">
  <person id="0015">
   <leftEye x="330" y="130"/>
   <rightEye x="346" y="129"/>
  </person>
 </frame>
 <frame number="00001036">
  <person id="0015">
   <leftEye x="327" y="132"/>
   <rightEye x="344" y="131"/>
  </person>
 </frame>
 <frame number="00001037">
  <person id="0015">
   <leftEye x="324" y="134"/>
   <rightEye x="341" y="134"/>
  </person>
 </frame>
 <frame number="00001038">
  <person id="0015">
   <leftEye x="321" y="137"/>
   <rightEye x="338" y="137"/>
  </person>
 </frame>
 <frame number="00001039">
  <person id="0015">
   <leftEye x="318" y="141"/>
   <rightEye x="336" y="140"/>
  </person>
 </frame>
 <frame number="00001040">
  <person id="0015">
   <leftEye x="316" y="144"/>
   <rightEye x="333" y="143"/>
  </person>
 </frame>
 <frame number="00001041">
  <person id="0015">
   <leftEye x="313" y="146"/>
   <rightEye x="330" y="145"/>
  </person>
 </frame>
 <frame number="00001042">
  <person id="0015">
   <leftEye x="309" y="147"/>
   <rightEye x="327" y="146"/>
  </person>
 </frame>
 <frame number="00001043">
  <person id="0015">
   <leftEye x="306" y="147"/>
   <rightEye x="324" y="146"/>
  </person>
 </frame>
 <frame number="00001044">
  <person id="0015">
   <leftEye x="303" y="147"/>
   <rightEye x="321" y="146"/>
  </person>
 </frame>
 <frame number="00001045">
  <person id="0015">
   <leftEye x="300" y="146"/>
   <rightEye x="319" y="145"/>
  </person>
 </frame>
 <frame number="00001046">
  <person id="0015">
   <leftEye x="297" y="144"/>
   <rightEye x="317" y="143"/>
  </person>
 </frame>
 <frame number="00001047">
  <person id="0015">
   <leftEye x="295" y="143"/>
   <rightEye x="315" y="142"/>
  </person>
 </frame>
 <frame number="00001048">
  <person id="0015">
   <leftEye x="293" y="143"/>
   <rightEye x="313" y="141"/>
  </person>
 </frame>
 <frame number="00001049">
  <person id="0015">
   <leftEye x="292" y="143"/>
   <rightEye x="311" y="141"/>
  </person>
 </frame>
 <frame number="00001050">
  <person id="0015">
   <leftEye x="291" y="144"/>
   <rightEye x="310" y="143"/>
  </person>
 </frame>
 <frame number="00001051">
  <person id="0015">
   <leftEye x="289" y="146"/>
   <rightEye x="309" y="145"/>
  </person>
 </frame>
 <frame number="00001052">
  <person id="0015">
   <leftEye x="287" y="149"/>
   <rightEye x="308" y="148"/>
  </person>
 </frame>
 <frame number="00001053">
  <person id="0015">
   <leftEye x="286" y="153"/>
   <rightEye x="307" y="152"/>
  </person>
 </frame>
 <frame number="00001054">
  <person id="0015">
   <leftEye x="285" y="158"/>
   <rightEye x="306" y="156"/>
  </person>
 </frame>
 <frame number="00001055">
  <person id="0015">
   <leftEye x="284" y="162"/>
   <rightEye x="305" y="160"/>
  </person>
 </frame>
 <frame number="00001056">
  <person id="0015">
   <leftEye x="284" y="166"/>
   <rightEye x="305" y="164"/>
  </person>
 </frame>
 <frame number="00001057">
  <person id="0015">
   <leftEye x="283" y="168"/>
   <rightEye x="304" y="167"/>
  </person>
 </frame>
 <frame number="00001058">
  <person id="0015">
   <leftEye x="282" y="169"/>
   <rightEye x="303" y="168"/>
  </person>
 </frame>
 <frame number="00001059">
  <person id="0015">
   <leftEye x="280" y="169"/>
   <rightEye x="302" y="169"/>
  </person>
 </frame>
 <frame number="00001060">
  <person id="0015">
   <leftEye x="279" y="170"/>
   <rightEye x="300" y="169"/>
  </person>
 </frame>
 <frame number="00001061">
  <person id="0015">
   <leftEye x="277" y="170"/>
   <rightEye x="298" y="169"/>
  </person>
 </frame>
 <frame number="00001062">
  <person id="0015">
   <leftEye x="274" y="169"/>
   <rightEye x="296" y="168"/>
  </person>
 </frame>
 <frame number="00001063">
  <person id="0015">
   <leftEye x="270" y="170"/>
   <rightEye x="293" y="168"/>
  </person>
 </frame>
 <frame number="00001064">
  <person id="0015">
   <leftEye x="266" y="171"/>
   <rightEye x="290" y="169"/>
  </person>
 </frame>
 <frame number="00001065">
  <person id="0015">
   <leftEye x="262" y="174"/>
   <rightEye x="285" y="172"/>
  </person>
 </frame>
 <frame number="00001066">
  <person id="0015">
   <leftEye x="258" y="178"/>
   <rightEye x="282" y="176"/>
  </person>
 </frame>
 <frame number="00001067">
  <person id="0015">
   <leftEye x="253" y="183"/>
   <rightEye x="279" y="181"/>
  </person>
 </frame>
 <frame number="00001068">
  <person id="0015">
   <leftEye x="248" y="190"/>
   <rightEye x="275" y="187"/>
  </person>
 </frame>
 <frame number="00001069">
  <person id="0015">
   <leftEye x="243" y="197"/>
   <rightEye x="271" y="194"/>
  </person>
 </frame>
 <frame number="00001070">
  <person id="0015">
   <leftEye x="238" y="204"/>
   <rightEye x="267" y="201"/>
  </person>
 </frame>
 <frame number="00001071">
  <person id="0015">
   <leftEye x="232" y="210"/>
   <rightEye x="262" y="208"/>
  </person>
 </frame>
 <frame number="00001072">
  <person id="0015">
   <leftEye x="226" y="215"/>
   <rightEye x="257" y="213"/>
  </person>
 </frame>
 <frame number="00001073">
  <person id="0015">
   <leftEye x="219" y="218"/>
   <rightEye x="251" y="216"/>
  </person>
 </frame>
 <frame number="00001074">
  <person id="0015">
   <leftEye x="212" y="220"/>
   <rightEye x="245" y="218"/>
  </person>
 </frame>
 <frame number="00001075">
  <person id="0015">
   <leftEye x="205" y="221"/>
   <rightEye x="239" y="219"/>
  </person>
 </frame>
 <frame number="00001076">
  <person id="0015">
   <leftEye x="199" y="220"/>
   <rightEye x="233" y="219"/>
  </person>
 </frame>
 <frame number="00001077">
  <person id="0015">
   <leftEye x="194" y="219"/>
   <rightEye x="228" y="218"/>
  </person>
 </frame>
 <frame number="00001078">
  <person id="0015">
   <leftEye x="189" y="218"/>
   <rightEye x="223" y="217"/>
  </person>
 </frame>
 <frame number="00001079">
  <person id="0015">
   <leftEye x="184" y="218"/>
   <rightEye x="219" y="217"/>
  </person>
 </frame>
 <frame number="00001080">
  <person id="0015">
   <leftEye x="179" y="220"/>
   <rightEye x="215" y="218"/>
  </person>
 </frame>
 <frame number="00001081">
  <person id="0015">
   <leftEye x="174" y="223"/>
   <rightEye x="211" y="221"/>
  </person>
 </frame>
 <frame number="00001082">
  <person id="0015">
   <leftEye x="169" y="229"/>
   <rightEye x="207" y="227"/>
  </person>
 </frame>
 <frame number="00001083">
  <person id="0015">
   <leftEye x="163" y="237"/>
   <rightEye x="203" y="234"/>
  </person>
 </frame>
 <frame number="00001084">
  <person id="0015">
   <leftEye x="157" y="246"/>
   <rightEye x="198" y="244"/>
  </person>
 </frame>
 <frame number="00001085">
  <person id="0015">
   <leftEye x="151" y="257"/>
   <rightEye x="193" y="256"/>
  </person>
 </frame>
 <frame number="00001086">
  <person id="0015">
   <leftEye x="144" y="268"/>
   <rightEye x="188" y="267"/>
  </person>
 </frame>
 <frame number="00001087">
  <person id="0015">
   <leftEye x="138" y="277"/>
   <rightEye x="182" y="276"/>
  </person>
 </frame>
 <frame number="00001088">
  <person id="0015">
   <leftEye x="131" y="283"/>
   <rightEye x="175" y="283"/>
  </person>
 </frame>
 <frame number="00001089">
  <person id="0015">
   <leftEye x="122" y="287"/>
   <rightEye x="167" y="287"/>
  </person>
 </frame>
 <frame number="00001090">
  <person id="0015">
   <leftEye x="112" y="290"/>
   <rightEye x="158" y="290"/>
  </person>
 </frame>
 <frame number="00001091">
  <person id="0015">
   <leftEye x="101" y="293"/>
   <rightEye x="149" y="292"/>
  </person>
 </frame>
 <frame number="00001092">
  <person id="0015">
   <leftEye x="88" y="294"/>
   <rightEye x="138" y="294"/>
  </person>
 </frame>
 <frame number="00001093">
  <person id="0015">
   <leftEye x="71" y="296"/>
   <rightEye x="124" y="296"/>
  </person>
 </frame>
 <frame number="00001094">
  <person id="0015">
   <leftEye x="53" y="300"/>
   <rightEye x="108" y="300"/>
  </person>
 </frame>
 <frame number="00001095">
  <person id="0015">
   <leftEye x="34" y="307"/>
   <rightEye x="91" y="307"/>
  </person>
 </frame>
 <frame number="00001096">
  <person id="0015">
   <leftEye x="16" y="317"/>
   <rightEye x="75" y="315"/>
  </person>
 </frame>
 <frame number="00001097"/>
 <frame number="00001098"/>
 <frame number="00001099"/>
 <frame number="00001100"/>
 <frame number="00001101"/>
 <frame number="00001102"/>
 <frame number="00001103"/>
 <frame number="00001104"/>
 <frame number="00001105"/>
 <frame number="00001106"/>
 <frame number="00001107"/>
 <frame number="00001108"/>
 <frame number="00001109"/>
 <frame number="00001110"/>
</dataset>
