<!DOCTYPE GroundTruth>
<dataset name="P2L_S1_C1">
 <frame number="00000000"/>
 <frame number="00000001"/>
 <frame number="00000002"/>
 <frame number="00000003"/>
 <frame number="00000004"/>
 <frame number="00000005"/>
 <frame number="00000006"/>
 <frame number="00000007"/>
 <frame number="00000008"/>
 <frame number="00000009"/>
 <frame number="00000010"/>
 <frame number="00000011"/>
 <frame number="00000012"/>
 <frame number="00000013"/>
 <frame number="00000014"/>
 <frame number="00000015"/>
 <frame number="00000016"/>
 <frame number="00000017"/>
 <frame number="00000018"/>
 <frame number="00000019"/>
 <frame number="00000020"/>
 <frame number="00000021"/>
 <frame number="00000022"/>
 <frame number="00000023"/>
 <frame number="00000024"/>
 <frame number="00000025"/>
 <frame number="00000026"/>
 <frame number="00000027"/>
 <frame number="00000028"/>
 <frame number="00000029"/>
 <frame number="00000030"/>
 <frame number="00000031"/>
 <frame number="00000032"/>
 <frame number="00000033"/>
 <frame number="00000034"/>
 <frame number="00000035"/>
 <frame number="00000036"/>
 <frame number="00000037"/>
 <frame number="00000038"/>
 <frame number="00000039"/>
 <frame number="00000040"/>
 <frame number="00000041"/>
 <frame number="00000042"/>
 <frame number="00000043"/>
 <frame number="00000044"/>
 <frame number="00000045"/>
 <frame number="00000046"/>
 <frame number="00000047"/>
 <frame number="00000048"/>
 <frame number="00000049"/>
 <frame number="00000050"/>
 <frame number="00000051"/>
 <frame number="00000052"/>
 <frame number="00000053"/>
 <frame number="00000054"/>
 <frame number="00000055"/>
 <frame number="00000056"/>
 <frame number="00000057"/>
 <frame number="00000058"/>
 <frame number="00000059"/>
 <frame number="00000060"/>
 <frame number="00000061"/>
 <frame number="00000062"/>
 <frame number="00000063"/>
 <frame number="00000064"/>
 <frame number="00000065"/>
 <frame number="00000066"/>
 <frame number="00000067"/>
 <frame number="00000068"/>
 <frame number="00000069"/>
 <frame number="00000070"/>
 <frame number="00000071"/>
 <frame number="00000072"/>
 <frame number="00000073"/>
 <frame number="00000074"/>
 <frame number="00000075"/>
 <frame number="00000076"/>
 <frame number="00000077"/>
 <frame number="00000078"/>
 <frame number="00000079"/>
 <frame number="00000080"/>
 <frame number="00000081"/>
 <frame number="00000082"/>
 <frame number="00000083"/>
 <frame number="00000084"/>
 <frame number="00000085"/>
 <frame number="00000086"/>
 <frame number="00000087"/>
 <frame number="00000088"/>
 <frame number="00000089"/>
 <frame number="00000090"/>
 <frame number="00000091"/>
 <frame number="00000092"/>
 <frame number="00000093"/>
 <frame number="00000094"/>
 <frame number="00000095"/>
 <frame number="00000096"/>
 <frame number="00000097"/>
 <frame number="00000098"/>
 <frame number="00000099"/>
 <frame number="00000188"/>
 <frame number="00000189"/>
 <frame number="00000190"/>
 <frame number="00000191"/>
 <frame number="00000192"/>
 <frame number="00000193"/>
 <frame number="00000194"/>
 <frame number="00000195"/>
 <frame number="00000196"/>
 <frame number="00000197"/>
 <frame number="00000198"/>
 <frame number="00000199"/>
 <frame number="00000200"/>
 <frame number="00000201"/>
 <frame number="00000202"/>
 <frame number="00000203"/>
 <frame number="00000204"/>
 <frame number="00000205"/>
 <frame number="00000206"/>
 <frame number="00000207"/>
 <frame number="00000208"/>
 <frame number="00000209"/>
 <frame number="00000210"/>
 <frame number="00000211"/>
 <frame number="00000212"/>
 <frame number="00000213"/>
 <frame number="00000214"/>
 <frame number="00000215"/>
 <frame number="00000216"/>
 <frame number="00000217"/>
 <frame number="00000218"/>
 <frame number="00000219"/>
 <frame number="00000220"/>
 <frame number="00000221"/>
 <frame number="00000222"/>
 <frame number="00000223"/>
 <frame number="00000224"/>
 <frame number="00000225"/>
 <frame number="00000226"/>
 <frame number="00000227"/>
 <frame number="00000228"/>
 <frame number="00000229"/>
 <frame number="00000230"/>
 <frame number="00000231"/>
 <frame number="00000232"/>
 <frame number="00000233"/>
 <frame number="00000234"/>
 <frame number="00000235"/>
 <frame number="00000236"/>
 <frame number="00000237"/>
 <frame number="00000238"/>
 <frame number="00000239"/>
 <frame number="00000240"/>
 <frame number="00000241"/>
 <frame number="00000242"/>
 <frame number="00000243"/>
 <frame number="00000244"/>
 <frame number="00000245"/>
 <frame number="00000246"/>
 <frame number="00000247"/>
 <frame number="00000248"/>
 <frame number="00000249"/>
 <frame number="00000250"/>
 <frame number="00000251"/>
 <frame number="00000252"/>
 <frame number="00000253"/>
 <frame number="00000254"/>
 <frame number="00000255"/>
 <frame number="00000256"/>
 <frame number="00000257"/>
 <frame number="00000258"/>
 <frame number="00000259"/>
 <frame number="00000260"/>
 <frame number="00000261"/>
 <frame number="00000262">
  <person id="0003">
   <leftEye x="454" y="173"/>
   <rightEye x="470" y="174"/>
  </person>
 </frame>
 <frame number="00000263">
  <person id="0003">
   <leftEye x="454" y="173"/>
   <rightEye x="470" y="174"/>
  </person>
 </frame>
 <frame number="00000264">
  <person id="0003">
   <leftEye x="454" y="174"/>
   <rightEye x="470" y="175"/>
  </person>
 </frame>
 <frame number="00000265">
  <person id="0003">
   <leftEye x="454" y="175"/>
   <rightEye x="470" y="176"/>
  </person>
 </frame>
 <frame number="00000266">
  <person id="0003">
   <leftEye x="454" y="177"/>
   <rightEye x="470" y="178"/>
  </person>
 </frame>
 <frame number="00000267">
  <person id="0003">
   <leftEye x="454" y="179"/>
   <rightEye x="470" y="180"/>
  </person>
 </frame>
 <frame number="00000268">
  <person id="0003">
   <leftEye x="455" y="182"/>
   <rightEye x="471" y="183"/>
  </person>
 </frame>
 <frame number="00000269">
  <person id="0003">
   <leftEye x="454" y="185"/>
   <rightEye x="471" y="186"/>
  </person>
 </frame>
 <frame number="00000270">
  <person id="0003">
   <leftEye x="455" y="186"/>
   <rightEye x="473" y="188"/>
  </person>
 </frame>
 <frame number="00000271">
  <person id="0003">
   <leftEye x="455" y="188"/>
   <rightEye x="472" y="189"/>
  </person>
 </frame>
 <frame number="00000272">
  <person id="0003">
   <leftEye x="455" y="188"/>
   <rightEye x="472" y="189"/>
  </person>
 </frame>
 <frame number="00000273">
  <person id="0003">
   <leftEye x="455" y="188"/>
   <rightEye x="474" y="189"/>
  </person>
 </frame>
 <frame number="00000274">
  <person id="0003">
   <leftEye x="454" y="187"/>
   <rightEye x="472" y="188"/>
  </person>
 </frame>
 <frame number="00000275">
  <person id="0003">
   <leftEye x="454" y="187"/>
   <rightEye x="472" y="187"/>
  </person>
 </frame>
 <frame number="00000276">
  <person id="0003">
   <leftEye x="454" y="187"/>
   <rightEye x="472" y="187"/>
  </person>
 </frame>
 <frame number="00000277">
  <person id="0003">
   <leftEye x="454" y="187"/>
   <rightEye x="471" y="187"/>
  </person>
 </frame>
 <frame number="00000278">
  <person id="0003">
   <leftEye x="453" y="187"/>
   <rightEye x="472" y="187"/>
  </person>
 </frame>
 <frame number="00000279">
  <person id="0003">
   <leftEye x="454" y="189"/>
   <rightEye x="472" y="189"/>
  </person>
 </frame>
 <frame number="00000280">
  <person id="0003">
   <leftEye x="453" y="191"/>
   <rightEye x="470" y="191"/>
  </person>
 </frame>
 <frame number="00000281">
  <person id="0003">
   <leftEye x="451" y="193"/>
   <rightEye x="468" y="193"/>
  </person>
 </frame>
 <frame number="00000282">
  <person id="0003">
   <leftEye x="450" y="195"/>
   <rightEye x="467" y="195"/>
  </person>
 </frame>
 <frame number="00000283">
  <person id="0003">
   <leftEye x="449" y="198"/>
   <rightEye x="466" y="198"/>
  </person>
 </frame>
 <frame number="00000284">
  <person id="0003">
   <leftEye x="448" y="201"/>
   <rightEye x="466" y="201"/>
  </person>
 </frame>
 <frame number="00000285">
  <person id="0003">
   <leftEye x="447" y="203"/>
   <rightEye x="466" y="205"/>
  </person>
 </frame>
 <frame number="00000286">
  <person id="0003">
   <leftEye x="446" y="205"/>
   <rightEye x="464" y="206"/>
  </person>
 </frame>
 <frame number="00000287">
  <person id="0003">
   <leftEye x="446" y="205"/>
   <rightEye x="464" y="206"/>
  </person>
 </frame>
 <frame number="00000288">
  <person id="0003">
   <leftEye x="445" y="205"/>
   <rightEye x="463" y="206"/>
  </person>
 </frame>
 <frame number="00000289">
  <person id="0003">
   <leftEye x="444" y="205"/>
   <rightEye x="463" y="207"/>
  </person>
 </frame>
 <frame number="00000290">
  <person id="0003">
   <leftEye x="443" y="204"/>
   <rightEye x="462" y="205"/>
  </person>
 </frame>
 <frame number="00000291">
  <person id="0003">
   <leftEye x="443" y="204"/>
   <rightEye x="462" y="205"/>
  </person>
 </frame>
 <frame number="00000292">
  <person id="0003">
   <leftEye x="443" y="205"/>
   <rightEye x="462" y="206"/>
  </person>
 </frame>
 <frame number="00000293">
  <person id="0003">
   <leftEye x="443" y="206"/>
   <rightEye x="462" y="207"/>
  </person>
 </frame>
 <frame number="00000294">
  <person id="0003">
   <leftEye x="443" y="208"/>
   <rightEye x="463" y="209"/>
  </person>
 </frame>
 <frame number="00000295">
  <person id="0003">
   <leftEye x="443" y="211"/>
   <rightEye x="463" y="212"/>
  </person>
 </frame>
 <frame number="00000296">
  <person id="0003">
   <leftEye x="443" y="214"/>
   <rightEye x="463" y="216"/>
  </person>
 </frame>
 <frame number="00000297">
  <person id="0003">
   <leftEye x="443" y="218"/>
   <rightEye x="463" y="219"/>
  </person>
 </frame>
 <frame number="00000298">
  <person id="0003">
   <leftEye x="443" y="221"/>
   <rightEye x="464" y="223"/>
  </person>
 </frame>
 <frame number="00000299">
  <person id="0003">
   <leftEye x="443" y="225"/>
   <rightEye x="465" y="227"/>
  </person>
 </frame>
 <frame number="00000300">
  <person id="0003">
   <leftEye x="443" y="228"/>
   <rightEye x="465" y="230"/>
  </person>
 </frame>
 <frame number="00000301">
  <person id="0003">
   <leftEye x="443" y="230"/>
   <rightEye x="466" y="232"/>
  </person>
 </frame>
 <frame number="00000302">
  <person id="0003">
   <leftEye x="443" y="231"/>
   <rightEye x="467" y="232"/>
  </person>
 </frame>
 <frame number="00000303">
  <person id="0003">
   <leftEye x="444" y="232"/>
   <rightEye x="469" y="233"/>
  </person>
 </frame>
 <frame number="00000304">
  <person id="0003">
   <leftEye x="445" y="232"/>
   <rightEye x="468" y="233"/>
  </person>
 </frame>
 <frame number="00000305">
  <person id="0003">
   <leftEye x="443" y="232"/>
   <rightEye x="468" y="232"/>
  </person>
 </frame>
 <frame number="00000306">
  <person id="0003">
   <leftEye x="443" y="233"/>
   <rightEye x="468" y="233"/>
  </person>
 </frame>
 <frame number="00000307">
  <person id="0003">
   <leftEye x="443" y="234"/>
   <rightEye x="468" y="235"/>
  </person>
 </frame>
 <frame number="00000308">
  <person id="0003">
   <leftEye x="442" y="236"/>
   <rightEye x="467" y="237"/>
  </person>
 </frame>
 <frame number="00000309">
  <person id="0003">
   <leftEye x="441" y="239"/>
   <rightEye x="467" y="240"/>
  </person>
 </frame>
 <frame number="00000310">
  <person id="0003">
   <leftEye x="440" y="243"/>
   <rightEye x="466" y="244"/>
  </person>
 </frame>
 <frame number="00000311">
  <person id="0003">
   <leftEye x="439" y="248"/>
   <rightEye x="466" y="248"/>
  </person>
 </frame>
 <frame number="00000312">
  <person id="0003">
   <leftEye x="438" y="253"/>
   <rightEye x="465" y="253"/>
  </person>
 </frame>
 <frame number="00000313">
  <person id="0003">
   <leftEye x="436" y="258"/>
   <rightEye x="464" y="258"/>
  </person>
 </frame>
 <frame number="00000314">
  <person id="0003">
   <leftEye x="434" y="263"/>
   <rightEye x="463" y="264"/>
  </person>
 </frame>
 <frame number="00000315">
  <person id="0003">
   <leftEye x="433" y="267"/>
   <rightEye x="462" y="269"/>
  </person>
 </frame>
 <frame number="00000316">
  <person id="0003">
   <leftEye x="431" y="270"/>
   <rightEye x="461" y="272"/>
  </person>
 </frame>
 <frame number="00000317">
  <person id="0003">
   <leftEye x="430" y="272"/>
   <rightEye x="460" y="274"/>
  </person>
 </frame>
 <frame number="00000318">
  <person id="0003">
   <leftEye x="428" y="273"/>
   <rightEye x="459" y="275"/>
  </person>
 </frame>
 <frame number="00000319">
  <person id="0003">
   <leftEye x="427" y="274"/>
   <rightEye x="458" y="275"/>
  </person>
 </frame>
 <frame number="00000320">
  <person id="0003">
   <leftEye x="427" y="275"/>
   <rightEye x="458" y="276"/>
  </person>
 </frame>
 <frame number="00000321">
  <person id="0003">
   <leftEye x="427" y="277"/>
   <rightEye x="459" y="279"/>
  </person>
 </frame>
 <frame number="00000322">
  <person id="0003">
   <leftEye x="427" y="280"/>
   <rightEye x="460" y="282"/>
  </person>
 </frame>
 <frame number="00000323">
  <person id="0003">
   <leftEye x="427" y="284"/>
   <rightEye x="461" y="286"/>
  </person>
 </frame>
 <frame number="00000324">
  <person id="0003">
   <leftEye x="427" y="290"/>
   <rightEye x="462" y="292"/>
  </person>
 </frame>
 <frame number="00000325">
  <person id="0003">
   <leftEye x="427" y="297"/>
   <rightEye x="463" y="299"/>
  </person>
 </frame>
 <frame number="00000326">
  <person id="0003">
   <leftEye x="427" y="305"/>
   <rightEye x="464" y="307"/>
  </person>
 </frame>
 <frame number="00000327">
  <person id="0003">
   <leftEye x="427" y="313"/>
   <rightEye x="465" y="315"/>
  </person>
 </frame>
 <frame number="00000328">
  <person id="0003">
   <leftEye x="427" y="322"/>
   <rightEye x="466" y="324"/>
  </person>
 </frame>
 <frame number="00000329">
  <person id="0003">
   <leftEye x="427" y="331"/>
   <rightEye x="467" y="333"/>
  </person>
 </frame>
 <frame number="00000330">
  <person id="0003">
   <leftEye x="428" y="339"/>
   <rightEye x="469" y="341"/>
  </person>
 </frame>
 <frame number="00000331">
  <person id="0003">
   <leftEye x="429" y="346"/>
   <rightEye x="471" y="347"/>
  </person>
 </frame>
 <frame number="00000332">
  <person id="0003">
   <leftEye x="430" y="350"/>
   <rightEye x="473" y="351"/>
  </person>
 </frame>
 <frame number="00000333">
  <person id="0003">
   <leftEye x="431" y="354"/>
   <rightEye x="475" y="355"/>
  </person>
 </frame>
 <frame number="00000334">
  <person id="0003">
   <leftEye x="431" y="357"/>
   <rightEye x="477" y="358"/>
  </person>
 </frame>
 <frame number="00000335">
  <person id="0003">
   <leftEye x="430" y="361"/>
   <rightEye x="479" y="363"/>
  </person>
 </frame>
 <frame number="00000336">
  <person id="0003">
   <leftEye x="429" y="367"/>
   <rightEye x="479" y="369"/>
  </person>
 </frame>
 <frame number="00000337">
  <person id="0003">
   <leftEye x="428" y="375"/>
   <rightEye x="480" y="377"/>
  </person>
 </frame>
 <frame number="00000338">
  <person id="0003">
   <leftEye x="426" y="386"/>
   <rightEye x="480" y="388"/>
  </person>
 </frame>
 <frame number="00000339">
  <person id="0003">
   <leftEye x="423" y="399"/>
   <rightEye x="480" y="401"/>
  </person>
 </frame>
 <frame number="00000340">
  <person id="0003">
   <leftEye x="420" y="414"/>
   <rightEye x="480" y="416"/>
  </person>
 </frame>
 <frame number="00000341">
  <person id="0003">
   <leftEye x="417" y="432"/>
   <rightEye x="479" y="433"/>
  </person>
 </frame>
 <frame number="00000342">
  <person id="0003">
   <leftEye x="414" y="452"/>
   <rightEye x="478" y="453"/>
  </person>
 </frame>
 <frame number="00000343">
  <person id="0003">
   <leftEye x="410" y="474"/>
   <rightEye x="477" y="475"/>
  </person>
 </frame>
 <frame number="00000344">
  <person id="0003">
   <leftEye x="406" y="496"/>
   <rightEye x="475" y="499"/>
  </person>
 </frame>
 <frame number="00000345"/>
 <frame number="00000346"/>
 <frame number="00000347"/>
 <frame number="00000348"/>
 <frame number="00000349"/>
 <frame number="00000350"/>
 <frame number="00000351"/>
 <frame number="00000352"/>
 <frame number="00000353"/>
 <frame number="00000354"/>
 <frame number="00000355"/>
 <frame number="00000356"/>
 <frame number="00000357"/>
 <frame number="00000358"/>
 <frame number="00000419"/>
 <frame number="00000420"/>
 <frame number="00000421"/>
 <frame number="00000422"/>
 <frame number="00000423"/>
 <frame number="00000424"/>
 <frame number="00000425"/>
 <frame number="00000426"/>
 <frame number="00000427"/>
 <frame number="00000428"/>
 <frame number="00000429"/>
 <frame number="00000430"/>
 <frame number="00000431"/>
 <frame number="00000432"/>
 <frame number="00000433"/>
 <frame number="00000434"/>
 <frame number="00000435"/>
 <frame number="00000436"/>
 <frame number="00000437"/>
 <frame number="00000438"/>
 <frame number="00000439"/>
 <frame number="00000440"/>
 <frame number="00000441"/>
 <frame number="00000442"/>
 <frame number="00000443"/>
 <frame number="00000444"/>
 <frame number="00000445"/>
 <frame number="00000446"/>
 <frame number="00000447"/>
 <frame number="00000448"/>
 <frame number="00000449"/>
 <frame number="00000450"/>
 <frame number="00000451"/>
 <frame number="00000452"/>
 <frame number="00000453"/>
 <frame number="00000454"/>
 <frame number="00000455"/>
 <frame number="00000456"/>
 <frame number="00000457"/>
 <frame number="00000458"/>
 <frame number="00000459"/>
 <frame number="00000460"/>
 <frame number="00000461"/>
 <frame number="00000462"/>
 <frame number="00000463"/>
 <frame number="00000464"/>
 <frame number="00000465"/>
 <frame number="00000466"/>
 <frame number="00000467"/>
 <frame number="00000468"/>
 <frame number="00000469"/>
 <frame number="00000470"/>
 <frame number="00000471"/>
 <frame number="00000472"/>
 <frame number="00000473"/>
 <frame number="00000474"/>
 <frame number="00000475"/>
 <frame number="00000476"/>
 <frame number="00000477"/>
 <frame number="00000478"/>
 <frame number="00000479"/>
 <frame number="00000480"/>
 <frame number="00000481"/>
 <frame number="00000482"/>
 <frame number="00000483"/>
 <frame number="00000484"/>
 <frame number="00000485"/>
 <frame number="00000486"/>
 <frame number="00000487"/>
 <frame number="00000488"/>
 <frame number="00000489"/>
 <frame number="00000490">
  <person id="0015">
   <leftEye x="451" y="163"/>
   <rightEye x="467" y="163"/>
  </person>
 </frame>
 <frame number="00000491">
  <person id="0015">
   <leftEye x="450" y="164"/>
   <rightEye x="465" y="164"/>
  </person>
 </frame>
 <frame number="00000492">
  <person id="0015">
   <leftEye x="449" y="165"/>
   <rightEye x="464" y="165"/>
  </person>
 </frame>
 <frame number="00000493">
  <person id="0015">
   <leftEye x="448" y="165"/>
   <rightEye x="464" y="165"/>
  </person>
 </frame>
 <frame number="00000494">
  <person id="0015">
   <leftEye x="447" y="165"/>
   <rightEye x="463" y="165"/>
  </person>
 </frame>
 <frame number="00000495">
  <person id="0015">
   <leftEye x="447" y="164"/>
   <rightEye x="463" y="164"/>
  </person>
 </frame>
 <frame number="00000496">
  <person id="0015">
   <leftEye x="447" y="163"/>
   <rightEye x="463" y="163"/>
  </person>
 </frame>
 <frame number="00000497">
  <person id="0015">
   <leftEye x="447" y="162"/>
   <rightEye x="464" y="162"/>
  </person>
 </frame>
 <frame number="00000498">
  <person id="0015">
   <leftEye x="447" y="161"/>
   <rightEye x="465" y="161"/>
  </person>
 </frame>
 <frame number="00000499">
  <person id="0015">
   <leftEye x="448" y="161"/>
   <rightEye x="466" y="161"/>
  </person>
 </frame>
 <frame number="00000500">
  <person id="0015">
   <leftEye x="449" y="161"/>
   <rightEye x="466" y="161"/>
  </person>
 </frame>
 <frame number="00000501">
  <person id="0015">
   <leftEye x="450" y="162"/>
   <rightEye x="467" y="162"/>
  </person>
 </frame>
 <frame number="00000502">
  <person id="0015">
   <leftEye x="451" y="164"/>
   <rightEye x="468" y="164"/>
  </person>
 </frame>
 <frame number="00000503">
  <person id="0015">
   <leftEye x="451" y="167"/>
   <rightEye x="469" y="167"/>
  </person>
 </frame>
 <frame number="00000504">
  <person id="0015">
   <leftEye x="452" y="170"/>
   <rightEye x="470" y="170"/>
  </person>
 </frame>
 <frame number="00000505">
  <person id="0015">
   <leftEye x="453" y="174"/>
   <rightEye x="471" y="174"/>
  </person>
 </frame>
 <frame number="00000506">
  <person id="0015">
   <leftEye x="454" y="177"/>
   <rightEye x="472" y="177"/>
  </person>
 </frame>
 <frame number="00000507">
  <person id="0015">
   <leftEye x="455" y="180"/>
   <rightEye x="474" y="180"/>
  </person>
 </frame>
 <frame number="00000508">
  <person id="0015">
   <leftEye x="456" y="181"/>
   <rightEye x="475" y="181"/>
  </person>
 </frame>
 <frame number="00000509">
  <person id="0015">
   <leftEye x="457" y="182"/>
   <rightEye x="476" y="182"/>
  </person>
 </frame>
 <frame number="00000510">
  <person id="0015">
   <leftEye x="458" y="182"/>
   <rightEye x="477" y="182"/>
  </person>
 </frame>
 <frame number="00000511">
  <person id="0015">
   <leftEye x="458" y="182"/>
   <rightEye x="478" y="182"/>
  </person>
 </frame>
 <frame number="00000512">
  <person id="0015">
   <leftEye x="458" y="181"/>
   <rightEye x="478" y="181"/>
  </person>
 </frame>
 <frame number="00000513">
  <person id="0015">
   <leftEye x="458" y="180"/>
   <rightEye x="478" y="180"/>
  </person>
 </frame>
 <frame number="00000514">
  <person id="0015">
   <leftEye x="458" y="180"/>
   <rightEye x="478" y="180"/>
  </person>
 </frame>
 <frame number="00000515">
  <person id="0015">
   <leftEye x="457" y="180"/>
   <rightEye x="477" y="180"/>
  </person>
 </frame>
 <frame number="00000516">
  <person id="0015">
   <leftEye x="455" y="180"/>
   <rightEye x="476" y="180"/>
  </person>
 </frame>
 <frame number="00000517">
  <person id="0015">
   <leftEye x="454" y="182"/>
   <rightEye x="475" y="182"/>
  </person>
 </frame>
 <frame number="00000518">
  <person id="0015">
   <leftEye x="453" y="184"/>
   <rightEye x="474" y="184"/>
  </person>
 </frame>
 <frame number="00000519">
  <person id="0015">
   <leftEye x="451" y="187"/>
   <rightEye x="473" y="187"/>
  </person>
 </frame>
 <frame number="00000520">
  <person id="0015">
   <leftEye x="449" y="191"/>
   <rightEye x="473" y="191"/>
  </person>
 </frame>
 <frame number="00000521">
  <person id="0015">
   <leftEye x="447" y="196"/>
   <rightEye x="472" y="196"/>
  </person>
 </frame>
 <frame number="00000522">
  <person id="0015">
   <leftEye x="446" y="200"/>
   <rightEye x="470" y="200"/>
  </person>
 </frame>
 <frame number="00000523">
  <person id="0015">
   <leftEye x="444" y="203"/>
   <rightEye x="468" y="203"/>
  </person>
 </frame>
 <frame number="00000524">
  <person id="0015">
   <leftEye x="442" y="205"/>
   <rightEye x="466" y="205"/>
  </person>
 </frame>
 <frame number="00000525">
  <person id="0015">
   <leftEye x="441" y="205"/>
   <rightEye x="465" y="205"/>
  </person>
 </frame>
 <frame number="00000526">
  <person id="0015">
   <leftEye x="440" y="205"/>
   <rightEye x="465" y="205"/>
  </person>
 </frame>
 <frame number="00000527">
  <person id="0015">
   <leftEye x="438" y="204"/>
   <rightEye x="464" y="204"/>
  </person>
 </frame>
 <frame number="00000528">
  <person id="0015">
   <leftEye x="437" y="204"/>
   <rightEye x="464" y="204"/>
  </person>
 </frame>
 <frame number="00000529">
  <person id="0015">
   <leftEye x="437" y="204"/>
   <rightEye x="464" y="204"/>
  </person>
 </frame>
 <frame number="00000530">
  <person id="0015">
   <leftEye x="436" y="204"/>
   <rightEye x="464" y="204"/>
  </person>
 </frame>
 <frame number="00000531">
  <person id="0015">
   <leftEye x="436" y="205"/>
   <rightEye x="464" y="205"/>
  </person>
 </frame>
 <frame number="00000532">
  <person id="0015">
   <leftEye x="436" y="208"/>
   <rightEye x="465" y="208"/>
  </person>
 </frame>
 <frame number="00000533">
  <person id="0015">
   <leftEye x="436" y="212"/>
   <rightEye x="466" y="212"/>
  </person>
 </frame>
 <frame number="00000534">
  <person id="0015">
   <leftEye x="436" y="217"/>
   <rightEye x="467" y="217"/>
  </person>
 </frame>
 <frame number="00000535">
  <person id="0015">
   <leftEye x="436" y="223"/>
   <rightEye x="468" y="223"/>
  </person>
 </frame>
 <frame number="00000536">
  <person id="0015">
   <leftEye x="436" y="230"/>
   <rightEye x="470" y="230"/>
  </person>
 </frame>
 <frame number="00000537">
  <person id="0015">
   <leftEye x="437" y="237"/>
   <rightEye x="472" y="237"/>
  </person>
 </frame>
 <frame number="00000538">
  <person id="0015">
   <leftEye x="438" y="243"/>
   <rightEye x="473" y="243"/>
  </person>
 </frame>
 <frame number="00000539">
  <person id="0015">
   <leftEye x="439" y="248"/>
   <rightEye x="473" y="248"/>
  </person>
 </frame>
 <frame number="00000540">
  <person id="0015">
   <leftEye x="439" y="251"/>
   <rightEye x="473" y="251"/>
  </person>
 </frame>
 <frame number="00000541">
  <person id="0015">
   <leftEye x="439" y="252"/>
   <rightEye x="473" y="252"/>
  </person>
 </frame>
 <frame number="00000542">
  <person id="0015">
   <leftEye x="439" y="253"/>
   <rightEye x="474" y="253"/>
  </person>
 </frame>
 <frame number="00000543">
  <person id="0015">
   <leftEye x="437" y="254"/>
   <rightEye x="474" y="253"/>
  </person>
 </frame>
 <frame number="00000544">
  <person id="0015">
   <leftEye x="435" y="254"/>
   <rightEye x="473" y="253"/>
  </person>
 </frame>
 <frame number="00000545">
  <person id="0015">
   <leftEye x="433" y="253"/>
   <rightEye x="472" y="253"/>
  </person>
 </frame>
 <frame number="00000546">
  <person id="0015">
   <leftEye x="430" y="254"/>
   <rightEye x="471" y="254"/>
  </person>
 </frame>
 <frame number="00000547">
  <person id="0015">
   <leftEye x="427" y="257"/>
   <rightEye x="469" y="256"/>
  </person>
 </frame>
 <frame number="00000548">
  <person id="0015">
   <leftEye x="423" y="261"/>
   <rightEye x="466" y="260"/>
  </person>
 </frame>
 <frame number="00000549">
  <person id="0015">
   <leftEye x="420" y="267"/>
   <rightEye x="464" y="266"/>
  </person>
 </frame>
 <frame number="00000550">
  <person id="0015">
   <leftEye x="416" y="276"/>
   <rightEye x="462" y="275"/>
  </person>
 </frame>
 <frame number="00000551">
  <person id="0015">
   <leftEye x="412" y="288"/>
   <rightEye x="460" y="287"/>
  </person>
 </frame>
 <frame number="00000552">
  <person id="0015">
   <leftEye x="407" y="302"/>
   <rightEye x="458" y="301"/>
  </person>
 </frame>
 <frame number="00000553">
  <person id="0015">
   <leftEye x="402" y="318"/>
   <rightEye x="455" y="316"/>
  </person>
 </frame>
 <frame number="00000554">
  <person id="0015">
   <leftEye x="397" y="334"/>
   <rightEye x="452" y="332"/>
  </person>
 </frame>
 <frame number="00000555">
  <person id="0015">
   <leftEye x="392" y="350"/>
   <rightEye x="450" y="347"/>
  </person>
 </frame>
 <frame number="00000556">
  <person id="0015">
   <leftEye x="387" y="364"/>
   <rightEye x="448" y="361"/>
  </person>
 </frame>
 <frame number="00000557">
  <person id="0015">
   <leftEye x="383" y="377"/>
   <rightEye x="446" y="373"/>
  </person>
 </frame>
 <frame number="00000558">
  <person id="0015">
   <leftEye x="379" y="389"/>
   <rightEye x="445" y="384"/>
  </person>
 </frame>
 <frame number="00000559">
  <person id="0015">
   <leftEye x="375" y="401"/>
   <rightEye x="446" y="396"/>
  </person>
 </frame>
 <frame number="00000560">
  <person id="0015">
   <leftEye x="372" y="415"/>
   <rightEye x="447" y="409"/>
  </person>
 </frame>
 <frame number="00000561">
  <person id="0015">
   <leftEye x="369" y="431"/>
   <rightEye x="448" y="425"/>
  </person>
 </frame>
 <frame number="00000562">
  <person id="0015">
   <leftEye x="366" y="450"/>
   <rightEye x="451" y="444"/>
  </person>
 </frame>
 <frame number="00000563">
  <person id="0015">
   <leftEye x="364" y="472"/>
   <rightEye x="457" y="466"/>
  </person>
 </frame>
 <frame number="00000564"/>
 <frame number="00000565"/>
 <frame number="00000566"/>
 <frame number="00000567"/>
 <frame number="00000568"/>
 <frame number="00000569"/>
 <frame number="00000570"/>
 <frame number="00000571"/>
 <frame number="00000572"/>
 <frame number="00000644"/>
 <frame number="00000645"/>
 <frame number="00000646"/>
 <frame number="00000647"/>
 <frame number="00000648"/>
 <frame number="00000649"/>
 <frame number="00000650"/>
 <frame number="00000651"/>
 <frame number="00000652"/>
 <frame number="00000653"/>
 <frame number="00000654"/>
 <frame number="00000655"/>
 <frame number="00000656"/>
 <frame number="00000657"/>
 <frame number="00000658"/>
 <frame number="00000659"/>
 <frame number="00000660"/>
 <frame number="00000661"/>
 <frame number="00000662"/>
 <frame number="00000663"/>
 <frame number="00000664"/>
 <frame number="00000665"/>
 <frame number="00000666"/>
 <frame number="00000667"/>
 <frame number="00000668"/>
 <frame number="00000669"/>
 <frame number="00000670"/>
 <frame number="00000671"/>
 <frame number="00000672"/>
 <frame number="00000673"/>
 <frame number="00000674"/>
 <frame number="00000675"/>
 <frame number="00000676"/>
 <frame number="00000677"/>
 <frame number="00000678"/>
 <frame number="00000679"/>
 <frame number="00000680"/>
 <frame number="00000681"/>
 <frame number="00000682"/>
 <frame number="00000683"/>
 <frame number="00000684"/>
 <frame number="00000685"/>
 <frame number="00000686"/>
 <frame number="00000687"/>
 <frame number="00000688"/>
 <frame number="00000689"/>
 <frame number="00000690"/>
 <frame number="00000691"/>
 <frame number="00000692"/>
 <frame number="00000693"/>
 <frame number="00000694"/>
 <frame number="00000695"/>
 <frame number="00000696"/>
 <frame number="00000697"/>
 <frame number="00000698"/>
 <frame number="00000699"/>
 <frame number="00000700"/>
 <frame number="00000701"/>
 <frame number="00000702"/>
 <frame number="00000703"/>
 <frame number="00000704"/>
 <frame number="00000705"/>
 <frame number="00000706"/>
 <frame number="00000707">
  <person id="0021">
   <leftEye x="437" y="153"/>
   <rightEye x="453" y="154"/>
  </person>
 </frame>
 <frame number="00000708">
  <person id="0021">
   <leftEye x="436" y="155"/>
   <rightEye x="451" y="155"/>
  </person>
 </frame>
 <frame number="00000709">
  <person id="0021">
   <leftEye x="435" y="156"/>
   <rightEye x="450" y="156"/>
  </person>
 </frame>
 <frame number="00000710">
  <person id="0021">
   <leftEye x="434" y="159"/>
   <rightEye x="449" y="159"/>
  </person>
 </frame>
 <frame number="00000711">
  <person id="0021">
   <leftEye x="433" y="162"/>
   <rightEye x="448" y="162"/>
  </person>
 </frame>
 <frame number="00000712">
  <person id="0021">
   <leftEye x="429" y="167"/>
   <rightEye x="444" y="167"/>
  </person>
 </frame>
 <frame number="00000713">
  <person id="0021">
   <leftEye x="429" y="167"/>
   <rightEye x="444" y="167"/>
  </person>
 </frame>
 <frame number="00000714">
  <person id="0021">
   <leftEye x="426" y="168"/>
   <rightEye x="442" y="168"/>
  </person>
 </frame>
 <frame number="00000715">
  <person id="0021">
   <leftEye x="424" y="168"/>
   <rightEye x="440" y="168"/>
  </person>
 </frame>
 <frame number="00000716">
  <person id="0021">
   <leftEye x="422" y="168"/>
   <rightEye x="438" y="168"/>
  </person>
 </frame>
 <frame number="00000717">
  <person id="0021">
   <leftEye x="421" y="167"/>
   <rightEye x="437" y="167"/>
  </person>
 </frame>
 <frame number="00000718">
  <person id="0021">
   <leftEye x="420" y="166"/>
   <rightEye x="436" y="166"/>
  </person>
 </frame>
 <frame number="00000719">
  <person id="0021">
   <leftEye x="419" y="165"/>
   <rightEye x="435" y="165"/>
  </person>
 </frame>
 <frame number="00000720">
  <person id="0021">
   <leftEye x="419" y="164"/>
   <rightEye x="435" y="164"/>
  </person>
 </frame>
 <frame number="00000721">
  <person id="0021">
   <leftEye x="419" y="164"/>
   <rightEye x="435" y="164"/>
  </person>
 </frame>
 <frame number="00000722">
  <person id="0021">
   <leftEye x="419" y="164"/>
   <rightEye x="435" y="164"/>
  </person>
 </frame>
 <frame number="00000723">
  <person id="0021">
   <leftEye x="419" y="165"/>
   <rightEye x="435" y="165"/>
  </person>
 </frame>
 <frame number="00000724">
  <person id="0021">
   <leftEye x="419" y="167"/>
   <rightEye x="436" y="167"/>
  </person>
 </frame>
 <frame number="00000725">
  <person id="0021">
   <leftEye x="419" y="170"/>
   <rightEye x="436" y="170"/>
  </person>
 </frame>
 <frame number="00000726">
  <person id="0021">
   <leftEye x="419" y="174"/>
   <rightEye x="437" y="174"/>
  </person>
 </frame>
 <frame number="00000727">
  <person id="0021">
   <leftEye x="420" y="177"/>
   <rightEye x="438" y="177"/>
  </person>
 </frame>
 <frame number="00000728">
  <person id="0021">
   <leftEye x="420" y="180"/>
   <rightEye x="439" y="180"/>
  </person>
 </frame>
 <frame number="00000729">
  <person id="0021">
   <leftEye x="421" y="183"/>
   <rightEye x="440" y="183"/>
  </person>
 </frame>
 <frame number="00000730">
  <person id="0021">
   <leftEye x="423" y="185"/>
   <rightEye x="442" y="185"/>
  </person>
 </frame>
 <frame number="00000731">
  <person id="0021">
   <leftEye x="425" y="185"/>
   <rightEye x="444" y="185"/>
  </person>
 </frame>
 <frame number="00000732">
  <person id="0021">
   <leftEye x="426" y="185"/>
   <rightEye x="446" y="185"/>
  </person>
 </frame>
 <frame number="00000733">
  <person id="0021">
   <leftEye x="427" y="185"/>
   <rightEye x="447" y="185"/>
  </person>
 </frame>
 <frame number="00000734">
  <person id="0021">
   <leftEye x="427" y="184"/>
   <rightEye x="448" y="184"/>
  </person>
 </frame>
 <frame number="00000735">
  <person id="0021">
   <leftEye x="427" y="182"/>
   <rightEye x="448" y="183"/>
  </person>
 </frame>
 <frame number="00000736">
  <person id="0021">
   <leftEye x="427" y="181"/>
   <rightEye x="448" y="182"/>
  </person>
 </frame>
 <frame number="00000737">
  <person id="0021">
   <leftEye x="427" y="180"/>
   <rightEye x="447" y="181"/>
  </person>
 </frame>
 <frame number="00000738">
  <person id="0021">
   <leftEye x="426" y="180"/>
   <rightEye x="446" y="181"/>
  </person>
 </frame>
 <frame number="00000739">
  <person id="0021">
   <leftEye x="425" y="181"/>
   <rightEye x="445" y="182"/>
  </person>
 </frame>
 <frame number="00000740">
  <person id="0021">
   <leftEye x="424" y="183"/>
   <rightEye x="445" y="184"/>
  </person>
 </frame>
 <frame number="00000741">
  <person id="0021">
   <leftEye x="423" y="187"/>
   <rightEye x="444" y="188"/>
  </person>
 </frame>
 <frame number="00000742">
  <person id="0021">
   <leftEye x="421" y="192"/>
   <rightEye x="443" y="192"/>
  </person>
 </frame>
 <frame number="00000743">
  <person id="0021">
   <leftEye x="420" y="197"/>
   <rightEye x="442" y="197"/>
  </person>
 </frame>
 <frame number="00000744">
  <person id="0021">
   <leftEye x="418" y="202"/>
   <rightEye x="441" y="202"/>
  </person>
 </frame>
 <frame number="00000745">
  <person id="0021">
   <leftEye x="416" y="206"/>
   <rightEye x="440" y="206"/>
  </person>
 </frame>
 <frame number="00000746">
  <person id="0021">
   <leftEye x="414" y="209"/>
   <rightEye x="438" y="209"/>
  </person>
 </frame>
 <frame number="00000747">
  <person id="0021">
   <leftEye x="412" y="210"/>
   <rightEye x="437" y="210"/>
  </person>
 </frame>
 <frame number="00000748">
  <person id="0021">
   <leftEye x="410" y="210"/>
   <rightEye x="435" y="210"/>
  </person>
 </frame>
 <frame number="00000749">
  <person id="0021">
   <leftEye x="408" y="210"/>
   <rightEye x="433" y="210"/>
  </person>
 </frame>
 <frame number="00000750">
  <person id="0021">
   <leftEye x="407" y="209"/>
   <rightEye x="432" y="209"/>
  </person>
 </frame>
 <frame number="00000751">
  <person id="0021">
   <leftEye x="407" y="208"/>
   <rightEye x="432" y="208"/>
  </person>
 </frame>
 <frame number="00000752">
  <person id="0021">
   <leftEye x="407" y="208"/>
   <rightEye x="433" y="208"/>
  </person>
 </frame>
 <frame number="00000753">
  <person id="0021">
   <leftEye x="407" y="208"/>
   <rightEye x="434" y="208"/>
  </person>
 </frame>
 <frame number="00000754">
  <person id="0021">
   <leftEye x="408" y="209"/>
   <rightEye x="435" y="209"/>
  </person>
 </frame>
 <frame number="00000755">
  <person id="0021">
   <leftEye x="409" y="212"/>
   <rightEye x="436" y="212"/>
  </person>
 </frame>
 <frame number="00000756">
  <person id="0021">
   <leftEye x="410" y="216"/>
   <rightEye x="438" y="216"/>
  </person>
 </frame>
 <frame number="00000757">
  <person id="0021">
   <leftEye x="411" y="222"/>
   <rightEye x="440" y="222"/>
  </person>
 </frame>
 <frame number="00000758">
  <person id="0021">
   <leftEye x="412" y="229"/>
   <rightEye x="441" y="229"/>
  </person>
 </frame>
 <frame number="00000759">
  <person id="0021">
   <leftEye x="413" y="236"/>
   <rightEye x="443" y="237"/>
  </person>
 </frame>
 <frame number="00000760">
  <person id="0021">
   <leftEye x="415" y="242"/>
   <rightEye x="446" y="244"/>
  </person>
 </frame>
 <frame number="00000761">
  <person id="0021">
   <leftEye x="418" y="247"/>
   <rightEye x="449" y="249"/>
  </person>
 </frame>
 <frame number="00000762">
  <person id="0021">
   <leftEye x="421" y="251"/>
   <rightEye x="453" y="253"/>
  </person>
 </frame>
 <frame number="00000763">
  <person id="0021">
   <leftEye x="424" y="254"/>
   <rightEye x="457" y="256"/>
  </person>
 </frame>
 <frame number="00000764">
  <person id="0021">
   <leftEye x="426" y="256"/>
   <rightEye x="460" y="258"/>
  </person>
 </frame>
 <frame number="00000765">
  <person id="0021">
   <leftEye x="428" y="257"/>
   <rightEye x="463" y="259"/>
  </person>
 </frame>
 <frame number="00000766">
  <person id="0021">
   <leftEye x="429" y="257"/>
   <rightEye x="465" y="259"/>
  </person>
 </frame>
 <frame number="00000767">
  <person id="0021">
   <leftEye x="428" y="256"/>
   <rightEye x="466" y="258"/>
  </person>
 </frame>
 <frame number="00000768">
  <person id="0021">
   <leftEye x="427" y="255"/>
   <rightEye x="466" y="257"/>
  </person>
 </frame>
 <frame number="00000769">
  <person id="0021">
   <leftEye x="425" y="255"/>
   <rightEye x="465" y="257"/>
  </person>
 </frame>
 <frame number="00000770">
  <person id="0021">
   <leftEye x="423" y="257"/>
   <rightEye x="463" y="259"/>
  </person>
 </frame>
 <frame number="00000771">
  <person id="0021">
   <leftEye x="420" y="262"/>
   <rightEye x="461" y="264"/>
  </person>
 </frame>
 <frame number="00000772">
  <person id="0021">
   <leftEye x="417" y="270"/>
   <rightEye x="459" y="272"/>
  </person>
 </frame>
 <frame number="00000773">
  <person id="0021">
   <leftEye x="413" y="281"/>
   <rightEye x="456" y="283"/>
  </person>
 </frame>
 <frame number="00000774">
  <person id="0021">
   <leftEye x="408" y="295"/>
   <rightEye x="453" y="296"/>
  </person>
 </frame>
 <frame number="00000775">
  <person id="0021">
   <leftEye x="402" y="311"/>
   <rightEye x="449" y="312"/>
  </person>
 </frame>
 <frame number="00000776">
  <person id="0021">
   <leftEye x="396" y="327"/>
   <rightEye x="445" y="328"/>
  </person>
 </frame>
 <frame number="00000777">
  <person id="0021">
   <leftEye x="390" y="342"/>
   <rightEye x="440" y="342"/>
  </person>
 </frame>
 <frame number="00000778">
  <person id="0021">
   <leftEye x="382" y="355"/>
   <rightEye x="434" y="355"/>
  </person>
 </frame>
 <frame number="00000779">
  <person id="0021">
   <leftEye x="373" y="366"/>
   <rightEye x="428" y="366"/>
  </person>
 </frame>
 <frame number="00000780">
  <person id="0021">
   <leftEye x="364" y="376"/>
   <rightEye x="422" y="376"/>
  </person>
 </frame>
 <frame number="00000781">
  <person id="0021">
   <leftEye x="356" y="385"/>
   <rightEye x="416" y="386"/>
  </person>
 </frame>
 <frame number="00000782">
  <person id="0021">
   <leftEye x="348" y="393"/>
   <rightEye x="411" y="394"/>
  </person>
 </frame>
 <frame number="00000783">
  <person id="0021">
   <leftEye x="341" y="401"/>
   <rightEye x="407" y="402"/>
  </person>
 </frame>
 <frame number="00000784">
  <person id="0021">
   <leftEye x="335" y="409"/>
   <rightEye x="404" y="411"/>
  </person>
 </frame>
 <frame number="00000785">
  <person id="0021">
   <leftEye x="330" y="420"/>
   <rightEye x="402" y="422"/>
  </person>
 </frame>
 <frame number="00000786">
  <person id="0021">
   <leftEye x="324" y="435"/>
   <rightEye x="401" y="438"/>
  </person>
 </frame>
 <frame number="00000787">
  <person id="0021">
   <leftEye x="318" y="453"/>
   <rightEye x="400" y="457"/>
  </person>
 </frame>
 <frame number="00000788"/>
 <frame number="00000789"/>
 <frame number="00000790"/>
 <frame number="00000791"/>
 <frame number="00000792"/>
 <frame number="00000793"/>
 <frame number="00000794"/>
 <frame number="00000795"/>
 <frame number="00000796"/>
 <frame number="00000797"/>
 <frame number="00000798"/>
 <frame number="00000799"/>
 <frame number="00000800"/>
 <frame number="00000801"/>
 <frame number="00000802"/>
 <frame number="00000803"/>
 <frame number="00000804"/>
 <frame number="00000805"/>
 <frame number="00000806"/>
 <frame number="00000807"/>
 <frame number="00000808"/>
 <frame number="00000809"/>
 <frame number="00000810"/>
 <frame number="00000811"/>
 <frame number="00000812"/>
 <frame number="00000813"/>
 <frame number="00000814"/>
 <frame number="00000815"/>
 <frame number="00000816"/>
 <frame number="00000817"/>
 <frame number="00000818"/>
 <frame number="00000819"/>
 <frame number="00000820"/>
 <frame number="00000821"/>
 <frame number="00000822"/>
 <frame number="00000823"/>
 <frame number="00000824"/>
 <frame number="00000825"/>
 <frame number="00000826"/>
 <frame number="00000827"/>
 <frame number="00000828"/>
 <frame number="00000829"/>
 <frame number="00000830"/>
 <frame number="00000831"/>
 <frame number="00000832"/>
 <frame number="00000833"/>
 <frame number="00000834"/>
 <frame number="00000835"/>
 <frame number="00000836"/>
 <frame number="00000837"/>
 <frame number="00000838"/>
 <frame number="00000839"/>
 <frame number="00000840"/>
 <frame number="00000841"/>
 <frame number="00000842"/>
 <frame number="00000843"/>
 <frame number="00000844"/>
 <frame number="00000845"/>
 <frame number="00000846"/>
 <frame number="00000847"/>
 <frame number="00000848"/>
 <frame number="00000849"/>
 <frame number="00000850"/>
 <frame number="00000851"/>
 <frame number="00000852"/>
 <frame number="00000853"/>
 <frame number="00000854"/>
 <frame number="00000855"/>
 <frame number="00000856"/>
 <frame number="00000857"/>
 <frame number="00000858"/>
 <frame number="00000859"/>
 <frame number="00000860"/>
 <frame number="00000861"/>
 <frame number="00000862"/>
 <frame number="00000863"/>
 <frame number="00000864"/>
 <frame number="00000865"/>
 <frame number="00000866"/>
 <frame number="00000867"/>
 <frame number="00000868"/>
 <frame number="00000869"/>
 <frame number="00000870"/>
 <frame number="00000871"/>
 <frame number="00000872"/>
 <frame number="00000873"/>
 <frame number="00000874"/>
 <frame number="00000875"/>
 <frame number="00000876"/>
 <frame number="00000877"/>
 <frame number="00000878"/>
 <frame number="00000879"/>
 <frame number="00000880"/>
 <frame number="00000881"/>
 <frame number="00000882"/>
 <frame number="00000883"/>
 <frame number="00000884"/>
 <frame number="00000885"/>
 <frame number="00000886"/>
 <frame number="00000887"/>
 <frame number="00000888"/>
 <frame number="00000889"/>
 <frame number="00000890"/>
 <frame number="00000891"/>
 <frame number="00000892"/>
 <frame number="00000893"/>
 <frame number="00000894"/>
 <frame number="00000895"/>
 <frame number="00000896"/>
 <frame number="00000897"/>
 <frame number="00000898"/>
 <frame number="00000899"/>
 <frame number="00000900"/>
 <frame number="00000901"/>
 <frame number="00000902"/>
 <frame number="00000903"/>
 <frame number="00000904"/>
 <frame number="00000905"/>
 <frame number="00000906"/>
 <frame number="00000907"/>
 <frame number="00000908"/>
 <frame number="00000909"/>
 <frame number="00000910"/>
 <frame number="00000911"/>
 <frame number="00000912"/>
 <frame number="00000913"/>
 <frame number="00000914"/>
 <frame number="00000915"/>
 <frame number="00000916"/>
 <frame number="00000917"/>
 <frame number="00000918"/>
 <frame number="00000919"/>
 <frame number="00000920"/>
 <frame number="00000921"/>
 <frame number="00000922"/>
 <frame number="00000923"/>
 <frame number="00000924"/>
 <frame number="00000925"/>
 <frame number="00000926"/>
 <frame number="00000927"/>
 <frame number="00000928"/>
 <frame number="00000929"/>
 <frame number="00000930"/>
 <frame number="00000931">
  <person id="0022">
   <leftEye x="423" y="186"/>
   <rightEye x="439" y="186"/>
  </person>
 </frame>
 <frame number="00000932">
  <person id="0022">
   <leftEye x="423" y="186"/>
   <rightEye x="439" y="186"/>
  </person>
 </frame>
 <frame number="00000933">
  <person id="0022">
   <leftEye x="423" y="184"/>
   <rightEye x="439" y="186"/>
  </person>
 </frame>
 <frame number="00000934">
  <person id="0022">
   <leftEye x="421" y="183"/>
   <rightEye x="438" y="184"/>
  </person>
 </frame>
 <frame number="00000935">
  <person id="0022">
   <leftEye x="421" y="184"/>
   <rightEye x="439" y="184"/>
  </person>
 </frame>
 <frame number="00000936">
  <person id="0022">
   <leftEye x="420" y="185"/>
   <rightEye x="437" y="185"/>
  </person>
 </frame>
 <frame number="00000937">
  <person id="0022">
   <leftEye x="421" y="187"/>
   <rightEye x="437" y="188"/>
  </person>
 </frame>
 <frame number="00000938">
  <person id="0022">
   <leftEye x="421" y="187"/>
   <rightEye x="438" y="188"/>
  </person>
 </frame>
 <frame number="00000939">
  <person id="0022">
   <leftEye x="419" y="195"/>
   <rightEye x="436" y="196"/>
  </person>
 </frame>
 <frame number="00000940">
  <person id="0022">
   <leftEye x="417" y="200"/>
   <rightEye x="435" y="201"/>
  </person>
 </frame>
 <frame number="00000941">
  <person id="0022">
   <leftEye x="415" y="204"/>
   <rightEye x="433" y="204"/>
  </person>
 </frame>
 <frame number="00000942">
  <person id="0022">
   <leftEye x="413" y="206"/>
   <rightEye x="432" y="206"/>
  </person>
 </frame>
 <frame number="00000943">
  <person id="0022">
   <leftEye x="412" y="207"/>
   <rightEye x="431" y="207"/>
  </person>
 </frame>
 <frame number="00000944">
  <person id="0022">
   <leftEye x="411" y="209"/>
   <rightEye x="429" y="209"/>
  </person>
 </frame>
 <frame number="00000945">
  <person id="0022">
   <leftEye x="406" y="209"/>
   <rightEye x="425" y="209"/>
  </person>
 </frame>
 <frame number="00000946">
  <person id="0022">
   <leftEye x="403" y="209"/>
   <rightEye x="421" y="209"/>
  </person>
 </frame>
 <frame number="00000947">
  <person id="0022">
   <leftEye x="403" y="209"/>
   <rightEye x="421" y="209"/>
  </person>
 </frame>
 <frame number="00000948">
  <person id="0022">
   <leftEye x="401" y="208"/>
   <rightEye x="421" y="208"/>
  </person>
 </frame>
 <frame number="00000949">
  <person id="0022">
   <leftEye x="401" y="207"/>
   <rightEye x="421" y="207"/>
  </person>
 </frame>
 <frame number="00000950">
  <person id="0022">
   <leftEye x="400" y="207"/>
   <rightEye x="421" y="207"/>
  </person>
 </frame>
 <frame number="00000951">
  <person id="0022">
   <leftEye x="400" y="207"/>
   <rightEye x="421" y="207"/>
  </person>
 </frame>
 <frame number="00000952">
  <person id="0022">
   <leftEye x="400" y="208"/>
   <rightEye x="421" y="208"/>
  </person>
 </frame>
 <frame number="00000953">
  <person id="0022">
   <leftEye x="400" y="211"/>
   <rightEye x="421" y="211"/>
  </person>
 </frame>
 <frame number="00000954">
  <person id="0022">
   <leftEye x="400" y="216"/>
   <rightEye x="421" y="216"/>
  </person>
 </frame>
 <frame number="00000955">
  <person id="0022">
   <leftEye x="400" y="222"/>
   <rightEye x="422" y="222"/>
  </person>
 </frame>
 <frame number="00000956">
  <person id="0022">
   <leftEye x="401" y="227"/>
   <rightEye x="423" y="228"/>
  </person>
 </frame>
 <frame number="00000957">
  <person id="0022">
   <leftEye x="402" y="232"/>
   <rightEye x="425" y="233"/>
  </person>
 </frame>
 <frame number="00000958">
  <person id="0022">
   <leftEye x="403" y="237"/>
   <rightEye x="427" y="238"/>
  </person>
 </frame>
 <frame number="00000959">
  <person id="0022">
   <leftEye x="404" y="240"/>
   <rightEye x="429" y="241"/>
  </person>
 </frame>
 <frame number="00000960">
  <person id="0022">
   <leftEye x="406" y="243"/>
   <rightEye x="431" y="243"/>
  </person>
 </frame>
 <frame number="00000961">
  <person id="0022">
   <leftEye x="407" y="244"/>
   <rightEye x="433" y="245"/>
  </person>
 </frame>
 <frame number="00000962">
  <person id="0022">
   <leftEye x="408" y="245"/>
   <rightEye x="434" y="246"/>
  </person>
 </frame>
 <frame number="00000963">
  <person id="0022">
   <leftEye x="408" y="245"/>
   <rightEye x="435" y="246"/>
  </person>
 </frame>
 <frame number="00000964">
  <person id="0022">
   <leftEye x="409" y="245"/>
   <rightEye x="436" y="246"/>
  </person>
 </frame>
 <frame number="00000965">
  <person id="0022">
   <leftEye x="409" y="246"/>
   <rightEye x="436" y="246"/>
  </person>
 </frame>
 <frame number="00000966">
  <person id="0022">
   <leftEye x="409" y="248"/>
   <rightEye x="437" y="248"/>
  </person>
 </frame>
 <frame number="00000967">
  <person id="0022">
   <leftEye x="408" y="251"/>
   <rightEye x="437" y="252"/>
  </person>
 </frame>
 <frame number="00000968">
  <person id="0022">
   <leftEye x="407" y="257"/>
   <rightEye x="437" y="257"/>
  </person>
 </frame>
 <frame number="00000969">
  <person id="0022">
   <leftEye x="406" y="264"/>
   <rightEye x="437" y="264"/>
  </person>
 </frame>
 <frame number="00000970">
  <person id="0022">
   <leftEye x="405" y="274"/>
   <rightEye x="436" y="274"/>
  </person>
 </frame>
 <frame number="00000971">
  <person id="0022">
   <leftEye x="403" y="284"/>
   <rightEye x="434" y="284"/>
  </person>
 </frame>
 <frame number="00000972">
  <person id="0022">
   <leftEye x="400" y="293"/>
   <rightEye x="432" y="293"/>
  </person>
 </frame>
 <frame number="00000973">
  <person id="0022">
   <leftEye x="396" y="300"/>
   <rightEye x="429" y="300"/>
  </person>
 </frame>
 <frame number="00000974">
  <person id="0022">
   <leftEye x="391" y="305"/>
   <rightEye x="425" y="305"/>
  </person>
 </frame>
 <frame number="00000975">
  <person id="0022">
   <leftEye x="386" y="309"/>
   <rightEye x="421" y="310"/>
  </person>
 </frame>
 <frame number="00000976">
  <person id="0022">
   <leftEye x="381" y="313"/>
   <rightEye x="418" y="313"/>
  </person>
 </frame>
 <frame number="00000977">
  <person id="0022">
   <leftEye x="377" y="316"/>
   <rightEye x="415" y="315"/>
  </person>
 </frame>
 <frame number="00000978">
  <person id="0022">
   <leftEye x="373" y="318"/>
   <rightEye x="413" y="317"/>
  </person>
 </frame>
 <frame number="00000979">
  <person id="0022">
   <leftEye x="371" y="320"/>
   <rightEye x="411" y="319"/>
  </person>
 </frame>
 <frame number="00000980">
  <person id="0022">
   <leftEye x="369" y="322"/>
   <rightEye x="410" y="321"/>
  </person>
 </frame>
 <frame number="00000981">
  <person id="0022">
   <leftEye x="366" y="326"/>
   <rightEye x="409" y="324"/>
  </person>
 </frame>
 <frame number="00000982">
  <person id="0022">
   <leftEye x="364" y="332"/>
   <rightEye x="408" y="330"/>
  </person>
 </frame>
 <frame number="00000983">
  <person id="0022">
   <leftEye x="361" y="340"/>
   <rightEye x="407" y="339"/>
  </person>
 </frame>
 <frame number="00000984">
  <person id="0022">
   <leftEye x="358" y="351"/>
   <rightEye x="406" y="351"/>
  </person>
 </frame>
 <frame number="00000985">
  <person id="0022">
   <leftEye x="355" y="366"/>
   <rightEye x="404" y="367"/>
  </person>
 </frame>
 <frame number="00000986">
  <person id="0022">
   <leftEye x="351" y="385"/>
   <rightEye x="402" y="387"/>
  </person>
 </frame>
 <frame number="00000987">
  <person id="0022">
   <leftEye x="346" y="406"/>
   <rightEye x="400" y="410"/>
  </person>
 </frame>
 <frame number="00000988">
  <person id="0022">
   <leftEye x="342" y="428"/>
   <rightEye x="399" y="432"/>
  </person>
 </frame>
 <frame number="00000989">
  <person id="0022">
   <leftEye x="339" y="449"/>
   <rightEye x="398" y="453"/>
  </person>
 </frame>
 <frame number="00000990">
  <person id="0022">
   <leftEye x="336" y="469"/>
   <rightEye x="397" y="473"/>
  </person>
 </frame>
 <frame number="00000991">
  <person id="0022">
   <leftEye x="333" y="487"/>
   <rightEye x="397" y="491"/>
  </person>
 </frame>
 <frame number="00000992"/>
 <frame number="00000993"/>
 <frame number="00000994"/>
 <frame number="00000995"/>
 <frame number="00000996"/>
 <frame number="00000997"/>
 <frame number="00000998"/>
 <frame number="00000999"/>
 <frame number="00001000"/>
 <frame number="00001001"/>
 <frame number="00001002"/>
 <frame number="00001003"/>
 <frame number="00001004"/>
</dataset>
