<!DOCTYPE GroundTruth>
<dataset name="P2L_S1_C2">
 <frame number="00000000"/>
 <frame number="00000001"/>
 <frame number="00000002"/>
 <frame number="00000003"/>
 <frame number="00000004"/>
 <frame number="00000005"/>
 <frame number="00000006"/>
 <frame number="00000007"/>
 <frame number="00000008"/>
 <frame number="00000009"/>
 <frame number="00000010"/>
 <frame number="00000011"/>
 <frame number="00000012"/>
 <frame number="00000013"/>
 <frame number="00000014"/>
 <frame number="00000015"/>
 <frame number="00000016"/>
 <frame number="00000017"/>
 <frame number="00000018"/>
 <frame number="00000019"/>
 <frame number="00000020"/>
 <frame number="00000021"/>
 <frame number="00000022"/>
 <frame number="00000023"/>
 <frame number="00000024"/>
 <frame number="00000025"/>
 <frame number="00000026"/>
 <frame number="00000027"/>
 <frame number="00000028"/>
 <frame number="00000029"/>
 <frame number="00000030"/>
 <frame number="00000031"/>
 <frame number="00000032"/>
 <frame number="00000033"/>
 <frame number="00000034"/>
 <frame number="00000035"/>
 <frame number="00000036"/>
 <frame number="00000037"/>
 <frame number="00000038"/>
 <frame number="00000039"/>
 <frame number="00000040"/>
 <frame number="00000041"/>
 <frame number="00000042"/>
 <frame number="00000043"/>
 <frame number="00000044"/>
 <frame number="00000045"/>
 <frame number="00000046"/>
 <frame number="00000047"/>
 <frame number="00000048"/>
 <frame number="00000049"/>
 <frame number="00000050"/>
 <frame number="00000051"/>
 <frame number="00000052"/>
 <frame number="00000053"/>
 <frame number="00000054"/>
 <frame number="00000055"/>
 <frame number="00000056"/>
 <frame number="00000057"/>
 <frame number="00000058"/>
 <frame number="00000059"/>
 <frame number="00000060"/>
 <frame number="00000061"/>
 <frame number="00000062"/>
 <frame number="00000063"/>
 <frame number="00000064"/>
 <frame number="00000065"/>
 <frame number="00000066"/>
 <frame number="00000067"/>
 <frame number="00000068"/>
 <frame number="00000069"/>
 <frame number="00000070"/>
 <frame number="00000071"/>
 <frame number="00000072"/>
 <frame number="00000073"/>
 <frame number="00000074"/>
 <frame number="00000075"/>
 <frame number="00000076"/>
 <frame number="00000077"/>
 <frame number="00000078"/>
 <frame number="00000079"/>
 <frame number="00000080"/>
 <frame number="00000081"/>
 <frame number="00000082"/>
 <frame number="00000083"/>
 <frame number="00000084"/>
 <frame number="00000085"/>
 <frame number="00000086"/>
 <frame number="00000087"/>
 <frame number="00000088"/>
 <frame number="00000089"/>
 <frame number="00000090"/>
 <frame number="00000091"/>
 <frame number="00000092"/>
 <frame number="00000093"/>
 <frame number="00000094"/>
 <frame number="00000095"/>
 <frame number="00000096"/>
 <frame number="00000097"/>
 <frame number="00000098"/>
 <frame number="00000099"/>
 <frame number="00000188"/>
 <frame number="00000189"/>
 <frame number="00000190"/>
 <frame number="00000191"/>
 <frame number="00000192"/>
 <frame number="00000193"/>
 <frame number="00000194"/>
 <frame number="00000195"/>
 <frame number="00000196"/>
 <frame number="00000197"/>
 <frame number="00000198"/>
 <frame number="00000199"/>
 <frame number="00000200"/>
 <frame number="00000201"/>
 <frame number="00000202"/>
 <frame number="00000203"/>
 <frame number="00000204"/>
 <frame number="00000205"/>
 <frame number="00000206"/>
 <frame number="00000207"/>
 <frame number="00000208"/>
 <frame number="00000209"/>
 <frame number="00000210"/>
 <frame number="00000211"/>
 <frame number="00000212"/>
 <frame number="00000213"/>
 <frame number="00000214"/>
 <frame number="00000215"/>
 <frame number="00000216"/>
 <frame number="00000217"/>
 <frame number="00000218"/>
 <frame number="00000219"/>
 <frame number="00000220"/>
 <frame number="00000221"/>
 <frame number="00000222"/>
 <frame number="00000223"/>
 <frame number="00000224"/>
 <frame number="00000225"/>
 <frame number="00000226"/>
 <frame number="00000227"/>
 <frame number="00000228"/>
 <frame number="00000229"/>
 <frame number="00000230"/>
 <frame number="00000231"/>
 <frame number="00000232"/>
 <frame number="00000233"/>
 <frame number="00000234"/>
 <frame number="00000235"/>
 <frame number="00000236"/>
 <frame number="00000237"/>
 <frame number="00000238"/>
 <frame number="00000239"/>
 <frame number="00000240"/>
 <frame number="00000241"/>
 <frame number="00000242"/>
 <frame number="00000243"/>
 <frame number="00000244"/>
 <frame number="00000245"/>
 <frame number="00000246"/>
 <frame number="00000247"/>
 <frame number="00000248"/>
 <frame number="00000249"/>
 <frame number="00000250"/>
 <frame number="00000251"/>
 <frame number="00000252"/>
 <frame number="00000253">
  <person id="0003">
   <leftEye x="553" y="147"/>
   <rightEye x="569" y="147"/>
  </person>
 </frame>
 <frame number="00000254">
  <person id="0003">
   <leftEye x="553" y="148"/>
   <rightEye x="568" y="148"/>
  </person>
 </frame>
 <frame number="00000255">
  <person id="0003">
   <leftEye x="553" y="149"/>
   <rightEye x="567" y="149"/>
  </person>
 </frame>
 <frame number="00000256">
  <person id="0003">
   <leftEye x="554" y="150"/>
   <rightEye x="567" y="150"/>
  </person>
 </frame>
 <frame number="00000257">
  <person id="0003">
   <leftEye x="554" y="150"/>
   <rightEye x="567" y="150"/>
  </person>
 </frame>
 <frame number="00000258">
  <person id="0003">
   <leftEye x="554" y="150"/>
   <rightEye x="568" y="150"/>
  </person>
 </frame>
 <frame number="00000259">
  <person id="0003">
   <leftEye x="554" y="150"/>
   <rightEye x="569" y="150"/>
  </person>
 </frame>
 <frame number="00000260">
  <person id="0003">
   <leftEye x="554" y="149"/>
   <rightEye x="570" y="150"/>
  </person>
 </frame>
 <frame number="00000261">
  <person id="0003">
   <leftEye x="555" y="149"/>
   <rightEye x="570" y="149"/>
  </person>
 </frame>
 <frame number="00000262">
  <person id="0003">
   <leftEye x="555" y="149"/>
   <rightEye x="571" y="149"/>
  </person>
 </frame>
 <frame number="00000263">
  <person id="0003">
   <leftEye x="556" y="149"/>
   <rightEye x="571" y="149"/>
  </person>
 </frame>
 <frame number="00000264">
  <person id="0003">
   <leftEye x="557" y="150"/>
   <rightEye x="572" y="150"/>
  </person>
 </frame>
 <frame number="00000265">
  <person id="0003">
   <leftEye x="558" y="152"/>
   <rightEye x="574" y="152"/>
  </person>
 </frame>
 <frame number="00000266">
  <person id="0003">
   <leftEye x="559" y="154"/>
   <rightEye x="575" y="154"/>
  </person>
 </frame>
 <frame number="00000267">
  <person id="0003">
   <leftEye x="560" y="156"/>
   <rightEye x="576" y="156"/>
  </person>
 </frame>
 <frame number="00000268">
  <person id="0003">
   <leftEye x="561" y="158"/>
   <rightEye x="578" y="158"/>
  </person>
 </frame>
 <frame number="00000269">
  <person id="0003">
   <leftEye x="562" y="160"/>
   <rightEye x="579" y="160"/>
  </person>
 </frame>
 <frame number="00000270">
  <person id="0003">
   <leftEye x="563" y="161"/>
   <rightEye x="581" y="162"/>
  </person>
 </frame>
 <frame number="00000271">
  <person id="0003">
   <leftEye x="564" y="162"/>
   <rightEye x="583" y="163"/>
  </person>
 </frame>
 <frame number="00000272">
  <person id="0003">
   <leftEye x="566" y="163"/>
   <rightEye x="584" y="164"/>
  </person>
 </frame>
 <frame number="00000273">
  <person id="0003">
   <leftEye x="568" y="163"/>
   <rightEye x="585" y="164"/>
  </person>
 </frame>
 <frame number="00000274">
  <person id="0003">
   <leftEye x="569" y="163"/>
   <rightEye x="587" y="163"/>
  </person>
 </frame>
 <frame number="00000275">
  <person id="0003">
   <leftEye x="570" y="163"/>
   <rightEye x="589" y="163"/>
  </person>
 </frame>
 <frame number="00000276">
  <person id="0003">
   <leftEye x="571" y="163"/>
   <rightEye x="590" y="163"/>
  </person>
 </frame>
 <frame number="00000277">
  <person id="0003">
   <leftEye x="572" y="163"/>
   <rightEye x="591" y="163"/>
  </person>
 </frame>
 <frame number="00000278">
  <person id="0003">
   <leftEye x="573" y="163"/>
   <rightEye x="592" y="163"/>
  </person>
 </frame>
 <frame number="00000279">
  <person id="0003">
   <leftEye x="574" y="165"/>
   <rightEye x="593" y="165"/>
  </person>
 </frame>
 <frame number="00000280">
  <person id="0003">
   <leftEye x="575" y="167"/>
   <rightEye x="593" y="167"/>
  </person>
 </frame>
 <frame number="00000281">
  <person id="0003">
   <leftEye x="576" y="170"/>
   <rightEye x="594" y="170"/>
  </person>
 </frame>
 <frame number="00000282">
  <person id="0003">
   <leftEye x="577" y="173"/>
   <rightEye x="594" y="173"/>
  </person>
 </frame>
 <frame number="00000283">
  <person id="0003">
   <leftEye x="577" y="175"/>
   <rightEye x="595" y="175"/>
  </person>
 </frame>
 <frame number="00000284">
  <person id="0003">
   <leftEye x="578" y="178"/>
   <rightEye x="596" y="178"/>
  </person>
 </frame>
 <frame number="00000285">
  <person id="0003">
   <leftEye x="579" y="180"/>
   <rightEye x="597" y="180"/>
  </person>
 </frame>
 <frame number="00000286">
  <person id="0003">
   <leftEye x="579" y="181"/>
   <rightEye x="598" y="181"/>
  </person>
 </frame>
 <frame number="00000287">
  <person id="0003">
   <leftEye x="580" y="181"/>
   <rightEye x="599" y="182"/>
  </person>
 </frame>
 <frame number="00000288">
  <person id="0003">
   <leftEye x="581" y="181"/>
   <rightEye x="600" y="182"/>
  </person>
 </frame>
 <frame number="00000289">
  <person id="0003">
   <leftEye x="583" y="181"/>
   <rightEye x="602" y="182"/>
  </person>
 </frame>
 <frame number="00000290">
  <person id="0003">
   <leftEye x="585" y="181"/>
   <rightEye x="603" y="182"/>
  </person>
 </frame>
 <frame number="00000291">
  <person id="0003">
   <leftEye x="586" y="181"/>
   <rightEye x="605" y="182"/>
  </person>
 </frame>
 <frame number="00000292">
  <person id="0003">
   <leftEye x="588" y="182"/>
   <rightEye x="607" y="182"/>
  </person>
 </frame>
 <frame number="00000293">
  <person id="0003">
   <leftEye x="590" y="184"/>
   <rightEye x="609" y="184"/>
  </person>
 </frame>
 <frame number="00000294">
  <person id="0003">
   <leftEye x="593" y="186"/>
   <rightEye x="612" y="186"/>
  </person>
 </frame>
 <frame number="00000295">
  <person id="0003">
   <leftEye x="595" y="189"/>
   <rightEye x="615" y="190"/>
  </person>
 </frame>
 <frame number="00000296">
  <person id="0003">
   <leftEye x="596" y="193"/>
   <rightEye x="618" y="194"/>
  </person>
 </frame>
 <frame number="00000297">
  <person id="0003">
   <leftEye x="599" y="197"/>
   <rightEye x="621" y="198"/>
  </person>
 </frame>
 <frame number="00000298">
  <person id="0003">
   <leftEye x="602" y="201"/>
   <rightEye x="623" y="202"/>
  </person>
 </frame>
 <frame number="00000299">
  <person id="0003">
   <leftEye x="604" y="205"/>
   <rightEye x="626" y="206"/>
  </person>
 </frame>
 <frame number="00000300">
  <person id="0003">
   <leftEye x="607" y="208"/>
   <rightEye x="629" y="209"/>
  </person>
 </frame>
 <frame number="00000301">
  <person id="0003">
   <leftEye x="610" y="209"/>
   <rightEye x="633" y="211"/>
  </person>
 </frame>
 <frame number="00000302">
  <person id="0003">
   <leftEye x="613" y="210"/>
   <rightEye x="636" y="212"/>
  </person>
 </frame>
 <frame number="00000303">
  <person id="0003">
   <leftEye x="616" y="210"/>
   <rightEye x="640" y="212"/>
  </person>
 </frame>
 <frame number="00000304">
  <person id="0003">
   <leftEye x="619" y="210"/>
   <rightEye x="644" y="212"/>
  </person>
 </frame>
 <frame number="00000305">
  <person id="0003">
   <leftEye x="622" y="211"/>
   <rightEye x="647" y="212"/>
  </person>
 </frame>
 <frame number="00000306">
  <person id="0003">
   <leftEye x="624" y="212"/>
   <rightEye x="650" y="213"/>
  </person>
 </frame>
 <frame number="00000307">
  <person id="0003">
   <leftEye x="627" y="213"/>
   <rightEye x="653" y="214"/>
  </person>
 </frame>
 <frame number="00000308">
  <person id="0003">
   <leftEye x="629" y="215"/>
   <rightEye x="656" y="217"/>
  </person>
 </frame>
 <frame number="00000309">
  <person id="0003">
   <leftEye x="632" y="219"/>
   <rightEye x="659" y="220"/>
  </person>
 </frame>
 <frame number="00000310">
  <person id="0003">
   <leftEye x="634" y="223"/>
   <rightEye x="661" y="224"/>
  </person>
 </frame>
 <frame number="00000311">
  <person id="0003">
   <leftEye x="637" y="228"/>
   <rightEye x="664" y="228"/>
  </person>
 </frame>
 <frame number="00000312">
  <person id="0003">
   <leftEye x="640" y="233"/>
   <rightEye x="667" y="234"/>
  </person>
 </frame>
 <frame number="00000313">
  <person id="0003">
   <leftEye x="642" y="238"/>
   <rightEye x="670" y="239"/>
  </person>
 </frame>
 <frame number="00000314">
  <person id="0003">
   <leftEye x="644" y="243"/>
   <rightEye x="673" y="244"/>
  </person>
 </frame>
 <frame number="00000315">
  <person id="0003">
   <leftEye x="647" y="248"/>
   <rightEye x="676" y="249"/>
  </person>
 </frame>
 <frame number="00000316">
  <person id="0003">
   <leftEye x="650" y="251"/>
   <rightEye x="679" y="252"/>
  </person>
 </frame>
 <frame number="00000317">
  <person id="0003">
   <leftEye x="654" y="253"/>
   <rightEye x="683" y="254"/>
  </person>
 </frame>
 <frame number="00000318">
  <person id="0003">
   <leftEye x="657" y="254"/>
   <rightEye x="686" y="255"/>
  </person>
 </frame>
 <frame number="00000319">
  <person id="0003">
   <leftEye x="661" y="254"/>
   <rightEye x="690" y="255"/>
  </person>
 </frame>
 <frame number="00000320">
  <person id="0003">
   <leftEye x="666" y="255"/>
   <rightEye x="696" y="256"/>
  </person>
 </frame>
 <frame number="00000321">
  <person id="0003">
   <leftEye x="671" y="257"/>
   <rightEye x="702" y="258"/>
  </person>
 </frame>
 <frame number="00000322">
  <person id="0003">
   <leftEye x="677" y="260"/>
   <rightEye x="708" y="261"/>
  </person>
 </frame>
 <frame number="00000323">
  <person id="0003">
   <leftEye x="683" y="265"/>
   <rightEye x="715" y="266"/>
  </person>
 </frame>
 <frame number="00000324">
  <person id="0003">
   <leftEye x="689" y="270"/>
   <rightEye x="722" y="272"/>
  </person>
 </frame>
 <frame number="00000325">
  <person id="0003">
   <leftEye x="695" y="277"/>
   <rightEye x="730" y="279"/>
  </person>
 </frame>
 <frame number="00000326">
  <person id="0003">
   <leftEye x="702" y="285"/>
   <rightEye x="738" y="286"/>
  </person>
 </frame>
 <frame number="00000327">
  <person id="0003">
   <leftEye x="710" y="293"/>
   <rightEye x="746" y="295"/>
  </person>
 </frame>
 <frame number="00000328">
  <person id="0003">
   <leftEye x="717" y="302"/>
   <rightEye x="754" y="304"/>
  </person>
 </frame>
 <frame number="00000329">
  <person id="0003">
   <leftEye x="725" y="311"/>
   <rightEye x="763" y="312"/>
  </person>
 </frame>
 <frame number="00000330">
  <person id="0003">
   <leftEye x="734" y="319"/>
   <rightEye x="772" y="320"/>
  </person>
 </frame>
 <frame number="00000331">
  <person id="0003">
   <leftEye x="744" y="325"/>
   <rightEye x="782" y="325"/>
  </person>
 </frame>
 <frame number="00000332">
  <person id="0003">
   <leftEye x="754" y="331"/>
   <rightEye x="793" y="330"/>
  </person>
 </frame>
 <frame number="00000333"/>
 <frame number="00000334"/>
 <frame number="00000335"/>
 <frame number="00000336"/>
 <frame number="00000337"/>
 <frame number="00000338"/>
 <frame number="00000339"/>
 <frame number="00000340"/>
 <frame number="00000341"/>
 <frame number="00000342"/>
 <frame number="00000343"/>
 <frame number="00000344"/>
 <frame number="00000345"/>
 <frame number="00000346"/>
 <frame number="00000347"/>
 <frame number="00000348"/>
 <frame number="00000349"/>
 <frame number="00000350"/>
 <frame number="00000351"/>
 <frame number="00000352"/>
 <frame number="00000353"/>
 <frame number="00000354"/>
 <frame number="00000355"/>
 <frame number="00000356"/>
 <frame number="00000357"/>
 <frame number="00000358"/>
 <frame number="00000419"/>
 <frame number="00000420"/>
 <frame number="00000421"/>
 <frame number="00000422"/>
 <frame number="00000423"/>
 <frame number="00000424"/>
 <frame number="00000425"/>
 <frame number="00000426"/>
 <frame number="00000427"/>
 <frame number="00000428"/>
 <frame number="00000429"/>
 <frame number="00000430"/>
 <frame number="00000431"/>
 <frame number="00000432"/>
 <frame number="00000433"/>
 <frame number="00000434"/>
 <frame number="00000435"/>
 <frame number="00000436"/>
 <frame number="00000437"/>
 <frame number="00000438"/>
 <frame number="00000439"/>
 <frame number="00000440"/>
 <frame number="00000441"/>
 <frame number="00000442"/>
 <frame number="00000443"/>
 <frame number="00000444"/>
 <frame number="00000445"/>
 <frame number="00000446"/>
 <frame number="00000447"/>
 <frame number="00000448"/>
 <frame number="00000449"/>
 <frame number="00000450"/>
 <frame number="00000451"/>
 <frame number="00000452"/>
 <frame number="00000453"/>
 <frame number="00000454"/>
 <frame number="00000455"/>
 <frame number="00000456"/>
 <frame number="00000457"/>
 <frame number="00000458"/>
 <frame number="00000459"/>
 <frame number="00000460"/>
 <frame number="00000461"/>
 <frame number="00000462"/>
 <frame number="00000463"/>
 <frame number="00000464"/>
 <frame number="00000465"/>
 <frame number="00000466"/>
 <frame number="00000467"/>
 <frame number="00000468"/>
 <frame number="00000469"/>
 <frame number="00000470"/>
 <frame number="00000471"/>
 <frame number="00000472"/>
 <frame number="00000473"/>
 <frame number="00000474"/>
 <frame number="00000475"/>
 <frame number="00000476"/>
 <frame number="00000477"/>
 <frame number="00000478"/>
 <frame number="00000479"/>
 <frame number="00000480"/>
 <frame number="00000481"/>
 <frame number="00000482"/>
 <frame number="00000483"/>
 <frame number="00000484"/>
 <frame number="00000485"/>
 <frame number="00000486"/>
 <frame number="00000487"/>
 <frame number="00000488"/>
 <frame number="00000489"/>
 <frame number="00000490"/>
 <frame number="00000491"/>
 <frame number="00000492"/>
 <frame number="00000493">
  <person id="0015">
   <leftEye x="564" y="142"/>
   <rightEye x="580" y="142"/>
  </person>
 </frame>
 <frame number="00000494">
  <person id="0015">
   <leftEye x="565" y="141"/>
   <rightEye x="580" y="141"/>
  </person>
 </frame>
 <frame number="00000495">
  <person id="0015">
   <leftEye x="566" y="140"/>
   <rightEye x="581" y="140"/>
  </person>
 </frame>
 <frame number="00000496">
  <person id="0015">
   <leftEye x="567" y="139"/>
   <rightEye x="583" y="139"/>
  </person>
 </frame>
 <frame number="00000497">
  <person id="0015">
   <leftEye x="569" y="138"/>
   <rightEye x="585" y="138"/>
  </person>
 </frame>
 <frame number="00000498">
  <person id="0015">
   <leftEye x="571" y="138"/>
   <rightEye x="587" y="138"/>
  </person>
 </frame>
 <frame number="00000499">
  <person id="0015">
   <leftEye x="573" y="138"/>
   <rightEye x="589" y="138"/>
  </person>
 </frame>
 <frame number="00000500">
  <person id="0015">
   <leftEye x="576" y="138"/>
   <rightEye x="592" y="138"/>
  </person>
 </frame>
 <frame number="00000501">
  <person id="0015">
   <leftEye x="578" y="139"/>
   <rightEye x="595" y="139"/>
  </person>
 </frame>
 <frame number="00000502">
  <person id="0015">
   <leftEye x="581" y="141"/>
   <rightEye x="597" y="141"/>
  </person>
 </frame>
 <frame number="00000503">
  <person id="0015">
   <leftEye x="584" y="144"/>
   <rightEye x="600" y="144"/>
  </person>
 </frame>
 <frame number="00000504">
  <person id="0015">
   <leftEye x="586" y="148"/>
   <rightEye x="603" y="148"/>
  </person>
 </frame>
 <frame number="00000505">
  <person id="0015">
   <leftEye x="589" y="151"/>
   <rightEye x="606" y="151"/>
  </person>
 </frame>
 <frame number="00000506">
  <person id="0015">
   <leftEye x="592" y="154"/>
   <rightEye x="609" y="154"/>
  </person>
 </frame>
 <frame number="00000507">
  <person id="0015">
   <leftEye x="595" y="157"/>
   <rightEye x="613" y="157"/>
  </person>
 </frame>
 <frame number="00000508">
  <person id="0015">
   <leftEye x="599" y="158"/>
   <rightEye x="617" y="158"/>
  </person>
 </frame>
 <frame number="00000509">
  <person id="0015">
   <leftEye x="603" y="159"/>
   <rightEye x="620" y="159"/>
  </person>
 </frame>
 <frame number="00000510">
  <person id="0015">
   <leftEye x="606" y="159"/>
   <rightEye x="623" y="159"/>
  </person>
 </frame>
 <frame number="00000511">
  <person id="0015">
   <leftEye x="608" y="159"/>
   <rightEye x="626" y="159"/>
  </person>
 </frame>
 <frame number="00000512">
  <person id="0015">
   <leftEye x="611" y="158"/>
   <rightEye x="629" y="158"/>
  </person>
 </frame>
 <frame number="00000513">
  <person id="0015">
   <leftEye x="613" y="157"/>
   <rightEye x="631" y="157"/>
  </person>
 </frame>
 <frame number="00000514">
  <person id="0015">
   <leftEye x="614" y="157"/>
   <rightEye x="633" y="157"/>
  </person>
 </frame>
 <frame number="00000515">
  <person id="0015">
   <leftEye x="615" y="157"/>
   <rightEye x="634" y="157"/>
  </person>
 </frame>
 <frame number="00000516">
  <person id="0015">
   <leftEye x="616" y="158"/>
   <rightEye x="636" y="158"/>
  </person>
 </frame>
 <frame number="00000517">
  <person id="0015">
   <leftEye x="617" y="160"/>
   <rightEye x="637" y="160"/>
  </person>
 </frame>
 <frame number="00000518">
  <person id="0015">
   <leftEye x="619" y="162"/>
   <rightEye x="639" y="162"/>
  </person>
 </frame>
 <frame number="00000519">
  <person id="0015">
   <leftEye x="621" y="166"/>
   <rightEye x="641" y="166"/>
  </person>
 </frame>
 <frame number="00000520">
  <person id="0015">
   <leftEye x="622" y="170"/>
   <rightEye x="643" y="170"/>
  </person>
 </frame>
 <frame number="00000521">
  <person id="0015">
   <leftEye x="623" y="174"/>
   <rightEye x="645" y="174"/>
  </person>
 </frame>
 <frame number="00000522">
  <person id="0015">
   <leftEye x="625" y="178"/>
   <rightEye x="647" y="178"/>
  </person>
 </frame>
 <frame number="00000523">
  <person id="0015">
   <leftEye x="627" y="181"/>
   <rightEye x="649" y="181"/>
  </person>
 </frame>
 <frame number="00000524">
  <person id="0015">
   <leftEye x="629" y="183"/>
   <rightEye x="651" y="183"/>
  </person>
 </frame>
 <frame number="00000525">
  <person id="0015">
   <leftEye x="632" y="184"/>
   <rightEye x="654" y="184"/>
  </person>
 </frame>
 <frame number="00000526">
  <person id="0015">
   <leftEye x="634" y="184"/>
   <rightEye x="657" y="184"/>
  </person>
 </frame>
 <frame number="00000527">
  <person id="0015">
   <leftEye x="636" y="183"/>
   <rightEye x="660" y="183"/>
  </person>
 </frame>
 <frame number="00000528">
  <person id="0015">
   <leftEye x="640" y="183"/>
   <rightEye x="664" y="183"/>
  </person>
 </frame>
 <frame number="00000529">
  <person id="0015">
   <leftEye x="644" y="183"/>
   <rightEye x="669" y="183"/>
  </person>
 </frame>
 <frame number="00000530">
  <person id="0015">
   <leftEye x="648" y="183"/>
   <rightEye x="674" y="183"/>
  </person>
 </frame>
 <frame number="00000531">
  <person id="0015">
   <leftEye x="653" y="185"/>
   <rightEye x="679" y="185"/>
  </person>
 </frame>
 <frame number="00000532">
  <person id="0015">
   <leftEye x="658" y="188"/>
   <rightEye x="685" y="188"/>
  </person>
 </frame>
 <frame number="00000533">
  <person id="0015">
   <leftEye x="663" y="192"/>
   <rightEye x="690" y="192"/>
  </person>
 </frame>
 <frame number="00000534">
  <person id="0015">
   <leftEye x="668" y="198"/>
   <rightEye x="696" y="197"/>
  </person>
 </frame>
 <frame number="00000535">
  <person id="0015">
   <leftEye x="673" y="204"/>
   <rightEye x="702" y="204"/>
  </person>
 </frame>
 <frame number="00000536">
  <person id="0015">
   <leftEye x="679" y="211"/>
   <rightEye x="708" y="211"/>
  </person>
 </frame>
 <frame number="00000537">
  <person id="0015">
   <leftEye x="686" y="218"/>
   <rightEye x="715" y="218"/>
  </person>
 </frame>
 <frame number="00000538">
  <person id="0015">
   <leftEye x="693" y="224"/>
   <rightEye x="723" y="224"/>
  </person>
 </frame>
 <frame number="00000539">
  <person id="0015">
   <leftEye x="700" y="229"/>
   <rightEye x="731" y="228"/>
  </person>
 </frame>
 <frame number="00000540">
  <person id="0015">
   <leftEye x="708" y="232"/>
   <rightEye x="739" y="231"/>
  </person>
 </frame>
 <frame number="00000541">
  <person id="0015">
   <leftEye x="715" y="234"/>
   <rightEye x="747" y="233"/>
  </person>
 </frame>
 <frame number="00000542">
  <person id="0015">
   <leftEye x="723" y="234"/>
   <rightEye x="755" y="233"/>
  </person>
 </frame>
 <frame number="00000543">
  <person id="0015">
   <leftEye x="730" y="235"/>
   <rightEye x="763" y="233"/>
  </person>
 </frame>
 <frame number="00000544">
  <person id="0015">
   <leftEye x="737" y="235"/>
   <rightEye x="771" y="233"/>
  </person>
 </frame>
 <frame number="00000545">
  <person id="0015">
   <leftEye x="744" y="235"/>
   <rightEye x="778" y="233"/>
  </person>
 </frame>
 <frame number="00000546">
  <person id="0015">
   <leftEye x="751" y="236"/>
   <rightEye x="785" y="234"/>
  </person>
 </frame>
 <frame number="00000547">
  <person id="0015">
   <leftEye x="758" y="238"/>
   <rightEye x="793" y="236"/>
  </person>
 </frame>
 <frame number="00000548"/>
 <frame number="00000549"/>
 <frame number="00000550"/>
 <frame number="00000551"/>
 <frame number="00000552"/>
 <frame number="00000553"/>
 <frame number="00000554"/>
 <frame number="00000555"/>
 <frame number="00000556"/>
 <frame number="00000557"/>
 <frame number="00000558"/>
 <frame number="00000559"/>
 <frame number="00000560"/>
 <frame number="00000561"/>
 <frame number="00000562"/>
 <frame number="00000563"/>
 <frame number="00000564"/>
 <frame number="00000565"/>
 <frame number="00000566"/>
 <frame number="00000567"/>
 <frame number="00000568"/>
 <frame number="00000569"/>
 <frame number="00000570"/>
 <frame number="00000571"/>
 <frame number="00000572"/>
 <frame number="00000644"/>
 <frame number="00000645"/>
 <frame number="00000646"/>
 <frame number="00000647"/>
 <frame number="00000648"/>
 <frame number="00000649"/>
 <frame number="00000650"/>
 <frame number="00000651"/>
 <frame number="00000652"/>
 <frame number="00000653"/>
 <frame number="00000654"/>
 <frame number="00000655"/>
 <frame number="00000656"/>
 <frame number="00000657"/>
 <frame number="00000658"/>
 <frame number="00000659"/>
 <frame number="00000660"/>
 <frame number="00000661"/>
 <frame number="00000662"/>
 <frame number="00000663"/>
 <frame number="00000664"/>
 <frame number="00000665"/>
 <frame number="00000666"/>
 <frame number="00000667"/>
 <frame number="00000668"/>
 <frame number="00000669"/>
 <frame number="00000670"/>
 <frame number="00000671"/>
 <frame number="00000672"/>
 <frame number="00000673"/>
 <frame number="00000674"/>
 <frame number="00000675"/>
 <frame number="00000676"/>
 <frame number="00000677"/>
 <frame number="00000678"/>
 <frame number="00000679"/>
 <frame number="00000680"/>
 <frame number="00000681"/>
 <frame number="00000682"/>
 <frame number="00000683"/>
 <frame number="00000684"/>
 <frame number="00000685"/>
 <frame number="00000686"/>
 <frame number="00000687"/>
 <frame number="00000688"/>
 <frame number="00000689"/>
 <frame number="00000690"/>
 <frame number="00000691"/>
 <frame number="00000692"/>
 <frame number="00000693"/>
 <frame number="00000694"/>
 <frame number="00000695"/>
 <frame number="00000696"/>
 <frame number="00000697"/>
 <frame number="00000698"/>
 <frame number="00000699"/>
 <frame number="00000700"/>
 <frame number="00000701"/>
 <frame number="00000702"/>
 <frame number="00000703"/>
 <frame number="00000704"/>
 <frame number="00000705"/>
 <frame number="00000706"/>
 <frame number="00000707"/>
 <frame number="00000708"/>
 <frame number="00000709"/>
 <frame number="00000710"/>
 <frame number="00000711"/>
 <frame number="00000712"/>
 <frame number="00000713">
  <person id="0021">
   <leftEye x="539" y="144"/>
   <rightEye x="555" y="144"/>
  </person>
 </frame>
 <frame number="00000714">
  <person id="0021">
   <leftEye x="538" y="144"/>
   <rightEye x="554" y="144"/>
  </person>
 </frame>
 <frame number="00000715">
  <person id="0021">
   <leftEye x="537" y="144"/>
   <rightEye x="553" y="144"/>
  </person>
 </frame>
 <frame number="00000716">
  <person id="0021">
   <leftEye x="537" y="144"/>
   <rightEye x="553" y="144"/>
  </person>
 </frame>
 <frame number="00000717">
  <person id="0021">
   <leftEye x="537" y="144"/>
   <rightEye x="553" y="144"/>
  </person>
 </frame>
 <frame number="00000718">
  <person id="0021">
   <leftEye x="537" y="143"/>
   <rightEye x="553" y="143"/>
  </person>
 </frame>
 <frame number="00000719">
  <person id="0021">
   <leftEye x="538" y="142"/>
   <rightEye x="554" y="142"/>
  </person>
 </frame>
 <frame number="00000720">
  <person id="0021">
   <leftEye x="539" y="141"/>
   <rightEye x="555" y="141"/>
  </person>
 </frame>
 <frame number="00000721">
  <person id="0021">
   <leftEye x="540" y="141"/>
   <rightEye x="557" y="141"/>
  </person>
 </frame>
 <frame number="00000722">
  <person id="0021">
   <leftEye x="542" y="141"/>
   <rightEye x="559" y="141"/>
  </person>
 </frame>
 <frame number="00000723">
  <person id="0021">
   <leftEye x="544" y="142"/>
   <rightEye x="560" y="142"/>
  </person>
 </frame>
 <frame number="00000724">
  <person id="0021">
   <leftEye x="546" y="144"/>
   <rightEye x="562" y="143"/>
  </person>
 </frame>
 <frame number="00000725">
  <person id="0021">
   <leftEye x="548" y="146"/>
   <rightEye x="565" y="146"/>
  </person>
 </frame>
 <frame number="00000726">
  <person id="0021">
   <leftEye x="550" y="150"/>
   <rightEye x="567" y="150"/>
  </person>
 </frame>
 <frame number="00000727">
  <person id="0021">
   <leftEye x="552" y="154"/>
   <rightEye x="570" y="154"/>
  </person>
 </frame>
 <frame number="00000728">
  <person id="0021">
   <leftEye x="555" y="157"/>
   <rightEye x="573" y="158"/>
  </person>
 </frame>
 <frame number="00000729">
  <person id="0021">
   <leftEye x="558" y="160"/>
   <rightEye x="576" y="161"/>
  </person>
 </frame>
 <frame number="00000730">
  <person id="0021">
   <leftEye x="561" y="162"/>
   <rightEye x="580" y="163"/>
  </person>
 </frame>
 <frame number="00000731">
  <person id="0021">
   <leftEye x="565" y="162"/>
   <rightEye x="584" y="163"/>
  </person>
 </frame>
 <frame number="00000732">
  <person id="0021">
   <leftEye x="569" y="162"/>
   <rightEye x="588" y="163"/>
  </person>
 </frame>
 <frame number="00000733">
  <person id="0021">
   <leftEye x="572" y="162"/>
   <rightEye x="591" y="162"/>
  </person>
 </frame>
 <frame number="00000734">
  <person id="0021">
   <leftEye x="575" y="161"/>
   <rightEye x="594" y="162"/>
  </person>
 </frame>
 <frame number="00000735">
  <person id="0021">
   <leftEye x="577" y="160"/>
   <rightEye x="596" y="161"/>
  </person>
 </frame>
 <frame number="00000736">
  <person id="0021">
   <leftEye x="579" y="158"/>
   <rightEye x="598" y="159"/>
  </person>
 </frame>
 <frame number="00000737">
  <person id="0021">
   <leftEye x="580" y="157"/>
   <rightEye x="600" y="158"/>
  </person>
 </frame>
 <frame number="00000738">
  <person id="0021">
   <leftEye x="581" y="157"/>
   <rightEye x="602" y="159"/>
  </person>
 </frame>
 <frame number="00000739">
  <person id="0021">
   <leftEye x="583" y="158"/>
   <rightEye x="604" y="160"/>
  </person>
 </frame>
 <frame number="00000740">
  <person id="0021">
   <leftEye x="585" y="161"/>
   <rightEye x="606" y="162"/>
  </person>
 </frame>
 <frame number="00000741">
  <person id="0021">
   <leftEye x="586" y="165"/>
   <rightEye x="608" y="166"/>
  </person>
 </frame>
 <frame number="00000742">
  <person id="0021">
   <leftEye x="587" y="170"/>
   <rightEye x="609" y="171"/>
  </person>
 </frame>
 <frame number="00000743">
  <person id="0021">
   <leftEye x="588" y="175"/>
   <rightEye x="610" y="176"/>
  </person>
 </frame>
 <frame number="00000744">
  <person id="0021">
   <leftEye x="590" y="180"/>
   <rightEye x="612" y="180"/>
  </person>
 </frame>
 <frame number="00000745">
  <person id="0021">
   <leftEye x="592" y="184"/>
   <rightEye x="614" y="184"/>
  </person>
 </frame>
 <frame number="00000746">
  <person id="0021">
   <leftEye x="593" y="187"/>
   <rightEye x="616" y="187"/>
  </person>
 </frame>
 <frame number="00000747">
  <person id="0021">
   <leftEye x="594" y="188"/>
   <rightEye x="617" y="188"/>
  </person>
 </frame>
 <frame number="00000748">
  <person id="0021">
   <leftEye x="596" y="188"/>
   <rightEye x="619" y="188"/>
  </person>
 </frame>
 <frame number="00000749">
  <person id="0021">
   <leftEye x="598" y="188"/>
   <rightEye x="622" y="188"/>
  </person>
 </frame>
 <frame number="00000750">
  <person id="0021">
   <leftEye x="601" y="187"/>
   <rightEye x="625" y="187"/>
  </person>
 </frame>
 <frame number="00000751">
  <person id="0021">
   <leftEye x="604" y="186"/>
   <rightEye x="629" y="186"/>
  </person>
 </frame>
 <frame number="00000752">
  <person id="0021">
   <leftEye x="608" y="186"/>
   <rightEye x="633" y="186"/>
  </person>
 </frame>
 <frame number="00000753">
  <person id="0021">
   <leftEye x="613" y="186"/>
   <rightEye x="638" y="186"/>
  </person>
 </frame>
 <frame number="00000754">
  <person id="0021">
   <leftEye x="618" y="187"/>
   <rightEye x="644" y="187"/>
  </person>
 </frame>
 <frame number="00000755">
  <person id="0021">
   <leftEye x="623" y="190"/>
   <rightEye x="649" y="190"/>
  </person>
 </frame>
 <frame number="00000756">
  <person id="0021">
   <leftEye x="628" y="195"/>
   <rightEye x="655" y="195"/>
  </person>
 </frame>
 <frame number="00000757">
  <person id="0021">
   <leftEye x="634" y="201"/>
   <rightEye x="661" y="201"/>
  </person>
 </frame>
 <frame number="00000758">
  <person id="0021">
   <leftEye x="640" y="208"/>
   <rightEye x="668" y="209"/>
  </person>
 </frame>
 <frame number="00000759">
  <person id="0021">
   <leftEye x="647" y="215"/>
   <rightEye x="676" y="217"/>
  </person>
 </frame>
 <frame number="00000760">
  <person id="0021">
   <leftEye x="655" y="222"/>
   <rightEye x="684" y="224"/>
  </person>
 </frame>
 <frame number="00000761">
  <person id="0021">
   <leftEye x="664" y="227"/>
   <rightEye x="693" y="229"/>
  </person>
 </frame>
 <frame number="00000762">
  <person id="0021">
   <leftEye x="673" y="231"/>
   <rightEye x="703" y="233"/>
  </person>
 </frame>
 <frame number="00000763">
  <person id="0021">
   <leftEye x="682" y="234"/>
   <rightEye x="713" y="236"/>
  </person>
 </frame>
 <frame number="00000764">
  <person id="0021">
   <leftEye x="691" y="236"/>
   <rightEye x="723" y="238"/>
  </person>
 </frame>
 <frame number="00000765">
  <person id="0021">
   <leftEye x="699" y="237"/>
   <rightEye x="732" y="239"/>
  </person>
 </frame>
 <frame number="00000766">
  <person id="0021">
   <leftEye x="707" y="236"/>
   <rightEye x="740" y="238"/>
  </person>
 </frame>
 <frame number="00000767">
  <person id="0021">
   <leftEye x="714" y="235"/>
   <rightEye x="748" y="237"/>
  </person>
 </frame>
 <frame number="00000768">
  <person id="0021">
   <leftEye x="721" y="235"/>
   <rightEye x="756" y="237"/>
  </person>
 </frame>
 <frame number="00000769">
  <person id="0021">
   <leftEye x="727" y="235"/>
   <rightEye x="763" y="237"/>
  </person>
 </frame>
 <frame number="00000770">
  <person id="0021">
   <leftEye x="733" y="238"/>
   <rightEye x="770" y="239"/>
  </person>
 </frame>
 <frame number="00000771">
  <person id="0021">
   <leftEye x="739" y="243"/>
   <rightEye x="777" y="244"/>
  </person>
 </frame>
 <frame number="00000772">
  <person id="0021">
   <leftEye x="745" y="252"/>
   <rightEye x="785" y="252"/>
  </person>
 </frame>
 <frame number="00000773">
  <person id="0021">
   <leftEye x="752" y="263"/>
   <rightEye x="792" y="262"/>
  </person>
 </frame>
 <frame number="00000774"/>
 <frame number="00000775"/>
 <frame number="00000776"/>
 <frame number="00000777"/>
 <frame number="00000778"/>
 <frame number="00000779"/>
 <frame number="00000780"/>
 <frame number="00000781"/>
 <frame number="00000782"/>
 <frame number="00000783"/>
 <frame number="00000784"/>
 <frame number="00000785"/>
 <frame number="00000786"/>
 <frame number="00000787"/>
 <frame number="00000788"/>
 <frame number="00000789"/>
 <frame number="00000790"/>
 <frame number="00000791"/>
 <frame number="00000792"/>
 <frame number="00000793"/>
 <frame number="00000794"/>
 <frame number="00000795"/>
 <frame number="00000796"/>
 <frame number="00000797"/>
 <frame number="00000798"/>
 <frame number="00000799"/>
 <frame number="00000800"/>
 <frame number="00000801"/>
 <frame number="00000802"/>
 <frame number="00000803"/>
 <frame number="00000804"/>
 <frame number="00000805"/>
 <frame number="00000806"/>
 <frame number="00000807"/>
 <frame number="00000808"/>
 <frame number="00000809"/>
 <frame number="00000810"/>
 <frame number="00000811"/>
 <frame number="00000812"/>
 <frame number="00000813"/>
 <frame number="00000814"/>
 <frame number="00000815"/>
 <frame number="00000816"/>
 <frame number="00000817"/>
 <frame number="00000818"/>
 <frame number="00000819"/>
 <frame number="00000820"/>
 <frame number="00000821"/>
 <frame number="00000822"/>
 <frame number="00000823"/>
 <frame number="00000824"/>
 <frame number="00000825"/>
 <frame number="00000826"/>
 <frame number="00000827"/>
 <frame number="00000828"/>
 <frame number="00000829"/>
 <frame number="00000830"/>
 <frame number="00000831"/>
 <frame number="00000832"/>
 <frame number="00000833"/>
 <frame number="00000834"/>
 <frame number="00000835"/>
 <frame number="00000836"/>
 <frame number="00000837"/>
 <frame number="00000838"/>
 <frame number="00000839"/>
 <frame number="00000840"/>
 <frame number="00000841"/>
 <frame number="00000842"/>
 <frame number="00000843"/>
 <frame number="00000844"/>
 <frame number="00000845"/>
 <frame number="00000846"/>
 <frame number="00000847"/>
 <frame number="00000848"/>
 <frame number="00000849"/>
 <frame number="00000850"/>
 <frame number="00000851"/>
 <frame number="00000852"/>
 <frame number="00000853"/>
 <frame number="00000854"/>
 <frame number="00000855"/>
 <frame number="00000856"/>
 <frame number="00000857"/>
 <frame number="00000858"/>
 <frame number="00000859"/>
 <frame number="00000860"/>
 <frame number="00000861"/>
 <frame number="00000862"/>
 <frame number="00000863"/>
 <frame number="00000864"/>
 <frame number="00000865"/>
 <frame number="00000866"/>
 <frame number="00000867"/>
 <frame number="00000868"/>
 <frame number="00000869"/>
 <frame number="00000870"/>
 <frame number="00000871"/>
 <frame number="00000872"/>
 <frame number="00000873"/>
 <frame number="00000874"/>
 <frame number="00000875"/>
 <frame number="00000876"/>
 <frame number="00000877"/>
 <frame number="00000878"/>
 <frame number="00000879"/>
 <frame number="00000880"/>
 <frame number="00000881"/>
 <frame number="00000882"/>
 <frame number="00000883"/>
 <frame number="00000884"/>
 <frame number="00000885"/>
 <frame number="00000886"/>
 <frame number="00000887"/>
 <frame number="00000888"/>
 <frame number="00000889"/>
 <frame number="00000890"/>
 <frame number="00000891"/>
 <frame number="00000892"/>
 <frame number="00000893"/>
 <frame number="00000894"/>
 <frame number="00000895"/>
 <frame number="00000896"/>
 <frame number="00000897"/>
 <frame number="00000898"/>
 <frame number="00000899"/>
 <frame number="00000900"/>
 <frame number="00000901"/>
 <frame number="00000902"/>
 <frame number="00000903"/>
 <frame number="00000904"/>
 <frame number="00000905"/>
 <frame number="00000906"/>
 <frame number="00000907"/>
 <frame number="00000908"/>
 <frame number="00000909"/>
 <frame number="00000910"/>
 <frame number="00000911"/>
 <frame number="00000912"/>
 <frame number="00000913"/>
 <frame number="00000914"/>
 <frame number="00000915"/>
 <frame number="00000916"/>
 <frame number="00000917"/>
 <frame number="00000918"/>
 <frame number="00000919"/>
 <frame number="00000920"/>
 <frame number="00000921"/>
 <frame number="00000922"/>
 <frame number="00000923"/>
 <frame number="00000924"/>
 <frame number="00000925"/>
 <frame number="00000926"/>
 <frame number="00000927"/>
 <frame number="00000928"/>
 <frame number="00000929"/>
 <frame number="00000930">
  <person id="0022">
   <leftEye x="539" y="163"/>
   <rightEye x="557" y="163"/>
  </person>
 </frame>
 <frame number="00000931">
  <person id="0022">
   <leftEye x="540" y="163"/>
   <rightEye x="557" y="163"/>
  </person>
 </frame>
 <frame number="00000932">
  <person id="0022">
   <leftEye x="541" y="162"/>
   <rightEye x="558" y="162"/>
  </person>
 </frame>
 <frame number="00000933">
  <person id="0022">
   <leftEye x="543" y="162"/>
   <rightEye x="559" y="162"/>
  </person>
 </frame>
 <frame number="00000934">
  <person id="0022">
   <leftEye x="544" y="161"/>
   <rightEye x="561" y="161"/>
  </person>
 </frame>
 <frame number="00000935">
  <person id="0022">
   <leftEye x="545" y="161"/>
   <rightEye x="562" y="161"/>
  </person>
 </frame>
 <frame number="00000936">
  <person id="0022">
   <leftEye x="547" y="161"/>
   <rightEye x="563" y="161"/>
  </person>
 </frame>
 <frame number="00000937">
  <person id="0022">
   <leftEye x="549" y="162"/>
   <rightEye x="565" y="162"/>
  </person>
 </frame>
 <frame number="00000938">
  <person id="0022">
   <leftEye x="551" y="165"/>
   <rightEye x="567" y="165"/>
  </person>
 </frame>
 <frame number="00000939">
  <person id="0022">
   <leftEye x="552" y="168"/>
   <rightEye x="568" y="169"/>
  </person>
 </frame>
 <frame number="00000940">
  <person id="0022">
   <leftEye x="553" y="173"/>
   <rightEye x="569" y="173"/>
  </person>
 </frame>
 <frame number="00000941">
  <person id="0022">
   <leftEye x="553" y="177"/>
   <rightEye x="570" y="177"/>
  </person>
 </frame>
 <frame number="00000942">
  <person id="0022">
   <leftEye x="553" y="181"/>
   <rightEye x="571" y="181"/>
  </person>
 </frame>
 <frame number="00000943">
  <person id="0022">
   <leftEye x="553" y="184"/>
   <rightEye x="571" y="184"/>
  </person>
 </frame>
 <frame number="00000944">
  <person id="0022">
   <leftEye x="552" y="186"/>
   <rightEye x="571" y="186"/>
  </person>
 </frame>
 <frame number="00000945">
  <person id="0022">
   <leftEye x="552" y="186"/>
   <rightEye x="571" y="186"/>
  </person>
 </frame>
 <frame number="00000946">
  <person id="0022">
   <leftEye x="552" y="186"/>
   <rightEye x="571" y="186"/>
  </person>
 </frame>
 <frame number="00000947">
  <person id="0022">
   <leftEye x="552" y="186"/>
   <rightEye x="572" y="186"/>
  </person>
 </frame>
 <frame number="00000948">
  <person id="0022">
   <leftEye x="554" y="185"/>
   <rightEye x="574" y="185"/>
  </person>
 </frame>
 <frame number="00000949">
  <person id="0022">
   <leftEye x="556" y="184"/>
   <rightEye x="576" y="184"/>
  </person>
 </frame>
 <frame number="00000950">
  <person id="0022">
   <leftEye x="558" y="184"/>
   <rightEye x="579" y="184"/>
  </person>
 </frame>
 <frame number="00000951">
  <person id="0022">
   <leftEye x="561" y="185"/>
   <rightEye x="582" y="185"/>
  </person>
 </frame>
 <frame number="00000952">
  <person id="0022">
   <leftEye x="564" y="187"/>
   <rightEye x="585" y="187"/>
  </person>
 </frame>
 <frame number="00000953">
  <person id="0022">
   <leftEye x="567" y="190"/>
   <rightEye x="589" y="190"/>
  </person>
 </frame>
 <frame number="00000954">
  <person id="0022">
   <leftEye x="570" y="195"/>
   <rightEye x="593" y="195"/>
  </person>
 </frame>
 <frame number="00000955">
  <person id="0022">
   <leftEye x="574" y="201"/>
   <rightEye x="597" y="201"/>
  </person>
 </frame>
 <frame number="00000956">
  <person id="0022">
   <leftEye x="578" y="206"/>
   <rightEye x="601" y="207"/>
  </person>
 </frame>
 <frame number="00000957">
  <person id="0022">
   <leftEye x="583" y="211"/>
   <rightEye x="606" y="213"/>
  </person>
 </frame>
 <frame number="00000958">
  <person id="0022">
   <leftEye x="588" y="216"/>
   <rightEye x="612" y="217"/>
  </person>
 </frame>
 <frame number="00000959">
  <person id="0022">
   <leftEye x="593" y="219"/>
   <rightEye x="618" y="220"/>
  </person>
 </frame>
 <frame number="00000960">
  <person id="0022">
   <leftEye x="599" y="221"/>
   <rightEye x="624" y="222"/>
  </person>
 </frame>
 <frame number="00000961">
  <person id="0022">
   <leftEye x="605" y="222"/>
   <rightEye x="630" y="223"/>
  </person>
 </frame>
 <frame number="00000962">
  <person id="0022">
   <leftEye x="610" y="223"/>
   <rightEye x="636" y="224"/>
  </person>
 </frame>
 <frame number="00000963">
  <person id="0022">
   <leftEye x="615" y="223"/>
   <rightEye x="642" y="224"/>
  </person>
 </frame>
 <frame number="00000964">
  <person id="0022">
   <leftEye x="620" y="224"/>
   <rightEye x="647" y="225"/>
  </person>
 </frame>
 <frame number="00000965">
  <person id="0022">
   <leftEye x="625" y="225"/>
   <rightEye x="653" y="226"/>
  </person>
 </frame>
 <frame number="00000966">
  <person id="0022">
   <leftEye x="630" y="227"/>
   <rightEye x="658" y="228"/>
  </person>
 </frame>
 <frame number="00000967">
  <person id="0022">
   <leftEye x="635" y="231"/>
   <rightEye x="664" y="232"/>
  </person>
 </frame>
 <frame number="00000968">
  <person id="0022">
   <leftEye x="640" y="237"/>
   <rightEye x="669" y="237"/>
  </person>
 </frame>
 <frame number="00000969">
  <person id="0022">
   <leftEye x="644" y="244"/>
   <rightEye x="674" y="244"/>
  </person>
 </frame>
 <frame number="00000970">
  <person id="0022">
   <leftEye x="648" y="254"/>
   <rightEye x="679" y="254"/>
  </person>
 </frame>
 <frame number="00000971">
  <person id="0022">
   <leftEye x="652" y="264"/>
   <rightEye x="683" y="264"/>
  </person>
 </frame>
 <frame number="00000972">
  <person id="0022">
   <leftEye x="656" y="273"/>
   <rightEye x="687" y="272"/>
  </person>
 </frame>
 <frame number="00000973">
  <person id="0022">
   <leftEye x="659" y="280"/>
   <rightEye x="691" y="279"/>
  </person>
 </frame>
 <frame number="00000974">
  <person id="0022">
   <leftEye x="662" y="285"/>
   <rightEye x="695" y="285"/>
  </person>
 </frame>
 <frame number="00000975">
  <person id="0022">
   <leftEye x="665" y="290"/>
   <rightEye x="700" y="290"/>
  </person>
 </frame>
 <frame number="00000976">
  <person id="0022">
   <leftEye x="669" y="294"/>
   <rightEye x="705" y="294"/>
  </person>
 </frame>
 <frame number="00000977">
  <person id="0022">
   <leftEye x="675" y="297"/>
   <rightEye x="711" y="296"/>
  </person>
 </frame>
 <frame number="00000978">
  <person id="0022">
   <leftEye x="681" y="299"/>
   <rightEye x="719" y="298"/>
  </person>
 </frame>
 <frame number="00000979">
  <person id="0022">
   <leftEye x="689" y="301"/>
   <rightEye x="728" y="300"/>
  </person>
 </frame>
 <frame number="00000980">
  <person id="0022">
   <leftEye x="697" y="304"/>
   <rightEye x="738" y="302"/>
  </person>
 </frame>
 <frame number="00000981">
  <person id="0022">
   <leftEye x="706" y="307"/>
   <rightEye x="748" y="305"/>
  </person>
 </frame>
 <frame number="00000982">
  <person id="0022">
   <leftEye x="715" y="313"/>
   <rightEye x="758" y="311"/>
  </person>
 </frame>
 <frame number="00000983">
  <person id="0022">
   <leftEye x="725" y="321"/>
   <rightEye x="768" y="320"/>
  </person>
 </frame>
 <frame number="00000984">
  <person id="0022">
   <leftEye x="734" y="333"/>
   <rightEye x="779" y="332"/>
  </person>
 </frame>
 <frame number="00000985">
  <person id="0022">
   <leftEye x="744" y="347"/>
   <rightEye x="792" y="346"/>
  </person>
 </frame>
 <frame number="00000986"/>
 <frame number="00000987"/>
 <frame number="00000988"/>
 <frame number="00000989"/>
 <frame number="00000990"/>
 <frame number="00000991"/>
 <frame number="00000992"/>
 <frame number="00000993"/>
 <frame number="00000994"/>
 <frame number="00000995"/>
 <frame number="00000996"/>
 <frame number="00000997"/>
 <frame number="00000998"/>
 <frame number="00000999"/>
 <frame number="00001000"/>
 <frame number="00001001"/>
 <frame number="00001002"/>
 <frame number="00001003"/>
 <frame number="00001004"/>
</dataset>
